emoji,name,category,rgi,file,url,width,height,bytes,sha256
😀,Smile,Smileys & Emotion,1f600,Smileys Emotion/smile__1f600.png,https://fonts.gstatic.com/s/e/noto3demoji/latest/1f600/512.png,512,512,158512,075a81ffc41667c4cdedfa5ec4e43cc188fcd38760b1af4101a2c82b1616be72
😃,Smile With Big Eyes,Smileys & Emotion,1f603,Smileys Emotion/smile-with-big-eyes__1f603.png,https://fonts.gstatic.com/s/e/noto3demoji/latest/1f603/512.png,512,512,171049,7cf2dc876542a9e7244742152a964eac8b8ba6e399dd2912066e718ee4033a92
😄,Grin,Smileys & Emotion,1f604,Smileys Emotion/grin__1f604.png,https://fonts.gstatic.com/s/e/noto3demoji/latest/1f604/512.png,512,512,156700,c9b7a45d41ec1ab79d171a8c7c7eb0a77725fb02ec927c6f832d66d1766593fb
😁,Grinning,Smileys & Emotion,1f601,Smileys Emotion/grinning__1f601.png,https://fonts.gstatic.com/s/e/noto3demoji/latest/1f601/512.png,512,512,160754,7e8fb0ce94ce01f0a02be7433a7ebb15869d1645b768f4332dcf3a8dacf35281
😆,Laughing,Smileys & Emotion,1f606,Smileys Emotion/laughing__1f606.png,https://fonts.gstatic.com/s/e/noto3demoji/latest/1f606/512.png,512,512,161889,f284d1a1c0acd1691b263e6bb7296a1257c08fe8c09a1260cd408078435106b3
😅,Grin Sweat,Smileys & Emotion,1f605,Smileys Emotion/grin-sweat__1f605.png,https://fonts.gstatic.com/s/e/noto3demoji/latest/1f605/512.png,512,512,166314,36954aba4f4d55187b194ee82ac12bc3d4d4cc1a606d9cd14ecc9f89e7d42d68
🤣,Rofl,Smileys & Emotion,1f923,Smileys Emotion/rofl__1f923.png,https://fonts.gstatic.com/s/e/noto3demoji/latest/1f923/512.png,512,512,186076,5075ff1ac797edea317d30a55bed96debc92856f48d53788557f53ecdea75ed4
😂,Joy,Smileys & Emotion,1f602,Smileys Emotion/joy__1f602.png,https://fonts.gstatic.com/s/e/noto3demoji/latest/1f602/512.png,512,512,190533,db725f05611f8cc7f9123bea632aacd385ccaa2cebfee00ae0386f4e9be9d33f
🙂,Slightly Happy,Smileys & Emotion,1f642,Smileys Emotion/slightly-happy__1f642.png,https://fonts.gstatic.com/s/e/noto3demoji/latest/1f642/512.png,512,512,158790,1673ed1656f21c97528364744628d7b71e5b8203984823b67edca0ab9924634e
🙃,Upside Down Face,Smileys & Emotion,1f643,Smileys Emotion/upside-down-face__1f643.png,https://fonts.gstatic.com/s/e/noto3demoji/latest/1f643/512.png,512,512,162257,f229dffcd3fcce415520a35349f2e6c79006c307ca2d6a9601d2b0e64fb8d731
🫠,Melting,Smileys & Emotion,1fae0,Smileys Emotion/melting__1fae0.png,https://fonts.gstatic.com/s/e/noto3demoji/latest/1fae0/512.png,512,512,170015,e281f79f4513fe5719b0d7a3f3094476ba2c18a398b9410c1b23a882db289abf
😉,Wink,Smileys & Emotion,1f609,Smileys Emotion/wink__1f609.png,https://fonts.gstatic.com/s/e/noto3demoji/latest/1f609/512.png,512,512,163078,cf072829d4c424cbeca99f04067386fb4abcbdd3c7a24414a7470cb7d79f2fa9
😊,Blush,Smileys & Emotion,1f60a,Smileys Emotion/blush__1f60a.png,https://fonts.gstatic.com/s/e/noto3demoji/latest/1f60a/512.png,512,512,146241,1ecf3367a12494f3dc4a62a34300f38b695a2f4f7e807b4149cb0754f99254e0
😇,Halo,Smileys & Emotion,1f607,Smileys Emotion/halo__1f607.png,https://fonts.gstatic.com/s/e/noto3demoji/latest/1f607/512.png,512,512,179628,62bc5735e79b97d26f9938c1dcd5d4b1d76c63b13797327651d3d4c4cd97fc2a
🥰,Heart Face,Smileys & Emotion,1f970,Smileys Emotion/heart-face__1f970.png,https://fonts.gstatic.com/s/e/noto3demoji/latest/1f970/512.png,512,512,187113,fffa5ef3eddbfc6fe0e01c98578410d2cdecfafebeddd0defec0404ca6f2de2f
😍,Heart Eyes,Smileys & Emotion,1f60d,Smileys Emotion/heart-eyes__1f60d.png,https://fonts.gstatic.com/s/e/noto3demoji/latest/1f60d/512.png,512,512,145780,3b688c5e68ab9f0efb3af625344d4d68712cf0c945e8d0992a195a0d906ff6bd
🤩,Star Struck,Smileys & Emotion,1f929,Smileys Emotion/star-struck__1f929.png,https://fonts.gstatic.com/s/e/noto3demoji/latest/1f929/512.png,512,512,166329,26ac84ba41d896aeda20c6bf37be706250c6864d0cf010f06cc6409d0826bc70
😘,Kissing Heart,Smileys & Emotion,1f618,Smileys Emotion/kissing-heart__1f618.png,https://fonts.gstatic.com/s/e/noto3demoji/latest/1f618/512.png,512,512,157866,66111e5bfe2fe79eb9b44e4c92c1d54870e6db89566cda5a26e116af2dc2fb0a
😗,Kissing,Smileys & Emotion,1f617,Smileys Emotion/kissing__1f617.png,https://fonts.gstatic.com/s/e/noto3demoji/latest/1f617/512.png,512,512,147067,eb82b800dbd240e1d7a434c0cde13c7502fd637ff5b1d1c40a3dd5a2615c8b87
☺,Warm Smile,Smileys & Emotion,263a,Smileys Emotion/warm-smile__263a.png,https://fonts.gstatic.com/s/e/noto3demoji/latest/263a/512.png,512,512,149317,35529bbcbccfddbf88f6a05de01bf1e3c5fd3308820d021367d15d2194ab910a
😚,Kissing Closed Eyes,Smileys & Emotion,1f61a,Smileys Emotion/kissing-closed-eyes__1f61a.png,https://fonts.gstatic.com/s/e/noto3demoji/latest/1f61a/512.png,512,512,151639,2f3794c7bbd59e65f0edb808c79e934f1fb618ee93419d837b1ef5f898565fd8
😙,Kissing Smiling Eyes,Smileys & Emotion,1f619,Smileys Emotion/kissing-smiling-eyes__1f619.png,https://fonts.gstatic.com/s/e/noto3demoji/latest/1f619/512.png,512,512,145127,7373252c3464f88ff593de4d9ef8c254c1a2e286fcd17679877f4923fcefe4d3
🥲,Happy Cry,Smileys & Emotion,1f972,Smileys Emotion/happy-cry__1f972.png,https://fonts.gstatic.com/s/e/noto3demoji/latest/1f972/512.png,512,512,168613,1fcdc97e3f56145e8f7b8fb43493efba33f822e6ebf5b212dd3ef9356efa0159
😋,Yum,Smileys & Emotion,1f60b,Smileys Emotion/yum__1f60b.png,https://fonts.gstatic.com/s/e/noto3demoji/latest/1f60b/512.png,512,512,172887,e4380bc0b54db1dd893cf023ad0e79942c54415b2204b2db31df7ed896a9d45c
😛,Stuck Out Tongue,Smileys & Emotion,1f61b,Smileys Emotion/stuck-out-tongue__1f61b.png,https://fonts.gstatic.com/s/e/noto3demoji/latest/1f61b/512.png,512,512,154508,c62c9cfebd75afb596b89dbcb065638ef8910b146d4709912fc78066ec7a5019
😜,Winky Tongue,Smileys & Emotion,1f61c,Smileys Emotion/winky-tongue__1f61c.png,https://fonts.gstatic.com/s/e/noto3demoji/latest/1f61c/512.png,512,512,175508,e1189cdf41ec3823713108e0faa03b73273f4642f6628ced190d553aaf09fa08
🤪,Zany Face,Smileys & Emotion,1f92a,Smileys Emotion/zany-face__1f92a.png,https://fonts.gstatic.com/s/e/noto3demoji/latest/1f92a/512.png,512,512,180157,d39fa9441d81060ea5e4f0768d8a832cb21b88c4d11c8bdb56032af1a7ed5391
😝,Squinting Tongue,Smileys & Emotion,1f61d,Smileys Emotion/squinting-tongue__1f61d.png,https://fonts.gstatic.com/s/e/noto3demoji/latest/1f61d/512.png,512,512,173817,47a163e699cd49d306f1d564796f951bfe40d6469b0f72732323196c648a59dd
🤑,Money Face,Smileys & Emotion,1f911,Smileys Emotion/money-face__1f911.png,https://fonts.gstatic.com/s/e/noto3demoji/latest/1f911/512.png,512,512,182807,473a3dcbc3393513169883631c94a38cfed620ecd1ddbcbfd70e96ab888d8182
🤗,Hug Face,Smileys & Emotion,1f917,Smileys Emotion/hug-face__1f917.png,https://fonts.gstatic.com/s/e/noto3demoji/latest/1f917/512.png,512,512,199187,af7c73ed3b19c3f14acd5376a4a188d78038a6f3c44e06508be108e1f4efb8d6
🤭,Smiling Eyes With Hand Over Mouth,Smileys & Emotion,1f92d,Smileys Emotion/smiling-eyes-with-hand-over-mouth__1f92d.png,https://fonts.gstatic.com/s/e/noto3demoji/latest/1f92d/512.png,512,512,196240,047c65ecd5e4ead2d7861dc6de309e3a44f3ad2530de4712fa89aa3d2d9dd83a
🫢,Hand Over Mouth,Smileys & Emotion,1fae2,Smileys Emotion/hand-over-mouth__1fae2.png,https://fonts.gstatic.com/s/e/noto3demoji/latest/1fae2/512.png,512,512,195597,b14f838711b9b4be47dddb6d9d23595afdc109bdbdbe70647c2c97c18e3655f9
🫣,Peeking,Smileys & Emotion,1fae3,Smileys Emotion/peeking__1fae3.png,https://fonts.gstatic.com/s/e/noto3demoji/latest/1fae3/512.png,512,512,210001,cada073c68e4ee655b27c9d0634b1bf7634300f26085f3a80c45255989679b38
🤫,Shushing Face,Smileys & Emotion,1f92b,Smileys Emotion/shushing-face__1f92b.png,https://fonts.gstatic.com/s/e/noto3demoji/latest/1f92b/512.png,512,512,181197,42ca211e6ea1e266bf2b07b0a8057e8c2ee0217bae2c030283a7fa18147687a9
🤔,Thinking Face,Smileys & Emotion,1f914,Smileys Emotion/thinking-face__1f914.png,https://fonts.gstatic.com/s/e/noto3demoji/latest/1f914/512.png,512,512,197427,88d1767a2c0ecc83f192914a0d22d6aa4cb51c249f8c6ca4d9aa3f7e1d781d37
🫡,Salute,Smileys & Emotion,1fae1,Smileys Emotion/salute__1fae1.png,https://fonts.gstatic.com/s/e/noto3demoji/latest/1fae1/512.png,512,512,182145,a1d9bfa69eb671e2bc1b3a0865e5263e8bb6915f6f0abd75099c84089b459302
🤐,Zipper Face,Smileys & Emotion,1f910,Smileys Emotion/zipper-face__1f910.png,https://fonts.gstatic.com/s/e/noto3demoji/latest/1f910/512.png,512,512,161944,10733120f6302d95b3c7b74d406630798eb8e97726a59fcb163d1748af559a15
🤨,Raised Eyebrow,Smileys & Emotion,1f928,Smileys Emotion/raised-eyebrow__1f928.png,https://fonts.gstatic.com/s/e/noto3demoji/latest/1f928/512.png,512,512,154260,0e3f91c8b3e572b76f4116073a8ac9e975bca1b58477a6f560f6656bc8a4bebb
😐,Neutral Face,Smileys & Emotion,1f610,Smileys Emotion/neutral-face__1f610.png,https://fonts.gstatic.com/s/e/noto3demoji/latest/1f610/512.png,512,512,142314,fa0859844b26f467271af9760b5c16cc92c185f924b01e5f6af8925218f21baa
😑,Expressionless,Smileys & Emotion,1f611,Smileys Emotion/expressionless__1f611.png,https://fonts.gstatic.com/s/e/noto3demoji/latest/1f611/512.png,512,512,136918,53112eab117f3a4e9248b5fd7683df59ff26aac4d5cf6267676a88cebde33603
😶,Mouth None,Smileys & Emotion,1f636,Smileys Emotion/mouth-none__1f636.png,https://fonts.gstatic.com/s/e/noto3demoji/latest/1f636/512.png,512,512,151758,1953fd9fc863e396ad9f9faad667da28ad23868baea856c636bdc8e04a0086f6
🫥,Dotted Line Face,Smileys & Emotion,1fae5,Smileys Emotion/dotted-line-face__1fae5.png,https://fonts.gstatic.com/s/e/noto3demoji/latest/1fae5/512.png,512,512,53256,cd10afb26d14e8b8dfa3e3b65daa4d87574f6fed36e1f67498584caed5be7cae
😶‍🌫,Face In Clouds,Smileys & Emotion,1f636_200d_1f32b,Smileys Emotion/face-in-clouds__1f636_200d_1f32b.png,https://fonts.gstatic.com/s/e/noto3demoji/latest/1f636_200d_1f32b/512.png,512,512,243803,b7bf4b5f3b5bba84cecdc939bdd937a36e0fedb60ab6f2166e072d691e37cd46
😏,Smirk,Smileys & Emotion,1f60f,Smileys Emotion/smirk__1f60f.png,https://fonts.gstatic.com/s/e/noto3demoji/latest/1f60f/512.png,512,512,161740,4ac4d6e1d7dd3db66e1cecd0231d64988a907ec52e6e9aa1418250e59c6d76f9
😒,Unamused,Smileys & Emotion,1f612,Smileys Emotion/unamused__1f612.png,https://fonts.gstatic.com/s/e/noto3demoji/latest/1f612/512.png,512,512,164757,30c8d8791eb7a7bb3664c753c48a009c1fbc70ce9f65da16ff06b617f9e605a2
🙄,Rolling Eyes,Smileys & Emotion,1f644,Smileys Emotion/rolling-eyes__1f644.png,https://fonts.gstatic.com/s/e/noto3demoji/latest/1f644/512.png,512,512,160759,473830b461286206dd63d26e848b6455e95c64976c98a0316e22539b924df55e
😬,Grimacing,Smileys & Emotion,1f62c,Smileys Emotion/grimacing__1f62c.png,https://fonts.gstatic.com/s/e/noto3demoji/latest/1f62c/512.png,512,512,167101,5b78403ae393eb8ef86ad95fd14e5382205ff0feb2c35c67905ad5a78d1619b8
😮‍💨,Exhale,Smileys & Emotion,1f62e_200d_1f4a8,Smileys Emotion/exhale__1f62e_200d_1f4a8.png,https://fonts.gstatic.com/s/e/noto3demoji/latest/1f62e_200d_1f4a8/512.png,512,512,169329,c1912ba5ac2c889d35d1c07c59c47e4924ac2ba2eb844182815d1edceef3d4d0
🤥,Liar,Smileys & Emotion,1f925,Smileys Emotion/liar__1f925.png,https://fonts.gstatic.com/s/e/noto3demoji/latest/1f925/512.png,512,512,146361,ea46d6299a81726162331dc2b77572de06632e1706357397d573d0915a873838
🫨,Shaking Face,Smileys & Emotion,1fae8,Smileys Emotion/shaking-face__1fae8.png,https://fonts.gstatic.com/s/e/noto3demoji/latest/1fae8/512.png,512,512,158900,b1f366634a570aa9643d84978f51910a756cf4a88ec1ac0f37cfc3da0fbe4d27
🙂‍↔,Head Shake,Smileys & Emotion,1f642_200d_2194,Smileys Emotion/head-shake__1f642_200d_2194.png,https://fonts.gstatic.com/s/e/noto3demoji/latest/1f642_200d_2194/512.png,512,512,144113,d3713e8f038cf485782b9538ea80b671cb3ef5a1ab4e6dfac65c26879608fdba
🙂‍↕,Head Nod,Smileys & Emotion,1f642_200d_2195,Smileys Emotion/head-nod__1f642_200d_2195.png,https://fonts.gstatic.com/s/e/noto3demoji/latest/1f642_200d_2195/512.png,512,512,152093,083f564a658ada5f6249450949961249a6bc23a014abd0988643095c290869fb
😌,Relieved,Smileys & Emotion,1f60c,Smileys Emotion/relieved__1f60c.png,https://fonts.gstatic.com/s/e/noto3demoji/latest/1f60c/512.png,512,512,150345,584d408acad561c47760a5cf4f66bf6ad506f5e731c8dfa402840ef356cfc051
😔,Pensive,Smileys & Emotion,1f614,Smileys Emotion/pensive__1f614.png,https://fonts.gstatic.com/s/e/noto3demoji/latest/1f614/512.png,512,512,148187,501f86920708316979901c5e073850de00b496c4f7cddbefed2cc16046b10aee
😪,Sleepy,Smileys & Emotion,1f62a,Smileys Emotion/sleepy__1f62a.png,https://fonts.gstatic.com/s/e/noto3demoji/latest/1f62a/512.png,512,512,173048,37688cf0be5c15240981262396d4d6ae8cfffada8c05aa4fbf61c3d4e2642baa
🤤,Drool,Smileys & Emotion,1f924,Smileys Emotion/drool__1f924.png,https://fonts.gstatic.com/s/e/noto3demoji/latest/1f924/512.png,512,512,162311,cbe9b640eee3e9daffcd25a1ea32ccb1366dcd656271784c8696d50b8d365a8b
😴,Sleep,Smileys & Emotion,1f634,Smileys Emotion/sleep__1f634.png,https://fonts.gstatic.com/s/e/noto3demoji/latest/1f634/512.png,512,512,182170,596d90effc7c6e9f084b6a059a6cf0956a79325915f3e9ef1a68cd39384d9222
🫩,Tired,Smileys & Emotion,1fae9,Smileys Emotion/tired__1fae9.png,https://fonts.gstatic.com/s/e/noto3demoji/latest/1fae9/512.png,512,512,174396,862d5361b64c0c6547d4ed8e9ef408054fddfbcf57c7e09c4760ffd10d5ec567
😷,Mask,Smileys & Emotion,1f637,Smileys Emotion/mask__1f637.png,https://fonts.gstatic.com/s/e/noto3demoji/latest/1f637/512.png,512,512,180671,2d2685950fd88b6399b98fa5e727baccb76747d1961dab0590f87e6abda3aed6
🤒,Thermometer Face,Smileys & Emotion,1f912,Smileys Emotion/thermometer-face__1f912.png,https://fonts.gstatic.com/s/e/noto3demoji/latest/1f912/512.png,512,512,184111,e31aeff7c9e6967909d8647ed4ee046276b817bb64db65bc3e55ee231540fca6
🤕,Bandage Face,Smileys & Emotion,1f915,Smileys Emotion/bandage-face__1f915.png,https://fonts.gstatic.com/s/e/noto3demoji/latest/1f915/512.png,512,512,174547,e7dfd60f40218373ac2a1dffebde770228b4cecc7661fff51ed6f17ba7b81ff9
🤢,Sick,Smileys & Emotion,1f922,Smileys Emotion/sick__1f922.png,https://fonts.gstatic.com/s/e/noto3demoji/latest/1f922/512.png,512,512,237472,aea090b378d3dc2cf1993e69f77862b78a28fa1737d6fcfbc399b434b0f18586
🤮,Vomit,Smileys & Emotion,1f92e,Smileys Emotion/vomit__1f92e.png,https://fonts.gstatic.com/s/e/noto3demoji/latest/1f92e/512.png,512,512,216225,7603d4930a4a7035ec617ff2812afd1df9b8d427a3331af92bb1b5c675c2d49f
🤧,Sneeze,Smileys & Emotion,1f927,Smileys Emotion/sneeze__1f927.png,https://fonts.gstatic.com/s/e/noto3demoji/latest/1f927/512.png,512,512,185154,74b9240afeb9f5061163d12e3af8e4d4167dfe4af8895a746972d56aed1b8384
🥵,Hot Face,Smileys & Emotion,1f975,Smileys Emotion/hot-face__1f975.png,https://fonts.gstatic.com/s/e/noto3demoji/latest/1f975/512.png,512,512,156024,6f7e07205c78ed789f1fade7124060c0560bd84d3c318e13eac53a847f68f519
🥶,Cold Face,Smileys & Emotion,1f976,Smileys Emotion/cold-face__1f976.png,https://fonts.gstatic.com/s/e/noto3demoji/latest/1f976/512.png,512,512,212950,a5f952ad1a50c8e0117d653b723a7550db2d1bdee641d9a6da7c0e18ad2c0482
🥴,Woozy,Smileys & Emotion,1f974,Smileys Emotion/woozy__1f974.png,https://fonts.gstatic.com/s/e/noto3demoji/latest/1f974/512.png,512,512,174112,46b7015fad3fe2da8c1cd2c329e6a341cca9f6a4ad98e7df433ada6f4d7e0891
😵,X Eyes,Smileys & Emotion,1f635,Smileys Emotion/x-eyes__1f635.png,https://fonts.gstatic.com/s/e/noto3demoji/latest/1f635/512.png,512,512,170386,0a73390788726007858f396e0a11eeb8f315cafc40e76a2dbb3e361f73aea481
😵‍💫,Dizzy Face,Smileys & Emotion,1f635_200d_1f4ab,Smileys Emotion/dizzy-face__1f635_200d_1f4ab.png,https://fonts.gstatic.com/s/e/noto3demoji/latest/1f635_200d_1f4ab/512.png,512,512,178529,ad2c1c3f490c7a4693cc55dfa74bf62b53befe759ace96c9b001ed6ebf15e34f
🤯,Mind Blown,Smileys & Emotion,1f92f,Smileys Emotion/mind-blown__1f92f.png,https://fonts.gstatic.com/s/e/noto3demoji/latest/1f92f/512.png,512,512,187910,5cfdab1da445026e5ce2ef2129c3fa8665405cf58fec33ee0bef0d6830c68e1c
🤠,Cowboy,Smileys & Emotion,1f920,Smileys Emotion/cowboy__1f920.png,https://fonts.gstatic.com/s/e/noto3demoji/latest/1f920/512.png,512,512,190475,1403f0558294c5aab710e0c974d9370f734a930828d60bea8da8b2578d3ba696
🥳,Partying Face,Smileys & Emotion,1f973,Smileys Emotion/partying-face__1f973.png,https://fonts.gstatic.com/s/e/noto3demoji/latest/1f973/512.png,512,512,165499,19fd1fd22acddff4b5047c010f7a93d016fd7d94967b232b1082e56fe68045f3
🥸,Disguise,Smileys & Emotion,1f978,Smileys Emotion/disguise__1f978.png,https://fonts.gstatic.com/s/e/noto3demoji/latest/1f978/512.png,512,512,166702,59876f80d28cd7fce5a71090b1b54b82e562d5ed3b8c79d16ee3ff2aae6b7332
😎,Sunglasses Face,Smileys & Emotion,1f60e,Smileys Emotion/sunglasses-face__1f60e.png,https://fonts.gstatic.com/s/e/noto3demoji/latest/1f60e/512.png,512,512,149576,6f6109f5813cd76ea4526dd7c6ccfd9d0ae50a39f9507f52aad7afa4c7e10185
🤓,Nerd Face,Smileys & Emotion,1f913,Smileys Emotion/nerd-face__1f913.png,https://fonts.gstatic.com/s/e/noto3demoji/latest/1f913/512.png,512,512,191058,c03e0080ec65dbaf95e6aecfc5d00ed63405216979a3da8c82b59eda9ae9f99b
🧐,Monocle,Smileys & Emotion,1f9d0,Smileys Emotion/monocle__1f9d0.png,https://fonts.gstatic.com/s/e/noto3demoji/latest/1f9d0/512.png,512,512,198792,003ef33f21f3d74ed73b725b770dfdaa5c5e84d9f498a24f6343ee536b3f03fc
😕,Slightly Frowning,Smileys & Emotion,1f615,Smileys Emotion/slightly-frowning__1f615.png,https://fonts.gstatic.com/s/e/noto3demoji/latest/1f615/512.png,512,512,147981,1b74f4db1befbf09b8bac4e2328d9e4e7334f9815e5ecd168ae3ae2e316c7e10
🫤,Diagonal Mouth,Smileys & Emotion,1fae4,Smileys Emotion/diagonal-mouth__1fae4.png,https://fonts.gstatic.com/s/e/noto3demoji/latest/1fae4/512.png,512,512,147518,18a9167a710b418ed56131c1e53810d98eab80d5024cb297b1b10e68ebce8451
😟,Worried,Smileys & Emotion,1f61f,Smileys Emotion/worried__1f61f.png,https://fonts.gstatic.com/s/e/noto3demoji/latest/1f61f/512.png,512,512,162873,eb45fc29120e2ee5e86e4a29dc56723973a860190e9133f5e55795447a6dff2a
🙁,Frown,Smileys & Emotion,1f641,Smileys Emotion/frown__1f641.png,https://fonts.gstatic.com/s/e/noto3demoji/latest/1f641/512.png,512,512,172625,52a0eaaa7c473fcf606315496f0928355e2f24cd0d8841fc659cd65aacdfe258
☹,Big Frown,Smileys & Emotion,2639,Smileys Emotion/big-frown__2639.png,https://fonts.gstatic.com/s/e/noto3demoji/latest/2639/512.png,512,512,149736,3e37d9ad237043901c8b0065a2603c6c07e9b39d009dc26f14513d72e700c6b7
😮,Mouth Open,Smileys & Emotion,1f62e,Smileys Emotion/mouth-open__1f62e.png,https://fonts.gstatic.com/s/e/noto3demoji/latest/1f62e/512.png,512,512,160004,6df36a9c2b2aaf912fcb79091c0ad25ead00618927c93f1636d7c0b62c50f827
😯,Surprised,Smileys & Emotion,1f62f,Smileys Emotion/surprised__1f62f.png,https://fonts.gstatic.com/s/e/noto3demoji/latest/1f62f/512.png,512,512,164546,4afaed942492af006ffa9ed1d4004ec24de044ea900ce461c2cfc362f8f965fb
😲,Astonished,Smileys & Emotion,1f632,Smileys Emotion/astonished__1f632.png,https://fonts.gstatic.com/s/e/noto3demoji/latest/1f632/512.png,512,512,161751,397ef694e32771a3496d18a56578b77f98a2845f870cfb4f7d19b0a22592a98d
😳,Flushed,Smileys & Emotion,1f633,Smileys Emotion/flushed__1f633.png,https://fonts.gstatic.com/s/e/noto3demoji/latest/1f633/512.png,512,512,179125,9a3b1bb1b2855804c2d3927b1a8e61161a11eabbc9575cadff67a75de094e52e
🫪,Distorted Face,Smileys & Emotion,1faea,Smileys Emotion/distorted-face__1faea.png,https://fonts.gstatic.com/s/e/noto3demoji/latest/1faea/512.png,512,512,176959,7a1b24a143b58fc8d9e4064eadd2b33aaa03bdd6033d28e8192afadd1ce80b56
🥺,Pleading,Smileys & Emotion,1f97a,Smileys Emotion/pleading__1f97a.png,https://fonts.gstatic.com/s/e/noto3demoji/latest/1f97a/512.png,512,512,172362,e6305a79fe2f08481519686a4f93ccadcc706e83a04ac1a96c0140f890146814
🥹,Holding Back Tears,Smileys & Emotion,1f979,Smileys Emotion/holding-back-tears__1f979.png,https://fonts.gstatic.com/s/e/noto3demoji/latest/1f979/512.png,512,512,175052,012bf7e70eeb229d892d19aa6e31279646be05956101c3934a7f4ecc4dd5c48b
😦,Gasp,Smileys & Emotion,1f626,Smileys Emotion/gasp__1f626.png,https://fonts.gstatic.com/s/e/noto3demoji/latest/1f626/512.png,512,512,157481,aa420930a4b25be9bc1a35523a0832ab0a3a175efc2c03240fb59142e013f2a7
😧,Anguished,Smileys & Emotion,1f627,Smileys Emotion/anguished__1f627.png,https://fonts.gstatic.com/s/e/noto3demoji/latest/1f627/512.png,512,512,165335,9adf39c9485f8b30000ae4a764b961e0d2c19653a3a79fb5bb19505a38feceba
😨,Scared,Smileys & Emotion,1f628,Smileys Emotion/scared__1f628.png,https://fonts.gstatic.com/s/e/noto3demoji/latest/1f628/512.png,512,512,180257,0d09bbde7ef608d36248ce8db06a764a9f855da6b21b35494930a21a35ad7745
😰,Anxious With Sweat,Smileys & Emotion,1f630,Smileys Emotion/anxious-with-sweat__1f630.png,https://fonts.gstatic.com/s/e/noto3demoji/latest/1f630/512.png,512,512,178360,1d2002398fd9325927943a53a06ec6cc07ce29252c94065ff9505ff89948ea6a
😥,Concerned,Smileys & Emotion,1f625,Smileys Emotion/concerned__1f625.png,https://fonts.gstatic.com/s/e/noto3demoji/latest/1f625/512.png,512,512,176807,9d1bf279079334c14117460682bcc8a7fa4cf2202d9959c0c83bd4852ead9ae9
😢,Cry,Smileys & Emotion,1f622,Smileys Emotion/cry__1f622.png,https://fonts.gstatic.com/s/e/noto3demoji/latest/1f622/512.png,512,512,164002,df53b00b06bf51ecbe665118446cec7e5ebc9b1f448c1ec3451c7dac7d357e2e
😭,Loudly Crying,Smileys & Emotion,1f62d,Smileys Emotion/loudly-crying__1f62d.png,https://fonts.gstatic.com/s/e/noto3demoji/latest/1f62d/512.png,512,512,196132,1423745c700d2f4bf44410b132d27a7bdf12b08c5cf73db71fbd1600c574dec0
😱,Screaming,Smileys & Emotion,1f631,Smileys Emotion/screaming__1f631.png,https://fonts.gstatic.com/s/e/noto3demoji/latest/1f631/512.png,512,512,198866,8e66b12632e3120a1ec2f4ff50073a2fd929965d61006ef5ff44b9dfd71f0314
😖,Scrunched Mouth,Smileys & Emotion,1f616,Smileys Emotion/scrunched-mouth__1f616.png,https://fonts.gstatic.com/s/e/noto3demoji/latest/1f616/512.png,512,512,166008,1164b0f04cfc79ccd09c99a72c6f6713f14e6f90f76933e363c8eaf583f80b8e
😣,Scrunched Eyes,Smileys & Emotion,1f623,Smileys Emotion/scrunched-eyes__1f623.png,https://fonts.gstatic.com/s/e/noto3demoji/latest/1f623/512.png,512,512,165713,f87a503582953e22358dfc4a9d4b33f980f7a8c8aacf4817e168eeebc266497e
😞,Sad,Smileys & Emotion,1f61e,Smileys Emotion/sad__1f61e.png,https://fonts.gstatic.com/s/e/noto3demoji/latest/1f61e/512.png,512,512,142816,ae059d86cc90d6ea9c3389eab4ba748aae77030e1e792d037b96c783c7282b6f
😓,Sweat,Smileys & Emotion,1f613,Smileys Emotion/sweat__1f613.png,https://fonts.gstatic.com/s/e/noto3demoji/latest/1f613/512.png,512,512,151975,9dba074e753d3f333ad31e1f16cc302bc14b20e1371b92dc1571d0e97fabf210
😩,Weary,Smileys & Emotion,1f629,Smileys Emotion/weary__1f629.png,https://fonts.gstatic.com/s/e/noto3demoji/latest/1f629/512.png,512,512,159262,e8407efb955409842d9312c4a57a7f34127212d9f18e615c6797c9679dadde7c
😫,Distraught,Smileys & Emotion,1f62b,Smileys Emotion/distraught__1f62b.png,https://fonts.gstatic.com/s/e/noto3demoji/latest/1f62b/512.png,512,512,163227,0f2378c507b58a2f056a3e661db8d96270fb9efc38a4d883c475d90b6687a584
🥱,Yawn,Smileys & Emotion,1f971,Smileys Emotion/yawn__1f971.png,https://fonts.gstatic.com/s/e/noto3demoji/latest/1f971/512.png,512,512,199112,ce098b6464a3e5d56471bfa2a11b4da1377c988590d1574dfa29a9def7c9f278
😤,Triumph,Smileys & Emotion,1f624,Smileys Emotion/triumph__1f624.png,https://fonts.gstatic.com/s/e/noto3demoji/latest/1f624/512.png,512,512,181618,f46e0d51265e5509132898e912085120717245c12c432d0724247c98fe082bf1
😡,Rage,Smileys & Emotion,1f621,Smileys Emotion/rage__1f621.png,https://fonts.gstatic.com/s/e/noto3demoji/latest/1f621/512.png,512,512,155117,498faabb66f7eab8c72c6c699105f7bff5c8ebab994d4aa1981d3580bd204c5b
😠,Angry,Smileys & Emotion,1f620,Smileys Emotion/angry__1f620.png,https://fonts.gstatic.com/s/e/noto3demoji/latest/1f620/512.png,512,512,157627,a9f4ab16f952e104c9e58a2390a02ab93e13e190d6042c5dfd53317e8abbb3ba
🤬,Cursing,Smileys & Emotion,1f92c,Smileys Emotion/cursing__1f92c.png,https://fonts.gstatic.com/s/e/noto3demoji/latest/1f92c/512.png,512,512,131439,1c299af3b3e090aa74fa11637e5000ba37546b2bbf45d1c6be4c586b458d8d67
😈,Imp Smile,Smileys & Emotion,1f608,Smileys Emotion/imp-smile__1f608.png,https://fonts.gstatic.com/s/e/noto3demoji/latest/1f608/512.png,512,512,222496,621f8df8d9a51c6ab0ce1bd60ba612972812dcf03602a7cefc13f73a26b95698
👿,Imp Frown,Smileys & Emotion,1f47f,Smileys Emotion/imp-frown__1f47f.png,https://fonts.gstatic.com/s/e/noto3demoji/latest/1f47f/512.png,512,512,222946,52b08e9e2d58c23d644c7f191513152e0f2ce8d88070815f795a5a2469c937e9
💀,Skull,Smileys & Emotion,1f480,Smileys Emotion/skull__1f480.png,https://fonts.gstatic.com/s/e/noto3demoji/latest/1f480/512.png,512,512,188834,07ff3641e1f7415b21874a4e89d2543fe8efeef1ebc714993d59de1c4f756275
☠,Skull And Crossbones,Smileys & Emotion,2620,Smileys Emotion/skull-and-crossbones__2620.png,https://fonts.gstatic.com/s/e/noto3demoji/latest/2620/512.png,512,512,190705,d431c21b221109849d72a77a02f8b8e196360a750af000fb3ace7bad52c61d4b
💩,Poop,Smileys & Emotion,1f4a9,Smileys Emotion/poop__1f4a9.png,https://fonts.gstatic.com/s/e/noto3demoji/latest/1f4a9/512.png,512,512,206899,f90d7c690332da66bd9a02b65b268983a759aa92fed0b9aa32d3309d0ceb0fb2
🤡,Clown,Smileys & Emotion,1f921,Smileys Emotion/clown__1f921.png,https://fonts.gstatic.com/s/e/noto3demoji/latest/1f921/512.png,512,512,223154,e922696d475cde1016f84ab91cb05d394796a02d7a4c44cee9aa4395fcc49a4e
👹,Ogre,Smileys & Emotion,1f479,Smileys Emotion/ogre__1f479.png,https://fonts.gstatic.com/s/e/noto3demoji/latest/1f479/512.png,512,512,230553,d6d603442a493e05a8cb88c738c4768dbc1b6283ca2a23c8b550bfa43da20763
👺,Goblin,Smileys & Emotion,1f47a,Smileys Emotion/goblin__1f47a.png,https://fonts.gstatic.com/s/e/noto3demoji/latest/1f47a/512.png,512,512,235166,21270d02431ffeab0eceb73a5deac24da7c3224dd5fa14e1a137cc7705a5e147
👻,Ghost,Smileys & Emotion,1f47b,Smileys Emotion/ghost__1f47b.png,https://fonts.gstatic.com/s/e/noto3demoji/latest/1f47b/512.png,512,512,160873,f97ee6f92fb91183cd1d46ae13d404724555535678822dddd8ddd903f0a47204
👽,Alien,Smileys & Emotion,1f47d,Smileys Emotion/alien__1f47d.png,https://fonts.gstatic.com/s/e/noto3demoji/latest/1f47d/512.png,512,512,154426,410bcdf7687b9ddb9f7016e5727551f623b1e2c7a41c1492a93f57fd25655864
👾,Alien Monster,Smileys & Emotion,1f47e,Smileys Emotion/alien-monster__1f47e.png,https://fonts.gstatic.com/s/e/noto3demoji/latest/1f47e/512.png,512,512,121828,bac94769e5c885b9484eb05ce73d8c13eefb63189d340e0b0b4a5761eb9b300e
🤖,Robot,Smileys & Emotion,1f916,Smileys Emotion/robot__1f916.png,https://fonts.gstatic.com/s/e/noto3demoji/latest/1f916/512.png,512,512,144875,9929374be1359577da0f6824a3421e7b61e9e66f474d04b0ae755b67d3880505
😺,Smiley Cat,Smileys & Emotion,1f63a,Smileys Emotion/smiley-cat__1f63a.png,https://fonts.gstatic.com/s/e/noto3demoji/latest/1f63a/512.png,512,512,112273,367ff5e7c92138ff18dea83c27a26b38ee863a84ce90ad1f09e0481e9c8624f0
😸,Smile Cat,Smileys & Emotion,1f638,Smileys Emotion/smile-cat__1f638.png,https://fonts.gstatic.com/s/e/noto3demoji/latest/1f638/512.png,512,512,131075,d98b20c888794a87c17919aae3fab090c481ce33abccaf49c1860495812a7f7a
😹,Joy Cat,Smileys & Emotion,1f639,Smileys Emotion/joy-cat__1f639.png,https://fonts.gstatic.com/s/e/noto3demoji/latest/1f639/512.png,512,512,143195,10bc8772c86484e3cfb553ba4508d21443fa368d45e1d70ed08700f10a560bf1
😻,Heart Eyes Cat,Smileys & Emotion,1f63b,Smileys Emotion/heart-eyes-cat__1f63b.png,https://fonts.gstatic.com/s/e/noto3demoji/latest/1f63b/512.png,512,512,126166,90db54e00c339dfe565381849b952fdfd1975b9ae3bd6988e99d454d54ae8c49
😼,Smirk Cat,Smileys & Emotion,1f63c,Smileys Emotion/smirk-cat__1f63c.png,https://fonts.gstatic.com/s/e/noto3demoji/latest/1f63c/512.png,512,512,121045,3c5faef987babcb6d373625467a584e054fa0300800ca792107de121c6a24582
😽,Kissing Cat,Smileys & Emotion,1f63d,Smileys Emotion/kissing-cat__1f63d.png,https://fonts.gstatic.com/s/e/noto3demoji/latest/1f63d/512.png,512,512,110085,7937f8d0f6157f183ca23c4afe893e36ff70c5d9d240735176ca37953e06051e
🙀,Scream Cat,Smileys & Emotion,1f640,Smileys Emotion/scream-cat__1f640.png,https://fonts.gstatic.com/s/e/noto3demoji/latest/1f640/512.png,512,512,150230,7b169dac7f86a224ec471e6cd0d199fcd8ed49971d80ab7930520e1edd9f1e33
😿,Crying Cat Face,Smileys & Emotion,1f63f,Smileys Emotion/crying-cat-face__1f63f.png,https://fonts.gstatic.com/s/e/noto3demoji/latest/1f63f/512.png,512,512,133930,4c0224e6cc25bce473dd227da58c4f16a16076c6a54207d33cd0d3edf40a7255
😾,Pouting Cat,Smileys & Emotion,1f63e,Smileys Emotion/pouting-cat__1f63e.png,https://fonts.gstatic.com/s/e/noto3demoji/latest/1f63e/512.png,512,512,128678,4f303892989d1c146d93941c13cbede7f3772495bf9e7369aecaf3c5b909be27
🙈,See No Evil Monkey,Smileys & Emotion,1f648,Smileys Emotion/see-no-evil-monkey__1f648.png,https://fonts.gstatic.com/s/e/noto3demoji/latest/1f648/512.png,512,512,212237,9b195759fd69703d0238921f00b87aaf685c98187d0777d33b9eee657c109458
🙉,Hear No Evil Monkey,Smileys & Emotion,1f649,Smileys Emotion/hear-no-evil-monkey__1f649.png,https://fonts.gstatic.com/s/e/noto3demoji/latest/1f649/512.png,512,512,208021,95c787d3ead07968192de83660707dc61a13279d607b5d4fd23ce03c8fd6b451
🙊,Speak No Evil Monkey,Smileys & Emotion,1f64a,Smileys Emotion/speak-no-evil-monkey__1f64a.png,https://fonts.gstatic.com/s/e/noto3demoji/latest/1f64a/512.png,512,512,205902,e067caba2cc7cb4bf938556d51af17ca1ee01d565dcd93b2455065a80cfd85a4
💋,Kiss,Smileys & Emotion,1f48b,Smileys Emotion/kiss__1f48b.png,https://fonts.gstatic.com/s/e/noto3demoji/latest/1f48b/512.png,512,512,179892,d2e08e8ef405bf249bfa67fd1899a46db7c637de5da52900d29a12f4aa94d17a
💢,Anger,Smileys & Emotion,1f4a2,Smileys Emotion/anger__1f4a2.png,https://fonts.gstatic.com/s/e/noto3demoji/latest/1f4a2/512.png,512,512,143346,e75e75896dabba72203f7f1a2bc37b00a2e67dd3eef9909edb185257424aa5a4
🫯,Fight,Smileys & Emotion,1faef,Smileys Emotion/fight__1faef.png,https://fonts.gstatic.com/s/e/noto3demoji/latest/1faef/512.png,512,512,167197,3e1cf4eca7f46052fd58ca958f14e5015aea4627d0ff9ef81a096f71455abd55
💥,Collision,Smileys & Emotion,1f4a5,Smileys Emotion/collision__1f4a5.png,https://fonts.gstatic.com/s/e/noto3demoji/latest/1f4a5/512.png,512,512,109466,4b0d99ebdcb057712e85a8e82554d7b26ea0a39c83f74e84b8f5fce9431aaaa1
💫,Dizzy,Smileys & Emotion,1f4ab,Smileys Emotion/dizzy__1f4ab.png,https://fonts.gstatic.com/s/e/noto3demoji/latest/1f4ab/512.png,512,512,114075,79a7f7ed47a696cc24c621c5616be3bc173eef889db35bc80fe9d64dea698906
💦,Sweat Droplets,Smileys & Emotion,1f4a6,Smileys Emotion/sweat-droplets__1f4a6.png,https://fonts.gstatic.com/s/e/noto3demoji/latest/1f4a6/512.png,512,512,133808,37c7c164514a0b499143b54f32d51b2a3773061817e7d8956b80e52a5f382b33
💨,Dash,Smileys & Emotion,1f4a8,Smileys Emotion/dash__1f4a8.png,https://fonts.gstatic.com/s/e/noto3demoji/latest/1f4a8/512.png,512,512,122620,7b9f6dc7dd520e40aa1fb256e2558b1fa88e68f254bb424fc8208a2369d0ab99
💬,Speech Bubble,Smileys & Emotion,1f4ac,Smileys Emotion/speech-bubble__1f4ac.png,https://fonts.gstatic.com/s/e/noto3demoji/latest/1f4ac/512.png,512,512,109284,b1b9f479f1fa9638d902131b93050d21319a828fb7ff9dfe9a246736cda67484
👁‍🗨,Eye Bubble,Smileys & Emotion,1f441_200d_1f5e8,Smileys Emotion/eye-bubble__1f441_200d_1f5e8.png,https://fonts.gstatic.com/s/e/noto3demoji/latest/1f441_200d_1f5e8/512.png,512,512,121070,b172c5a34f093425a289aefe72b91b39f0ae2e9baa0be982a0119e0a4347fad0
🗨,Speech Bubble Leftwards,Smileys & Emotion,1f5e8,Smileys Emotion/speech-bubble-leftwards__1f5e8.png,https://fonts.gstatic.com/s/e/noto3demoji/latest/1f5e8/512.png,512,512,99721,55aad252d1d040e8c07e9077adefb157773c4bc836ef306e6345deea291e18fd
🗯,Anger Bubble,Smileys & Emotion,1f5ef,Smileys Emotion/anger-bubble__1f5ef.png,https://fonts.gstatic.com/s/e/noto3demoji/latest/1f5ef/512.png,512,512,91225,7abc8f98ffefd25af3575e80fa21b536daa71058adf0e298af602d6ccd37a472
💭,Thought Bubble,Smileys & Emotion,1f4ad,Smileys Emotion/thought-bubble__1f4ad.png,https://fonts.gstatic.com/s/e/noto3demoji/latest/1f4ad/512.png,512,512,92680,e4c2925fd1dff232b407b6ee9eccae91e3fdc19607ed4c112d1fa523215cb1de
💤,Zzz,Smileys & Emotion,1f4a4,Smileys Emotion/zzz__1f4a4.png,https://fonts.gstatic.com/s/e/noto3demoji/latest/1f4a4/512.png,512,512,86305,ff9160a6c085ad168be9f6e032d431280b3886e1b280a05a81e847104f582083
👋,Wave,People & Body,1f44b,People Body/wave__1f44b.png,https://fonts.gstatic.com/s/e/noto3demoji/latest/1f44b/512.png,512,512,141843,8e0ea5ebb3b5093dad253ee5bf018ff23551e6ae174559875cc2d14eb51bd7fc
👋🏻,Wave,People & Body,1f44b_1f3fb,People Body/wave__1f44b_1f3fb.png,https://fonts.gstatic.com/s/e/noto3demoji/latest/1f44b_1f3fb/512.png,512,512,202873,6661d31f395e3dac36f32ba528d88fa4204589e8940752ee578ef595803307f7
👋🏼,Wave,People & Body,1f44b_1f3fc,People Body/wave__1f44b_1f3fc.png,https://fonts.gstatic.com/s/e/noto3demoji/latest/1f44b_1f3fc/512.png,512,512,169250,dcbde1202f51dab988a0262e17906d67da2363c50106a289eef11a080023d58d
👋🏽,Wave,People & Body,1f44b_1f3fd,People Body/wave__1f44b_1f3fd.png,https://fonts.gstatic.com/s/e/noto3demoji/latest/1f44b_1f3fd/512.png,512,512,173142,f902da617319f643529c31564e8e2f2337c988478d58b65252e5ee0dfa153349
👋🏾,Wave,People & Body,1f44b_1f3fe,People Body/wave__1f44b_1f3fe.png,https://fonts.gstatic.com/s/e/noto3demoji/latest/1f44b_1f3fe/512.png,512,512,164305,07b76603834cc471a9fb8a0d9051ed3f7d93214a823e9b6d160bc5210f5d9e5b
👋🏿,Wave,People & Body,1f44b_1f3ff,People Body/wave__1f44b_1f3ff.png,https://fonts.gstatic.com/s/e/noto3demoji/latest/1f44b_1f3ff/512.png,512,512,167615,bbe483d83cffe35dfa8bb526bb22ff38eee6e2d71fd7dadf2d981e506eff180b
🤚,Back Hand,People & Body,1f91a,People Body/back-hand__1f91a.png,https://fonts.gstatic.com/s/e/noto3demoji/latest/1f91a/512.png,512,512,112836,b1613148ff3792470eda36957975eef6b443ce4617776775006312cab38c461e
🤚🏻,Back Hand,People & Body,1f91a_1f3fb,People Body/back-hand__1f91a_1f3fb.png,https://fonts.gstatic.com/s/e/noto3demoji/latest/1f91a_1f3fb/512.png,512,512,166863,18664b4b1b1b45c4e58ed3a37c41041bf4edd458ed9011afef7fe9648c2f03dd
🤚🏼,Back Hand,People & Body,1f91a_1f3fc,People Body/back-hand__1f91a_1f3fc.png,https://fonts.gstatic.com/s/e/noto3demoji/latest/1f91a_1f3fc/512.png,512,512,135108,f3d0f243375dc438a46218994b00071d9e276489921d66c19d398cf94fca3c97
🤚🏽,Back Hand,People & Body,1f91a_1f3fd,People Body/back-hand__1f91a_1f3fd.png,https://fonts.gstatic.com/s/e/noto3demoji/latest/1f91a_1f3fd/512.png,512,512,133699,ed5745a79389eba5ee9132ed9967a95920b08fd6a5c6da4c02c8f3d421884bcf
🤚🏾,Back Hand,People & Body,1f91a_1f3fe,People Body/back-hand__1f91a_1f3fe.png,https://fonts.gstatic.com/s/e/noto3demoji/latest/1f91a_1f3fe/512.png,512,512,124044,b3e5d986ee60088fb526719ba4394971605e4e0e63aaf0f3cb2093890e9d6881
🤚🏿,Back Hand,People & Body,1f91a_1f3ff,People Body/back-hand__1f91a_1f3ff.png,https://fonts.gstatic.com/s/e/noto3demoji/latest/1f91a_1f3ff/512.png,512,512,134939,08c8144a2b9d5d4c2e131823df569aaee71e363434a2580be5d40fd409ae8bf3
🖐,Palm,People & Body,1f590,People Body/palm__1f590.png,https://fonts.gstatic.com/s/e/noto3demoji/latest/1f590/512.png,512,512,123829,a0afd1ff32ad8b904ab3e86a1fe8a4a55709e2a235ba04c7d650d3ebc5588971
🖐🏻,Palm,People & Body,1f590_1f3fb,People Body/palm__1f590_1f3fb.png,https://fonts.gstatic.com/s/e/noto3demoji/latest/1f590_1f3fb/512.png,512,512,179592,d752cdd8037a1495d00e9b2c37587785d9ba98eacce4189a7f48f70a721a0e6c
🖐🏼,Palm,People & Body,1f590_1f3fc,People Body/palm__1f590_1f3fc.png,https://fonts.gstatic.com/s/e/noto3demoji/latest/1f590_1f3fc/512.png,512,512,148754,1b49fba75c4dac9d5da07b220a4dd3ebb7c95d5f4d149abcd2d7d0587bf18d15
🖐🏽,Palm,People & Body,1f590_1f3fd,People Body/palm__1f590_1f3fd.png,https://fonts.gstatic.com/s/e/noto3demoji/latest/1f590_1f3fd/512.png,512,512,151129,d38de1bc067ada8868cad653825c0cc732be546f68885b57d986925a8d4a6617
🖐🏾,Palm,People & Body,1f590_1f3fe,People Body/palm__1f590_1f3fe.png,https://fonts.gstatic.com/s/e/noto3demoji/latest/1f590_1f3fe/512.png,512,512,144023,0226f2522053155b81d1e37ffd5180a7aae3263d90be4b4056ff01c671e80a39
🖐🏿,Palm,People & Body,1f590_1f3ff,People Body/palm__1f590_1f3ff.png,https://fonts.gstatic.com/s/e/noto3demoji/latest/1f590_1f3ff/512.png,512,512,140237,f61d43355b38b0eb78c3eb041dd0a09ad72875b49b043912e5cc1756f379e869
✋,Raised Hand,People & Body,270b,People Body/raised-hand__270b.png,https://fonts.gstatic.com/s/e/noto3demoji/latest/270b/512.png,512,512,114347,0ec84603c21c6cc29cb3daf4b7d853982a2d0274331b2a1b90d059f89283dd5e
✋🏻,Raised Hand,People & Body,270b_1f3fb,People Body/raised-hand__270b_1f3fb.png,https://fonts.gstatic.com/s/e/noto3demoji/latest/270b_1f3fb/512.png,512,512,171457,30f0fbacf1788536813fa8e9368f04ff302bba114135831d8341a1f614a37db3
✋🏼,Raised Hand,People & Body,270b_1f3fc,People Body/raised-hand__270b_1f3fc.png,https://fonts.gstatic.com/s/e/noto3demoji/latest/270b_1f3fc/512.png,512,512,137953,b99d255a1c70881f0182b49603a30b655d926fe4dccab61c2994ecf03cbb044f
✋🏽,Raised Hand,People & Body,270b_1f3fd,People Body/raised-hand__270b_1f3fd.png,https://fonts.gstatic.com/s/e/noto3demoji/latest/270b_1f3fd/512.png,512,512,139551,11c5abcca93f4aa8586b14d8ea47b11fcf444bd22a0b35ee25054d0fbbe03443
✋🏾,Raised Hand,People & Body,270b_1f3fe,People Body/raised-hand__270b_1f3fe.png,https://fonts.gstatic.com/s/e/noto3demoji/latest/270b_1f3fe/512.png,512,512,132746,3455fb3d729c21b240b3df4810a485e8462e0927a9ed17af991fc991a7b53bb6
✋🏿,Raised Hand,People & Body,270b_1f3ff,People Body/raised-hand__270b_1f3ff.png,https://fonts.gstatic.com/s/e/noto3demoji/latest/270b_1f3ff/512.png,512,512,135661,62743810548924781ef708034d053953cfe2b4d668b2f4cd0f88b4fc2a4ccba4
🖖,Vulcan,People & Body,1f596,People Body/vulcan__1f596.png,https://fonts.gstatic.com/s/e/noto3demoji/latest/1f596/512.png,512,512,116215,11a63d7ce0a83be4d985b69220fd73433a3d34d7f31b319a9e05a3fe601c6093
🖖🏻,Vulcan,People & Body,1f596_1f3fb,People Body/vulcan__1f596_1f3fb.png,https://fonts.gstatic.com/s/e/noto3demoji/latest/1f596_1f3fb/512.png,512,512,177065,a6bfc79de8ca25dfc3889cf35b2cddd53d99e8c768116545987384ddd493b253
🖖🏼,Vulcan,People & Body,1f596_1f3fc,People Body/vulcan__1f596_1f3fc.png,https://fonts.gstatic.com/s/e/noto3demoji/latest/1f596_1f3fc/512.png,512,512,144611,7689af2f2a7cb887b0cf4b9ce3837ad6df0649d491cb015dfd67919249e8e332
🖖🏽,Vulcan,People & Body,1f596_1f3fd,People Body/vulcan__1f596_1f3fd.png,https://fonts.gstatic.com/s/e/noto3demoji/latest/1f596_1f3fd/512.png,512,512,146865,f9f7adc056a8826dbbbb94f8ecdcd03d5674647b3541c0db59b4c3001ee96f2d
🖖🏾,Vulcan,People & Body,1f596_1f3fe,People Body/vulcan__1f596_1f3fe.png,https://fonts.gstatic.com/s/e/noto3demoji/latest/1f596_1f3fe/512.png,512,512,139848,6bd388d652af960dd44b49c0bf780e1537c9fb19cd415379ed980689a0b74177
🖖🏿,Vulcan,People & Body,1f596_1f3ff,People Body/vulcan__1f596_1f3ff.png,https://fonts.gstatic.com/s/e/noto3demoji/latest/1f596_1f3ff/512.png,512,512,140288,c5b280a6238e8c0ca71071fb45ce6f7661f79d80973316d2fa208695f9fe4600
🫱,Rightwards Hand,People & Body,1faf1,People Body/rightwards-hand__1faf1.png,https://fonts.gstatic.com/s/e/noto3demoji/latest/1faf1/512.png,512,512,105964,ddbc15c5738822de2496c0dbe35b3bbdd88b701fb6e2d3d613c4388dbd8612ec
🫱🏻,Rightwards Hand,People & Body,1faf1_1f3fb,People Body/rightwards-hand__1faf1_1f3fb.png,https://fonts.gstatic.com/s/e/noto3demoji/latest/1faf1_1f3fb/512.png,512,512,152091,c41aba93a1624470d4567cd25ee3a7f24a2e93ebab970cd834ade5861ca20ee4
🫱🏼,Rightwards Hand,People & Body,1faf1_1f3fc,People Body/rightwards-hand__1faf1_1f3fc.png,https://fonts.gstatic.com/s/e/noto3demoji/latest/1faf1_1f3fc/512.png,512,512,128673,31d6990f5e367988660503e9b60520c3755db2e5cb64e9cdcb82823f7cd85a31
🫱🏽,Rightwards Hand,People & Body,1faf1_1f3fd,People Body/rightwards-hand__1faf1_1f3fd.png,https://fonts.gstatic.com/s/e/noto3demoji/latest/1faf1_1f3fd/512.png,512,512,129340,2870ea05092c7031b8c35c09a53606d7289a78454650561ff77e6b7c6aa8e930
🫱🏾,Rightwards Hand,People & Body,1faf1_1f3fe,People Body/rightwards-hand__1faf1_1f3fe.png,https://fonts.gstatic.com/s/e/noto3demoji/latest/1faf1_1f3fe/512.png,512,512,121886,9ce7b5fa360b59a3a7976d6002db967e65e3cf5b9abe1905bfff432560540efd
🫱🏿,Rightwards Hand,People & Body,1faf1_1f3ff,People Body/rightwards-hand__1faf1_1f3ff.png,https://fonts.gstatic.com/s/e/noto3demoji/latest/1faf1_1f3ff/512.png,512,512,126145,44486fb594b10a48e021061284ddb84693a219f36c92a29aa75a3270d34acee3
🫲,Leftwards Hand,People & Body,1faf2,People Body/leftwards-hand__1faf2.png,https://fonts.gstatic.com/s/e/noto3demoji/latest/1faf2/512.png,512,512,111904,6405ba51e7d35b549fdfc2e2800d7d400ece14c0d995177ff829b4c3c2cafec1
🫲🏻,Leftwards Hand,People & Body,1faf2_1f3fb,People Body/leftwards-hand__1faf2_1f3fb.png,https://fonts.gstatic.com/s/e/noto3demoji/latest/1faf2_1f3fb/512.png,512,512,153148,d4fab843a33d05893dbff54df7feba4050ed057e489c94db814efc5cc3a1ffd8
🫲🏼,Leftwards Hand,People & Body,1faf2_1f3fc,People Body/leftwards-hand__1faf2_1f3fc.png,https://fonts.gstatic.com/s/e/noto3demoji/latest/1faf2_1f3fc/512.png,512,512,127689,b5a8cd205a2ad7a896e38d45df0bd6a4987d78564d2c1e0866276a0433c64645
🫲🏽,Leftwards Hand,People & Body,1faf2_1f3fd,People Body/leftwards-hand__1faf2_1f3fd.png,https://fonts.gstatic.com/s/e/noto3demoji/latest/1faf2_1f3fd/512.png,512,512,129394,79ae02593f83d59b715da1f430728cd80ed6814fa01451b9ff099b49e02eca9e
🫲🏾,Leftwards Hand,People & Body,1faf2_1f3fe,People Body/leftwards-hand__1faf2_1f3fe.png,https://fonts.gstatic.com/s/e/noto3demoji/latest/1faf2_1f3fe/512.png,512,512,124275,217ffa69e7cc3da3ab7d300f7c4cf96df97c3ca1d9bebaebf19e98398c2bc2c8
🫲🏿,Leftwards Hand,People & Body,1faf2_1f3ff,People Body/leftwards-hand__1faf2_1f3ff.png,https://fonts.gstatic.com/s/e/noto3demoji/latest/1faf2_1f3ff/512.png,512,512,126342,40b76903a4e4edde14fbd1eb97e5d181fd9fbaea19a399c2a550eefaab7b2fdc
🫳,Palm Down,People & Body,1faf3,People Body/palm-down__1faf3.png,https://fonts.gstatic.com/s/e/noto3demoji/latest/1faf3/512.png,512,512,81342,f951c4dcaea760fb2ac3e4cbe70e98d2d201860fef7cdc1ad5094739f332e605
🫳🏻,Palm Down,People & Body,1faf3_1f3fb,People Body/palm-down__1faf3_1f3fb.png,https://fonts.gstatic.com/s/e/noto3demoji/latest/1faf3_1f3fb/512.png,512,512,88019,1855b43a8a8eb10f88f6cca622d22ef0c74e5e7224b2d9f9b568c147fdbb8785
🫳🏼,Palm Down,People & Body,1faf3_1f3fc,People Body/palm-down__1faf3_1f3fc.png,https://fonts.gstatic.com/s/e/noto3demoji/latest/1faf3_1f3fc/512.png,512,512,96554,bee5ebb43fb44b3d83382f2a679d014bcbe1fa9e080bdc5f29e5f38157718e9f
🫳🏽,Palm Down,People & Body,1faf3_1f3fd,People Body/palm-down__1faf3_1f3fd.png,https://fonts.gstatic.com/s/e/noto3demoji/latest/1faf3_1f3fd/512.png,512,512,93435,08b362db86c7375ca244d87bb97f670e8073f53a3dcd44a7e2c2a663df125769
🫳🏾,Palm Down,People & Body,1faf3_1f3fe,People Body/palm-down__1faf3_1f3fe.png,https://fonts.gstatic.com/s/e/noto3demoji/latest/1faf3_1f3fe/512.png,512,512,90965,802423be4186c5e1cd5e2dc818ca46ee3cb28809ac7d3d01e2b65e34f7abf626
🫳🏿,Palm Down,People & Body,1faf3_1f3ff,People Body/palm-down__1faf3_1f3ff.png,https://fonts.gstatic.com/s/e/noto3demoji/latest/1faf3_1f3ff/512.png,512,512,89079,78e39b46d8c52a0d87db2adb5ddd005d80cf48380376def3a5702d2c08539fd3
🫴,Palm Up,People & Body,1faf4,People Body/palm-up__1faf4.png,https://fonts.gstatic.com/s/e/noto3demoji/latest/1faf4/512.png,512,512,80441,6d8b833deafe03bdb16a08ea8c8bcbe0dbf561b199f9410e2c155c0d302a69ab
🫴🏻,Palm Up,People & Body,1faf4_1f3fb,People Body/palm-up__1faf4_1f3fb.png,https://fonts.gstatic.com/s/e/noto3demoji/latest/1faf4_1f3fb/512.png,512,512,93520,68a550cd5a69b936a21911d49653eaebf9f9d77a66bbabfea035458c0fe19d52
🫴🏼,Palm Up,People & Body,1faf4_1f3fc,People Body/palm-up__1faf4_1f3fc.png,https://fonts.gstatic.com/s/e/noto3demoji/latest/1faf4_1f3fc/512.png,512,512,89017,e35d292fd59f040c5901437242ddbb061f3389d483af62fab96b46197f5c6747
🫴🏽,Palm Up,People & Body,1faf4_1f3fd,People Body/palm-up__1faf4_1f3fd.png,https://fonts.gstatic.com/s/e/noto3demoji/latest/1faf4_1f3fd/512.png,512,512,86919,b4e56c8893ef93116f7b11f70b6a39f889ad8ecb8c81597189e56389e9d12918
🫴🏾,Palm Up,People & Body,1faf4_1f3fe,People Body/palm-up__1faf4_1f3fe.png,https://fonts.gstatic.com/s/e/noto3demoji/latest/1faf4_1f3fe/512.png,512,512,85364,25c6111115379483ae2dc82f62624482a13e88e07db2ac74b749a4705c91a3f6
🫴🏿,Palm Up,People & Body,1faf4_1f3ff,People Body/palm-up__1faf4_1f3ff.png,https://fonts.gstatic.com/s/e/noto3demoji/latest/1faf4_1f3ff/512.png,512,512,84835,1f5ed832c6649684556a09ffd1c89ce657eccb0b9eda115e03db148532f7ab7c
🫷,Push Leftwards,People & Body,1faf7,People Body/push-leftwards__1faf7.png,https://fonts.gstatic.com/s/e/noto3demoji/latest/1faf7/512.png,512,512,82360,90b8b6d77d8320a650b16d76f4da6cef8ef121b890b5d9def4064b6ad4449ede
🫷🏻,Push Leftwards,People & Body,1faf7_1f3fb,People Body/push-leftwards__1faf7_1f3fb.png,https://fonts.gstatic.com/s/e/noto3demoji/latest/1faf7_1f3fb/512.png,512,512,106334,a7c98bedf4b17778a94478aafe0f05f4585c8da4ee2332dbc7535a56aedd1286
🫷🏼,Push Leftwards,People & Body,1faf7_1f3fc,People Body/push-leftwards__1faf7_1f3fc.png,https://fonts.gstatic.com/s/e/noto3demoji/latest/1faf7_1f3fc/512.png,512,512,100784,48e1f194ca88c636c85aa0122175a4c956e4b4ca78cd5549a9a28a9446e24673
🫷🏽,Push Leftwards,People & Body,1faf7_1f3fd,People Body/push-leftwards__1faf7_1f3fd.png,https://fonts.gstatic.com/s/e/noto3demoji/latest/1faf7_1f3fd/512.png,512,512,96713,2d5f7e1f9861d66086d974d8f79643e4ee9cf18ddc937712e141318704112143
🫷🏾,Push Leftwards,People & Body,1faf7_1f3fe,People Body/push-leftwards__1faf7_1f3fe.png,https://fonts.gstatic.com/s/e/noto3demoji/latest/1faf7_1f3fe/512.png,512,512,94127,ea9ff1be775a75036d698cfb902a77db2dbcdbeb364e3b851a96d872d7c633b4
🫷🏿,Push Leftwards,People & Body,1faf7_1f3ff,People Body/push-leftwards__1faf7_1f3ff.png,https://fonts.gstatic.com/s/e/noto3demoji/latest/1faf7_1f3ff/512.png,512,512,95327,97574e43aff047f4917f7adc3f4c683987a4da1822047be0a7ddfd5bb4f64822
🫸,Push Rightwards,People & Body,1faf8,People Body/push-rightwards__1faf8.png,https://fonts.gstatic.com/s/e/noto3demoji/latest/1faf8/512.png,512,512,82896,01b11ebcc7efdc7668cb36faf6f5b37b83d349e57d3dfcb88e1cee38747d4aa1
🫸🏻,Push Rightwards,People & Body,1faf8_1f3fb,People Body/push-rightwards__1faf8_1f3fb.png,https://fonts.gstatic.com/s/e/noto3demoji/latest/1faf8_1f3fb/512.png,512,512,119532,e484b06ae47e313d4b860a6246415bcb6ee91d3ff138bfe7b01c79f14adc8891
🫸🏼,Push Rightwards,People & Body,1faf8_1f3fc,People Body/push-rightwards__1faf8_1f3fc.png,https://fonts.gstatic.com/s/e/noto3demoji/latest/1faf8_1f3fc/512.png,512,512,101878,ab42a9c8dea49c2058b28b5058d4452cf3a8b8cc5069533b37f29355b819da57
🫸🏽,Push Rightwards,People & Body,1faf8_1f3fd,People Body/push-rightwards__1faf8_1f3fd.png,https://fonts.gstatic.com/s/e/noto3demoji/latest/1faf8_1f3fd/512.png,512,512,97302,0ee5f1f1893856d8e95582dc955573ff036ade0e7f7a119491f689180419e0f2
🫸🏾,Push Rightwards,People & Body,1faf8_1f3fe,People Body/push-rightwards__1faf8_1f3fe.png,https://fonts.gstatic.com/s/e/noto3demoji/latest/1faf8_1f3fe/512.png,512,512,95165,b6c5ac25da61cbf6193b801a42431b714f169d801018a180906e06e16d329f72
🫸🏿,Push Rightwards,People & Body,1faf8_1f3ff,People Body/push-rightwards__1faf8_1f3ff.png,https://fonts.gstatic.com/s/e/noto3demoji/latest/1faf8_1f3ff/512.png,512,512,95500,34ff5dc6f5658f763ebaa2efbd2d34f8b4911f3734586e43d9b69cdc79bdb83c
👌,Ok,People & Body,1f44c,People Body/ok__1f44c.png,https://fonts.gstatic.com/s/e/noto3demoji/latest/1f44c/512.png,512,512,91376,cebecf01733a4cc928c7634828d0e932783920fa5d0c2f8687a0af02a9a1d5ca
👌🏻,Ok,People & Body,1f44c_1f3fb,People Body/ok__1f44c_1f3fb.png,https://fonts.gstatic.com/s/e/noto3demoji/latest/1f44c_1f3fb/512.png,512,512,130254,c429db1984f5d3333f10a938de71b89206e1f6e4d4eacdc88cfba7e91ba71b35
👌🏼,Ok,People & Body,1f44c_1f3fc,People Body/ok__1f44c_1f3fc.png,https://fonts.gstatic.com/s/e/noto3demoji/latest/1f44c_1f3fc/512.png,512,512,106578,07dcf91719ba05f87b8a89856b168943c76ada9beadad86d471445590b4a4039
👌🏽,Ok,People & Body,1f44c_1f3fd,People Body/ok__1f44c_1f3fd.png,https://fonts.gstatic.com/s/e/noto3demoji/latest/1f44c_1f3fd/512.png,512,512,102767,647e3d1aea9b31f954ca1216ce7a9609fd9556e77e3c1548b50138b4577ae209
👌🏾,Ok,People & Body,1f44c_1f3fe,People Body/ok__1f44c_1f3fe.png,https://fonts.gstatic.com/s/e/noto3demoji/latest/1f44c_1f3fe/512.png,512,512,103384,1cc1f99a04e1174e97ea7831b8b280b67277ff907dfff3383292c28a25f08ee9
👌🏿,Ok,People & Body,1f44c_1f3ff,People Body/ok__1f44c_1f3ff.png,https://fonts.gstatic.com/s/e/noto3demoji/latest/1f44c_1f3ff/512.png,512,512,102066,be60254c0cd3fd1f139daeb6fe9ba774d137ecdf159211ac9855757f6fa3d3dc
🤌,Pinched Fingers,People & Body,1f90c,People Body/pinched-fingers__1f90c.png,https://fonts.gstatic.com/s/e/noto3demoji/latest/1f90c/512.png,512,512,113976,0f7f410209368fd2decdf2f8fb68b1bb242a9aebdce8dee6edd5f9ed6e788c1c
🤌🏻,Pinched Fingers,People & Body,1f90c_1f3fb,People Body/pinched-fingers__1f90c_1f3fb.png,https://fonts.gstatic.com/s/e/noto3demoji/latest/1f90c_1f3fb/512.png,512,512,164678,7ddccdc933006cdcfe4ca3c48a26a2f6028bba9a84e91987dfc11f2c0065b6ce
🤌🏼,Pinched Fingers,People & Body,1f90c_1f3fc,People Body/pinched-fingers__1f90c_1f3fc.png,https://fonts.gstatic.com/s/e/noto3demoji/latest/1f90c_1f3fc/512.png,512,512,138378,55c9c067e00f158b438150c1917aa92f120eb30b459ef56ab4d431b4e92bec6a
🤌🏽,Pinched Fingers,People & Body,1f90c_1f3fd,People Body/pinched-fingers__1f90c_1f3fd.png,https://fonts.gstatic.com/s/e/noto3demoji/latest/1f90c_1f3fd/512.png,512,512,137816,97b7055e312b3be563af60b92f42a5a4155398ce8841d287ceceb56b8b3c69f7
🤌🏾,Pinched Fingers,People & Body,1f90c_1f3fe,People Body/pinched-fingers__1f90c_1f3fe.png,https://fonts.gstatic.com/s/e/noto3demoji/latest/1f90c_1f3fe/512.png,512,512,132009,9f014aebeacc63765155caef12c16a9a55454a534ba3ecc037f9e4099706963f
🤌🏿,Pinched Fingers,People & Body,1f90c_1f3ff,People Body/pinched-fingers__1f90c_1f3ff.png,https://fonts.gstatic.com/s/e/noto3demoji/latest/1f90c_1f3ff/512.png,512,512,134420,98f45062086f01dd2150ec140dd39082c86b06af36126fde9a66c8bff896db16
🤏,Pinch,People & Body,1f90f,People Body/pinch__1f90f.png,https://fonts.gstatic.com/s/e/noto3demoji/latest/1f90f/512.png,512,512,144763,42c921c40078c0e28f45e4bc10ffae62a39c55bbb8beea1f6e62f54fd381fc64
🤏🏻,Pinch,People & Body,1f90f_1f3fb,People Body/pinch__1f90f_1f3fb.png,https://fonts.gstatic.com/s/e/noto3demoji/latest/1f90f_1f3fb/512.png,512,512,200038,54a260914ae8a14d767d043b0c9d53c206d6ac7f8fd8aa8a3961315170b35d9f
🤏🏼,Pinch,People & Body,1f90f_1f3fc,People Body/pinch__1f90f_1f3fc.png,https://fonts.gstatic.com/s/e/noto3demoji/latest/1f90f_1f3fc/512.png,512,512,158077,b865b1bfd8771f6e5bc319ab484865322d83ceb939b6b9cabf669379802f0335
🤏🏽,Pinch,People & Body,1f90f_1f3fd,People Body/pinch__1f90f_1f3fd.png,https://fonts.gstatic.com/s/e/noto3demoji/latest/1f90f_1f3fd/512.png,512,512,152690,e6bb15c0e8ff499718b7067f6a1b56d78cf080ff9795189ef8a289f6ac2aeb2e
🤏🏾,Pinch,People & Body,1f90f_1f3fe,People Body/pinch__1f90f_1f3fe.png,https://fonts.gstatic.com/s/e/noto3demoji/latest/1f90f_1f3fe/512.png,512,512,151384,299e0d7509b758b4f032022563e88b97f88aebed8d5cf2d29f95d6c026883172
🤏🏿,Pinch,People & Body,1f90f_1f3ff,People Body/pinch__1f90f_1f3ff.png,https://fonts.gstatic.com/s/e/noto3demoji/latest/1f90f_1f3ff/512.png,512,512,164251,e6711365eda730458c317c082f85badf9b5b47504f54bd8a6431e43ced561926
✌,V,People & Body,270c,People Body/v__270c.png,https://fonts.gstatic.com/s/e/noto3demoji/latest/270c/512.png,512,512,118984,9dcae87f38cf6a3144374a21078b14bd82b3a88fc990dc3617717683546e2e09
✌🏻,Victory,People & Body,270c_1f3fb,People Body/victory__270c_1f3fb.png,https://fonts.gstatic.com/s/e/noto3demoji/latest/270c_1f3fb/512.png,512,512,152339,8456f8c160794952b4a5fa9a3844a3c95d78076bc26773fa417cff04a08d9a35
✌🏼,Victory,People & Body,270c_1f3fc,People Body/victory__270c_1f3fc.png,https://fonts.gstatic.com/s/e/noto3demoji/latest/270c_1f3fc/512.png,512,512,140070,018108ff47d1ad9afc42c5e14043d8e508ab97b8a58c5662c90371fc8707115c
✌🏽,Victory,People & Body,270c_1f3fd,People Body/victory__270c_1f3fd.png,https://fonts.gstatic.com/s/e/noto3demoji/latest/270c_1f3fd/512.png,512,512,132667,179cb8d45814018e38c6d250ebb375ed1672224eaec26582657d8dc842a91474
✌🏾,Victory,People & Body,270c_1f3fe,People Body/victory__270c_1f3fe.png,https://fonts.gstatic.com/s/e/noto3demoji/latest/270c_1f3fe/512.png,512,512,127086,8f0c3336b7fbadc660e4c4fd4d35838a4a95369784c9a0769cf96b4386517d7c
✌🏿,Victory,People & Body,270c_1f3ff,People Body/victory__270c_1f3ff.png,https://fonts.gstatic.com/s/e/noto3demoji/latest/270c_1f3ff/512.png,512,512,122356,1779730d32e383767ac0e766683b47379791adad1761104068bfcb600a1658a0
🤞,Crossed Fingers,People & Body,1f91e,People Body/crossed-fingers__1f91e.png,https://fonts.gstatic.com/s/e/noto3demoji/latest/1f91e/512.png,512,512,119198,84db068584bff79ae13fe886a593d8829dcc0871c3a0dcc1f1b7a0e341ba3ca9
🤞🏻,Crossed Fingers,People & Body,1f91e_1f3fb,People Body/crossed-fingers__1f91e_1f3fb.png,https://fonts.gstatic.com/s/e/noto3demoji/latest/1f91e_1f3fb/512.png,512,512,154344,7af195f2645f393a06b6193dc0b3b5961968466b65cb55cdc754a137e1e82eaa
🤞🏼,Crossed Fingers,People & Body,1f91e_1f3fc,People Body/crossed-fingers__1f91e_1f3fc.png,https://fonts.gstatic.com/s/e/noto3demoji/latest/1f91e_1f3fc/512.png,512,512,138642,125918edb6c7a997f84494ba6b04406b9813ce7f28f936ab2870cedc8ce32542
🤞🏽,Crossed Fingers,People & Body,1f91e_1f3fd,People Body/crossed-fingers__1f91e_1f3fd.png,https://fonts.gstatic.com/s/e/noto3demoji/latest/1f91e_1f3fd/512.png,512,512,128175,efb1308997e7c889f95265ee9b69cc98fd3e611a1de39a79fc2292f75ce77a85
🤞🏾,Crossed Fingers,People & Body,1f91e_1f3fe,People Body/crossed-fingers__1f91e_1f3fe.png,https://fonts.gstatic.com/s/e/noto3demoji/latest/1f91e_1f3fe/512.png,512,512,121816,6b3c3f4992c666625ca4fdd72962bfe5e59bc4aec24e95d36bf86daf8b082cc7
🤞🏿,Crossed Fingers,People & Body,1f91e_1f3ff,People Body/crossed-fingers__1f91e_1f3ff.png,https://fonts.gstatic.com/s/e/noto3demoji/latest/1f91e_1f3ff/512.png,512,512,117824,05140f99a0bee65b146aee7b8a802a94a2f2a4e6685b6ed466a49e5c967681a0
🫰,Hand With Index Finger And Thumb Crossed,People & Body,1faf0,People Body/hand-with-index-finger-and-thumb-crossed__1faf0.png,https://fonts.gstatic.com/s/e/noto3demoji/latest/1faf0/512.png,512,512,106662,15848aba3298e7e0009f9f57d718a7545d71c88334ab2f411f238b02c24ea9a2
🫰🏻,Hand With Index Finger And Thumb Crossed,People & Body,1faf0_1f3fb,People Body/hand-with-index-finger-and-thumb-crossed__1faf0_1f3fb.png,https://fonts.gstatic.com/s/e/noto3demoji/latest/1faf0_1f3fb/512.png,512,512,131807,7a7a559a0e5a2bc57b4d4a93b04369399bb6736d00aba95c5dcb4e38cde20a1a
🫰🏼,Hand With Index Finger And Thumb Crossed,People & Body,1faf0_1f3fc,People Body/hand-with-index-finger-and-thumb-crossed__1faf0_1f3fc.png,https://fonts.gstatic.com/s/e/noto3demoji/latest/1faf0_1f3fc/512.png,512,512,122713,08dfd313a06552ecee25b7653a14c00a83e6426846aeb4168ea49e0052bc456f
🫰🏽,Hand With Index Finger And Thumb Crossed,People & Body,1faf0_1f3fd,People Body/hand-with-index-finger-and-thumb-crossed__1faf0_1f3fd.png,https://fonts.gstatic.com/s/e/noto3demoji/latest/1faf0_1f3fd/512.png,512,512,122712,5d19996fa01592c00c780ad6cde428fb5cef4107b4835c7fc12c4906b6ef12c7
🫰🏾,Hand With Index Finger And Thumb Crossed,People & Body,1faf0_1f3fe,People Body/hand-with-index-finger-and-thumb-crossed__1faf0_1f3fe.png,https://fonts.gstatic.com/s/e/noto3demoji/latest/1faf0_1f3fe/512.png,512,512,114841,43acf7d5d6e6c62037df64c1ae25c1d6f34b9ae25cd7d0a2f1bff61c20e3d589
🫰🏿,Hand With Index Finger And Thumb Crossed,People & Body,1faf0_1f3ff,People Body/hand-with-index-finger-and-thumb-crossed__1faf0_1f3ff.png,https://fonts.gstatic.com/s/e/noto3demoji/latest/1faf0_1f3ff/512.png,512,512,115072,97f2a7d7f90ca1d7fa8a09280b878f792fb1bd9214d0ebad0c84e0c7f578e136
🤟,Love You Gesture,People & Body,1f91f,People Body/love-you-gesture__1f91f.png,https://fonts.gstatic.com/s/e/noto3demoji/latest/1f91f/512.png,512,512,125235,3ce3857de37667c5f7d0e2718a6cdc0e97d37be03c03e3b8c51902fcd09d50ae
🤟🏻,Love You Gesture,People & Body,1f91f_1f3fb,People Body/love-you-gesture__1f91f_1f3fb.png,https://fonts.gstatic.com/s/e/noto3demoji/latest/1f91f_1f3fb/512.png,512,512,146768,452b05a7574eca516239503a9ad1b84508d91bdb6a5a47a97f09658190e78b77
🤟🏼,Love You Gesture,People & Body,1f91f_1f3fc,People Body/love-you-gesture__1f91f_1f3fc.png,https://fonts.gstatic.com/s/e/noto3demoji/latest/1f91f_1f3fc/512.png,512,512,148499,8a508ae4bddd9c0cec53b0958e119aa77857ad31ac45878a861f031a60718a60
🤟🏽,Love You Gesture,People & Body,1f91f_1f3fd,People Body/love-you-gesture__1f91f_1f3fd.png,https://fonts.gstatic.com/s/e/noto3demoji/latest/1f91f_1f3fd/512.png,512,512,142397,2fbae3cc95a8c1c3811c44268ab1177e15e3ae88d8592b7c5309ea2fc1ca4e2a
🤟🏾,Love You Gesture,People & Body,1f91f_1f3fe,People Body/love-you-gesture__1f91f_1f3fe.png,https://fonts.gstatic.com/s/e/noto3demoji/latest/1f91f_1f3fe/512.png,512,512,134747,a16a40b4da1c4db5f7e44e694a51eb33632d43faa4dbb789807c9372e182edc9
🤟🏿,Love You Gesture,People & Body,1f91f_1f3ff,People Body/love-you-gesture__1f91f_1f3ff.png,https://fonts.gstatic.com/s/e/noto3demoji/latest/1f91f_1f3ff/512.png,512,512,130494,66066acf535b0bcc03fee2d84f03cbeb13ccd8e929b8b8cef985dc3dbaf7be5c
🤘,Metal,People & Body,1f918,People Body/metal__1f918.png,https://fonts.gstatic.com/s/e/noto3demoji/latest/1f918/512.png,512,512,117377,b86e31d98c0124e5272701b329cdb6eb645dc3e15fa892b8f48214b9969d5f50
🤘🏻,Metal,People & Body,1f918_1f3fb,People Body/metal__1f918_1f3fb.png,https://fonts.gstatic.com/s/e/noto3demoji/latest/1f918_1f3fb/512.png,512,512,157185,69b218731823a29dd1dd436fd071f0146cd09e518f12ae38f3576bbe2c7f3e71
🤘🏼,Metal,People & Body,1f918_1f3fc,People Body/metal__1f918_1f3fc.png,https://fonts.gstatic.com/s/e/noto3demoji/latest/1f918_1f3fc/512.png,512,512,139875,c99e2cc1591f03b5cda09aa7657d89dbf5214369ff2e4dd4aa7494da41d30028
🤘🏽,Metal,People & Body,1f918_1f3fd,People Body/metal__1f918_1f3fd.png,https://fonts.gstatic.com/s/e/noto3demoji/latest/1f918_1f3fd/512.png,512,512,131791,148373265ca2d0220c425de46667a98c2e0ce81ff8f1eed52aedb45ed3014fa8
🤘🏾,Metal,People & Body,1f918_1f3fe,People Body/metal__1f918_1f3fe.png,https://fonts.gstatic.com/s/e/noto3demoji/latest/1f918_1f3fe/512.png,512,512,125678,5ecd93191b42cecc8f638331313ee5cec322230deacceb83e60907dc6eef1a90
🤘🏿,Metal,People & Body,1f918_1f3ff,People Body/metal__1f918_1f3ff.png,https://fonts.gstatic.com/s/e/noto3demoji/latest/1f918_1f3ff/512.png,512,512,122852,0d50800d56d5fc3f4deeb65f41dfdeefc596afb2319e66c7f3ae70836eda00f8
🤙,Call Me Hand,People & Body,1f919,People Body/call-me-hand__1f919.png,https://fonts.gstatic.com/s/e/noto3demoji/latest/1f919/512.png,512,512,110801,daa404dac5c5853962cd6ba15187ff041c6a68fe87bb90dc899a61150d4737f6
🤙🏻,Call Me Hand,People & Body,1f919_1f3fb,People Body/call-me-hand__1f919_1f3fb.png,https://fonts.gstatic.com/s/e/noto3demoji/latest/1f919_1f3fb/512.png,512,512,175663,25dea260a46c5b20e1c9712dc0e8273d46f928d5afc6753c306a90dd056c1e60
🤙🏼,Call Me Hand,People & Body,1f919_1f3fc,People Body/call-me-hand__1f919_1f3fc.png,https://fonts.gstatic.com/s/e/noto3demoji/latest/1f919_1f3fc/512.png,512,512,140117,eea653dfdd97663e30440585e1a63d2ae52c31d4c0ef70e2022d0271ccf72662
🤙🏽,Call Me Hand,People & Body,1f919_1f3fd,People Body/call-me-hand__1f919_1f3fd.png,https://fonts.gstatic.com/s/e/noto3demoji/latest/1f919_1f3fd/512.png,512,512,138466,0522a9c89eb0e7e22b58626cf6bd86a539c53412eb508425f570e80a9837b5fc
🤙🏾,Call Me Hand,People & Body,1f919_1f3fe,People Body/call-me-hand__1f919_1f3fe.png,https://fonts.gstatic.com/s/e/noto3demoji/latest/1f919_1f3fe/512.png,512,512,129773,ce659fcaefc07ae37910dc9ba2fe776bf4d2ee2dea413d323c78691c455bcb9a
🤙🏿,Call Me Hand,People & Body,1f919_1f3ff,People Body/call-me-hand__1f919_1f3ff.png,https://fonts.gstatic.com/s/e/noto3demoji/latest/1f919_1f3ff/512.png,512,512,131604,cbc85b13d33cb715fb9d4b8a2af04440ad1ec505324668f774ff3ce05b4aa879
👈,Point Left,People & Body,1f448,People Body/point-left__1f448.png,https://fonts.gstatic.com/s/e/noto3demoji/latest/1f448/512.png,512,512,84569,83c1ad6b32552bc4cf860e081269ab7d7852db579657ed14c71fa4b5595388fc
👈🏻,Point Left,People & Body,1f448_1f3fb,People Body/point-left__1f448_1f3fb.png,https://fonts.gstatic.com/s/e/noto3demoji/latest/1f448_1f3fb/512.png,512,512,134476,6fbc89759b620a0e6ec4d1e39f18b6ea49adc9d9943f376395e1211228bb9c03
👈🏼,Point Left,People & Body,1f448_1f3fc,People Body/point-left__1f448_1f3fc.png,https://fonts.gstatic.com/s/e/noto3demoji/latest/1f448_1f3fc/512.png,512,512,110105,9f84e72e5b41654e06b041f3e006e256cbaa88fcf4e3bdd23c3e71f1ebb4d89f
👈🏽,Point Left,People & Body,1f448_1f3fd,People Body/point-left__1f448_1f3fd.png,https://fonts.gstatic.com/s/e/noto3demoji/latest/1f448_1f3fd/512.png,512,512,104161,079ec694c1f5e69ccdd2cb7ea02f0b445e0a836c81627a32ee62af5d03737955
👈🏾,Point Left,People & Body,1f448_1f3fe,People Body/point-left__1f448_1f3fe.png,https://fonts.gstatic.com/s/e/noto3demoji/latest/1f448_1f3fe/512.png,512,512,97920,3f8c5a8462267b7d2b0817ca2c1718279fbd75ebce37fd88ecee81dff15154b8
👈🏿,Point Left,People & Body,1f448_1f3ff,People Body/point-left__1f448_1f3ff.png,https://fonts.gstatic.com/s/e/noto3demoji/latest/1f448_1f3ff/512.png,512,512,102991,1a828eb5a07c1357c410983f41c6f422262c86ce101d45e102c5daa70c5fc370
👉,Point Right,People & Body,1f449,People Body/point-right__1f449.png,https://fonts.gstatic.com/s/e/noto3demoji/latest/1f449/512.png,512,512,84276,317d35bb7c3cc006a370e211b1f0e613bf136c7088ddceedd5ab944322863864
👉🏻,Point Right,People & Body,1f449_1f3fb,People Body/point-right__1f449_1f3fb.png,https://fonts.gstatic.com/s/e/noto3demoji/latest/1f449_1f3fb/512.png,512,512,129391,de0daea88873f1dc729e02dbad5d600009fa410d3604e1526b7df778ff0b4a18
👉🏼,Point Right,People & Body,1f449_1f3fc,People Body/point-right__1f449_1f3fc.png,https://fonts.gstatic.com/s/e/noto3demoji/latest/1f449_1f3fc/512.png,512,512,107970,97230cd466e4b76897dbbb566f62af7fbf5a083c6ce4528eb0a728d4569c7a74
👉🏽,Point Right,People & Body,1f449_1f3fd,People Body/point-right__1f449_1f3fd.png,https://fonts.gstatic.com/s/e/noto3demoji/latest/1f449_1f3fd/512.png,512,512,106163,3115a46ce8d209e72fa9424104a23b08a43a7161b51c2d83b5ecd13dfca2c31c
👉🏾,Point Right,People & Body,1f449_1f3fe,People Body/point-right__1f449_1f3fe.png,https://fonts.gstatic.com/s/e/noto3demoji/latest/1f449_1f3fe/512.png,512,512,100300,54c4e4d24836685ec2633720bb376eba69a19328b9370d69383723240b2d17db
👉🏿,Point Right,People & Body,1f449_1f3ff,People Body/point-right__1f449_1f3ff.png,https://fonts.gstatic.com/s/e/noto3demoji/latest/1f449_1f3ff/512.png,512,512,93834,1fc174ea27f94033c5a89b144434f536c69b7ec86d08b2bef6aacf400f9f4dc6
👆,Point Up,People & Body,1f446,People Body/point-up__1f446.png,https://fonts.gstatic.com/s/e/noto3demoji/latest/1f446/512.png,512,512,91175,8de07df6dc04ec0693746a82875a7e495317ef2499d20c201a3809eed69be517
👆🏻,Point Up,People & Body,1f446_1f3fb,People Body/point-up__1f446_1f3fb.png,https://fonts.gstatic.com/s/e/noto3demoji/latest/1f446_1f3fb/512.png,512,512,129164,bc4760f48ea29aa15e25fd5a9466bf6b9fedf870db28ea76f254393cd13d16ad
👆🏼,Point Up,People & Body,1f446_1f3fc,People Body/point-up__1f446_1f3fc.png,https://fonts.gstatic.com/s/e/noto3demoji/latest/1f446_1f3fc/512.png,512,512,112909,546f06edeb58868bdc3da539d1b339ea012f153f827ec6888ffa507c061a340e
👆🏽,Point Up,People & Body,1f446_1f3fd,People Body/point-up__1f446_1f3fd.png,https://fonts.gstatic.com/s/e/noto3demoji/latest/1f446_1f3fd/512.png,512,512,111052,838faf5982616b3183335104c90c9127b077e1f533a8f3e1739a69fc6a51de4e
👆🏾,Point Up,People & Body,1f446_1f3fe,People Body/point-up__1f446_1f3fe.png,https://fonts.gstatic.com/s/e/noto3demoji/latest/1f446_1f3fe/512.png,512,512,105670,8f9f8c293dc5b109c6f842af514276a988d74a30d0097081f9bf1418116a5275
👆🏿,Point Up,People & Body,1f446_1f3ff,People Body/point-up__1f446_1f3ff.png,https://fonts.gstatic.com/s/e/noto3demoji/latest/1f446_1f3ff/512.png,512,512,95162,8df54f3428f12486eec577dd961f99a477520ce96d8fbf3fa67805d155749bdf
🖕,Middle Finger,People & Body,1f595,People Body/middle-finger__1f595.png,https://fonts.gstatic.com/s/e/noto3demoji/latest/1f595/512.png,512,512,87907,052dea1d240a0c38ace799bda68c54e7b45e89026400e29de68ae8dfb7ca1fa1
🖕🏻,Middle Finger,People & Body,1f595_1f3fb,People Body/middle-finger__1f595_1f3fb.png,https://fonts.gstatic.com/s/e/noto3demoji/latest/1f595_1f3fb/512.png,512,512,106611,bb93638eb5cbfdb1278fd8167e7d006f515dcdfbfc1389d8aada9e5f08fbb390
🖕🏼,Middle Finger,People & Body,1f595_1f3fc,People Body/middle-finger__1f595_1f3fc.png,https://fonts.gstatic.com/s/e/noto3demoji/latest/1f595_1f3fc/512.png,512,512,109564,1ec0330201eb603d5de61b3546cb8192d5952a62e059aaec48ea2c6885c2ffe4
🖕🏽,Middle Finger,People & Body,1f595_1f3fd,People Body/middle-finger__1f595_1f3fd.png,https://fonts.gstatic.com/s/e/noto3demoji/latest/1f595_1f3fd/512.png,512,512,104126,8a8ddc4ee2b74a7105144a9969bccad34a189bf114d832e4c89cb9851773da5f
🖕🏾,Middle Finger,People & Body,1f595_1f3fe,People Body/middle-finger__1f595_1f3fe.png,https://fonts.gstatic.com/s/e/noto3demoji/latest/1f595_1f3fe/512.png,512,512,106068,9786a89af3c1b2af380b117d8724fbe2d2295df8fb9fc7af275465340eb67969
🖕🏿,Middle Finger,People & Body,1f595_1f3ff,People Body/middle-finger__1f595_1f3ff.png,https://fonts.gstatic.com/s/e/noto3demoji/latest/1f595_1f3ff/512.png,512,512,104540,21ed960d5efdc6eb6df53879ad56642f1581b327479a4384be4a302b4a9450e0
👇,Point Down,People & Body,1f447,People Body/point-down__1f447.png,https://fonts.gstatic.com/s/e/noto3demoji/latest/1f447/512.png,512,512,87213,37b6e574069714ed58aabc78b4826aa8100ebb655ad8441ef3732bdd87df0495
👇🏻,Point Down,People & Body,1f447_1f3fb,People Body/point-down__1f447_1f3fb.png,https://fonts.gstatic.com/s/e/noto3demoji/latest/1f447_1f3fb/512.png,512,512,122663,bd613b838e48b790dc48e496f098e1362b3f8afe4602a967922cc52e9828da60
👇🏼,Point Down,People & Body,1f447_1f3fc,People Body/point-down__1f447_1f3fc.png,https://fonts.gstatic.com/s/e/noto3demoji/latest/1f447_1f3fc/512.png,512,512,114723,01768710de90fbc55ef45967aeafe03b5e8f36b64524af15a6cc8c183d361d65
👇🏽,Point Down,People & Body,1f447_1f3fd,People Body/point-down__1f447_1f3fd.png,https://fonts.gstatic.com/s/e/noto3demoji/latest/1f447_1f3fd/512.png,512,512,108146,b820d167aa21977c8d405c009fa82d3eadb888004ae9ad64a3fd5e71c85a0719
👇🏾,Point Down,People & Body,1f447_1f3fe,People Body/point-down__1f447_1f3fe.png,https://fonts.gstatic.com/s/e/noto3demoji/latest/1f447_1f3fe/512.png,512,512,101713,81ad32432ab3f124cbe0b8e081b0c20843053099b75221cbf9bd2b33dadf46b5
👇🏿,Point Down,People & Body,1f447_1f3ff,People Body/point-down__1f447_1f3ff.png,https://fonts.gstatic.com/s/e/noto3demoji/latest/1f447_1f3ff/512.png,512,512,103727,8b05722bfe7d4c54478fd19bee273e1d606d23ff6a8d8752210b0cb8d326508d
☝,Index Finger,People & Body,261d,People Body/index-finger__261d.png,https://fonts.gstatic.com/s/e/noto3demoji/latest/261d/512.png,512,512,107944,e9fc78441ee2b9601e3ed2522a4ec005fc4924a1bc98ce8f8f592f221f2dae36
☝🏻,Index Finger,People & Body,261d_1f3fb,People Body/index-finger__261d_1f3fb.png,https://fonts.gstatic.com/s/e/noto3demoji/latest/261d_1f3fb/512.png,512,512,140524,c7a403aff7dcb167a183ac5d2499c6b293965532555d84d7aa222416b30ca080
☝🏼,Index Finger,People & Body,261d_1f3fc,People Body/index-finger__261d_1f3fc.png,https://fonts.gstatic.com/s/e/noto3demoji/latest/261d_1f3fc/512.png,512,512,127045,9a2919f6c15a6a96d9c2061b6a3e4a547a8831fa2f71b0d8939146721895df33
☝🏽,Index Finger,People & Body,261d_1f3fd,People Body/index-finger__261d_1f3fd.png,https://fonts.gstatic.com/s/e/noto3demoji/latest/261d_1f3fd/512.png,512,512,119747,63ed4fe66edff05d46dda158de4de2251ae96c6ca92dfbb6fc8644f29e6e2a6f
☝🏾,Index Finger,People & Body,261d_1f3fe,People Body/index-finger__261d_1f3fe.png,https://fonts.gstatic.com/s/e/noto3demoji/latest/261d_1f3fe/512.png,512,512,114493,d9b3d616d5028a5aa921cae2f9a40ce10b2ff98b15dea91f539bd5177124d594
☝🏿,Index Finger,People & Body,261d_1f3ff,People Body/index-finger__261d_1f3ff.png,https://fonts.gstatic.com/s/e/noto3demoji/latest/261d_1f3ff/512.png,512,512,111403,82b2d52ee55d90ffdc80a48bee530f7264c280d743966dadd666d6ca1ab4856c
🫵,Pointing,People & Body,1faf5,People Body/pointing__1faf5.png,https://fonts.gstatic.com/s/e/noto3demoji/latest/1faf5/512.png,512,512,149437,16625502d38bcce2bb074c5140487ff6fa104ab24a7f702cb30fe9982b331ea2
🫵🏻,Pointing,People & Body,1faf5_1f3fb,People Body/pointing__1faf5_1f3fb.png,https://fonts.gstatic.com/s/e/noto3demoji/latest/1faf5_1f3fb/512.png,512,512,206463,0431897a9ae597756ab195a2e9e5233b09dfff0a087ea0eba262ea94d2ae1b62
🫵🏼,Pointing,People & Body,1faf5_1f3fc,People Body/pointing__1faf5_1f3fc.png,https://fonts.gstatic.com/s/e/noto3demoji/latest/1faf5_1f3fc/512.png,512,512,181077,b4147819e4498d018d8a994ca1b8a32b909cc768c20f2f173fa890876fbb52da
🫵🏽,Pointing,People & Body,1faf5_1f3fd,People Body/pointing__1faf5_1f3fd.png,https://fonts.gstatic.com/s/e/noto3demoji/latest/1faf5_1f3fd/512.png,512,512,177565,e44569cf9ba96bff5d3f9963c68e949ab3afc3b26b580b940d7fcd8e8d97878a
🫵🏾,Pointing,People & Body,1faf5_1f3fe,People Body/pointing__1faf5_1f3fe.png,https://fonts.gstatic.com/s/e/noto3demoji/latest/1faf5_1f3fe/512.png,512,512,171928,ef14056c40c885e1f59f38514722e13396364c75ef345c614e99e942949a7682
🫵🏿,Pointing,People & Body,1faf5_1f3ff,People Body/pointing__1faf5_1f3ff.png,https://fonts.gstatic.com/s/e/noto3demoji/latest/1faf5_1f3ff/512.png,512,512,169289,4117091f91c2869e0b2a2cdccc5df543261105fec64023c91e7ce79d18726d83
👍,Thumbs Up,People & Body,1f44d,People Body/thumbs-up__1f44d.png,https://fonts.gstatic.com/s/e/noto3demoji/latest/1f44d/512.png,512,512,135164,e789612883b9b9f1c83c7617ec4658f871322430dd6b1b02fa354ff025f4c89c
👍🏻,Thumbs Up,People & Body,1f44d_1f3fb,People Body/thumbs-up__1f44d_1f3fb.png,https://fonts.gstatic.com/s/e/noto3demoji/latest/1f44d_1f3fb/512.png,512,512,196546,c89868fa401729d272435d77455875502c5e2c8ebbcfd6d31bd0ff6f41ccad6a
👍🏼,Thumbs Up,People & Body,1f44d_1f3fc,People Body/thumbs-up__1f44d_1f3fc.png,https://fonts.gstatic.com/s/e/noto3demoji/latest/1f44d_1f3fc/512.png,512,512,152247,1560124355dcee014ab99a485689abd73f50bfd7da36af44914f78cf8f83ffab
👍🏽,Thumbs Up,People & Body,1f44d_1f3fd,People Body/thumbs-up__1f44d_1f3fd.png,https://fonts.gstatic.com/s/e/noto3demoji/latest/1f44d_1f3fd/512.png,512,512,157957,4a7f5dab95f4e66e61ec2c422d254175f33e0e701616492e7b639175892e7613
👍🏾,Thumbs Up,People & Body,1f44d_1f3fe,People Body/thumbs-up__1f44d_1f3fe.png,https://fonts.gstatic.com/s/e/noto3demoji/latest/1f44d_1f3fe/512.png,512,512,148633,2fbb9689027e22ebf434d4f3bf23f096558849b8157aa2a3dd30f6e05feebd61
👍🏿,Thumbs Up,People & Body,1f44d_1f3ff,People Body/thumbs-up__1f44d_1f3ff.png,https://fonts.gstatic.com/s/e/noto3demoji/latest/1f44d_1f3ff/512.png,512,512,155287,b139d5a128996225a7957e265ad0ff675e132ee58c389c582bf4e7cb206a65cf
👎,Thumbs Down,People & Body,1f44e,People Body/thumbs-down__1f44e.png,https://fonts.gstatic.com/s/e/noto3demoji/latest/1f44e/512.png,512,512,133910,bb3ee12a5f5cbeb7badaccfa022c92f35800071b3d7f6d3630915e00094c6653
👎🏻,Thumbs Down,People & Body,1f44e_1f3fb,People Body/thumbs-down__1f44e_1f3fb.png,https://fonts.gstatic.com/s/e/noto3demoji/latest/1f44e_1f3fb/512.png,512,512,182137,26e741c0e58bb85a8684c2b3f136257084b11645d6d0d8ec2df63d4b26f5e078
👎🏼,Thumbs Down,People & Body,1f44e_1f3fc,People Body/thumbs-down__1f44e_1f3fc.png,https://fonts.gstatic.com/s/e/noto3demoji/latest/1f44e_1f3fc/512.png,512,512,168838,5d87efa4466bb20dce398c57574a9a6aa24f9ddb527e841d479f34648d6e5db3
👎🏽,Thumbs Down,People & Body,1f44e_1f3fd,People Body/thumbs-down__1f44e_1f3fd.png,https://fonts.gstatic.com/s/e/noto3demoji/latest/1f44e_1f3fd/512.png,512,512,160288,ce6ecd1ea7d6f6ce8be2aca83b0ba8f3b80d8a19d20cda7fa0318c3875c3f4a8
👎🏾,Thumbs Down,People & Body,1f44e_1f3fe,People Body/thumbs-down__1f44e_1f3fe.png,https://fonts.gstatic.com/s/e/noto3demoji/latest/1f44e_1f3fe/512.png,512,512,153537,a1ec1aaf862f1dde6e41d4a3dd72314f459354e8bdf226771c277d6b98ecf594
👎🏿,Thumbs Down,People & Body,1f44e_1f3ff,People Body/thumbs-down__1f44e_1f3ff.png,https://fonts.gstatic.com/s/e/noto3demoji/latest/1f44e_1f3ff/512.png,512,512,164615,171ee6f609ed275a4893f73eed508b22ae51bc68e8057b8a4fc244d73c4f20b7
✊,Raised Fist,People & Body,270a,People Body/raised-fist__270a.png,https://fonts.gstatic.com/s/e/noto3demoji/latest/270a/512.png,512,512,213426,019bd3c74b72e13f4fe97decb5b6648c65575dc0e6b95efdf83ff0b0cdf36892
✊🏻,Raised Fist,People & Body,270a_1f3fb,People Body/raised-fist__270a_1f3fb.png,https://fonts.gstatic.com/s/e/noto3demoji/latest/270a_1f3fb/512.png,512,512,253961,3fa362eb4627ce460e0830520637fdacae3c98a567912fe53bf04e3e0bcf4e2d
✊🏼,Raised Fist,People & Body,270a_1f3fc,People Body/raised-fist__270a_1f3fc.png,https://fonts.gstatic.com/s/e/noto3demoji/latest/270a_1f3fc/512.png,512,512,238646,808ac35c4f751e94bf4ffbc9f5e14e76dc3c740e607d3b44eca7f8608d281a23
✊🏽,Raised Fist,People & Body,270a_1f3fd,People Body/raised-fist__270a_1f3fd.png,https://fonts.gstatic.com/s/e/noto3demoji/latest/270a_1f3fd/512.png,512,512,231548,f1dae07d83188dc91198fda9ea86535c5b5f8a84f195a0c65ba39d73e179e6f1
✊🏾,Raised Fist,People & Body,270a_1f3fe,People Body/raised-fist__270a_1f3fe.png,https://fonts.gstatic.com/s/e/noto3demoji/latest/270a_1f3fe/512.png,512,512,216176,691dd44ab0b3e1562f628a16e9932cf9c68c01936667f62a69d371a67662eb7e
✊🏿,Raised Fist,People & Body,270a_1f3ff,People Body/raised-fist__270a_1f3ff.png,https://fonts.gstatic.com/s/e/noto3demoji/latest/270a_1f3ff/512.png,512,512,220259,a481fa3556375eb10c8ff37aa87ffc1ba7fabded16f27e3a01b58759a7d02071
👊,Fist,People & Body,1f44a,People Body/fist__1f44a.png,https://fonts.gstatic.com/s/e/noto3demoji/latest/1f44a/512.png,512,512,182997,1d04cf2ddfe1d511f5b947fa7c330151b2b31fe873d122f5cdda74e01d946700
👊🏻,Fist,People & Body,1f44a_1f3fb,People Body/fist__1f44a_1f3fb.png,https://fonts.gstatic.com/s/e/noto3demoji/latest/1f44a_1f3fb/512.png,512,512,226631,bcb1c507db170940f328f81b0823730187bdb8abe0f89ed63769fdc9dc2000ff
👊🏼,Fist,People & Body,1f44a_1f3fc,People Body/fist__1f44a_1f3fc.png,https://fonts.gstatic.com/s/e/noto3demoji/latest/1f44a_1f3fc/512.png,512,512,228675,950b060b8d1344f84ca0c505f3fa3038fc956a9daa4fd1a73589ea8ba84781bf
👊🏽,Fist,People & Body,1f44a_1f3fd,People Body/fist__1f44a_1f3fd.png,https://fonts.gstatic.com/s/e/noto3demoji/latest/1f44a_1f3fd/512.png,512,512,217757,9ee5f8301977ae1105e97ad401702c9645026035a8debb5fa70d191694159e5e
👊🏾,Fist,People & Body,1f44a_1f3fe,People Body/fist__1f44a_1f3fe.png,https://fonts.gstatic.com/s/e/noto3demoji/latest/1f44a_1f3fe/512.png,512,512,201417,38992a91ded791e0892815c7e690d38bc409dbd3e4bb01a5d0f42f227d012edc
👊🏿,Fist,People & Body,1f44a_1f3ff,People Body/fist__1f44a_1f3ff.png,https://fonts.gstatic.com/s/e/noto3demoji/latest/1f44a_1f3ff/512.png,512,512,193851,127dad1b85f32b9b49547173393f0a5bba7dc70d756343e08b2442b573bb1f4c
🤛,Fist Leftwards,People & Body,1f91b,People Body/fist-leftwards__1f91b.png,https://fonts.gstatic.com/s/e/noto3demoji/latest/1f91b/512.png,512,512,148792,321b8e384b60f13eb40092e40465e070b07b781d1c326fc88b7921680574cd89
🤛🏻,Fist Leftwards,People & Body,1f91b_1f3fb,People Body/fist-leftwards__1f91b_1f3fb.png,https://fonts.gstatic.com/s/e/noto3demoji/latest/1f91b_1f3fb/512.png,512,512,201631,2cb52759378b9057c068d3d1a0e268c086ccdd838514d788b70b96cc75dd8d65
🤛🏼,Fist Leftwards,People & Body,1f91b_1f3fc,People Body/fist-leftwards__1f91b_1f3fc.png,https://fonts.gstatic.com/s/e/noto3demoji/latest/1f91b_1f3fc/512.png,512,512,164416,34bf2a128af64150bfb225d63e8516b5ce436a3ebde3a0a9ef291a13325c28ac
🤛🏽,Fist Leftwards,People & Body,1f91b_1f3fd,People Body/fist-leftwards__1f91b_1f3fd.png,https://fonts.gstatic.com/s/e/noto3demoji/latest/1f91b_1f3fd/512.png,512,512,160507,5cf13085f1bd0d5f10f727f2d64d55c568c38cb4bb85d99289bcd1f9406ece44
🤛🏾,Fist Leftwards,People & Body,1f91b_1f3fe,People Body/fist-leftwards__1f91b_1f3fe.png,https://fonts.gstatic.com/s/e/noto3demoji/latest/1f91b_1f3fe/512.png,512,512,152935,73cfce8d2e14a781bea628690b46889647a20f2ded7dc530c03b112f2448f9a8
🤛🏿,Fist Leftwards,People & Body,1f91b_1f3ff,People Body/fist-leftwards__1f91b_1f3ff.png,https://fonts.gstatic.com/s/e/noto3demoji/latest/1f91b_1f3ff/512.png,512,512,156707,4247d70dc4345b2fc56600ebad34290164e278e6bd3ffd3cfdd1840992b0b97a
🤜,Fist Rightwards,People & Body,1f91c,People Body/fist-rightwards__1f91c.png,https://fonts.gstatic.com/s/e/noto3demoji/latest/1f91c/512.png,512,512,152617,7f4dba15d023e1c1f87694e7e531790b35b2d8b3d8874c863bedcb26f8790836
🤜🏻,Fist Rightwards,People & Body,1f91c_1f3fb,People Body/fist-rightwards__1f91c_1f3fb.png,https://fonts.gstatic.com/s/e/noto3demoji/latest/1f91c_1f3fb/512.png,512,512,193180,4af1f88a40ae1673f630e9f8a2b7c6bb6ff9d559b0d518c078359167149386ce
🤜🏼,Fist Rightwards,People & Body,1f91c_1f3fc,People Body/fist-rightwards__1f91c_1f3fc.png,https://fonts.gstatic.com/s/e/noto3demoji/latest/1f91c_1f3fc/512.png,512,512,189513,1dd08ed39dbe2b9a3233f43493754e60d892713350e87c8808f488af96995039
🤜🏽,Fist Rightwards,People & Body,1f91c_1f3fd,People Body/fist-rightwards__1f91c_1f3fd.png,https://fonts.gstatic.com/s/e/noto3demoji/latest/1f91c_1f3fd/512.png,512,512,184745,80242f312b89ca66590cd5436ded943d5959d5dc2d6a29103c5f6a71b99d3158
🤜🏾,Fist Rightwards,People & Body,1f91c_1f3fe,People Body/fist-rightwards__1f91c_1f3fe.png,https://fonts.gstatic.com/s/e/noto3demoji/latest/1f91c_1f3fe/512.png,512,512,175710,dada1dff09e3b0b2ecd1234b1591c82917929ee048a2d7135deb564ed935ef50
🤜🏿,Fist Rightwards,People & Body,1f91c_1f3ff,People Body/fist-rightwards__1f91c_1f3ff.png,https://fonts.gstatic.com/s/e/noto3demoji/latest/1f91c_1f3ff/512.png,512,512,186301,a60361105f9ea14932f747451da0b17a45e1b4919c947fbfc6d97ea8553d8454
👏,Clap,People & Body,1f44f,People Body/clap__1f44f.png,https://fonts.gstatic.com/s/e/noto3demoji/latest/1f44f/512.png,512,512,144966,7a1d4e6daee1ad89f087b34b5baffbaafd0634f34d8f9070debedb6c529efa3d
👏🏻,Clap,People & Body,1f44f_1f3fb,People Body/clap__1f44f_1f3fb.png,https://fonts.gstatic.com/s/e/noto3demoji/latest/1f44f_1f3fb/512.png,512,512,221016,53694bf4d7cd33ec9a15dd7cc22bf2e7c50f79709cbabb1a59b2484aeb35968a
👏🏼,Clap,People & Body,1f44f_1f3fc,People Body/clap__1f44f_1f3fc.png,https://fonts.gstatic.com/s/e/noto3demoji/latest/1f44f_1f3fc/512.png,512,512,186665,ae0c25af0012013854828fc62ec1bb958edfc24f63996f2dc78744402f3d7f0c
👏🏽,Clap,People & Body,1f44f_1f3fd,People Body/clap__1f44f_1f3fd.png,https://fonts.gstatic.com/s/e/noto3demoji/latest/1f44f_1f3fd/512.png,512,512,163186,0bff864a0a63ab01cd668b68f17b6d133a2f8c80d46b533a5af1486fc82ffcd4
👏🏾,Clap,People & Body,1f44f_1f3fe,People Body/clap__1f44f_1f3fe.png,https://fonts.gstatic.com/s/e/noto3demoji/latest/1f44f_1f3fe/512.png,512,512,153849,8382e16d632649408b26322d0266dbebd68d75793a697b7b917f454c7f640c99
👏🏿,Clap,People & Body,1f44f_1f3ff,People Body/clap__1f44f_1f3ff.png,https://fonts.gstatic.com/s/e/noto3demoji/latest/1f44f_1f3ff/512.png,512,512,150431,a8ec3c9b785a0099b3ec71582d4c45608ad00879029b3ae8b847babd7e040ffa
🙌,Raising Hands,People & Body,1f64c,People Body/raising-hands__1f64c.png,https://fonts.gstatic.com/s/e/noto3demoji/latest/1f64c/512.png,512,512,124355,855204f33a9962f523b793dced273ba452903ad414bd95b0846fb215fab65005
🙌🏻,Raising Hands,People & Body,1f64c_1f3fb,People Body/raising-hands__1f64c_1f3fb.png,https://fonts.gstatic.com/s/e/noto3demoji/latest/1f64c_1f3fb/512.png,512,512,151462,8005496ae13a9c4e118c7e0a97d243c31cd8308c1e06f0cbc5f1910386630275
🙌🏼,Raising Hands,People & Body,1f64c_1f3fc,People Body/raising-hands__1f64c_1f3fc.png,https://fonts.gstatic.com/s/e/noto3demoji/latest/1f64c_1f3fc/512.png,512,512,145754,cf0146a5ac514922c6cd8e09a8e552b749b9dc360a33bf00a7914bc38bfb4362
🙌🏽,Raising Hands,People & Body,1f64c_1f3fd,People Body/raising-hands__1f64c_1f3fd.png,https://fonts.gstatic.com/s/e/noto3demoji/latest/1f64c_1f3fd/512.png,512,512,144980,9b09a69f14cd0ce411ced8ffc03fbb42728d672c774af005a94d33058f7979d1
🙌🏾,Raising Hands,People & Body,1f64c_1f3fe,People Body/raising-hands__1f64c_1f3fe.png,https://fonts.gstatic.com/s/e/noto3demoji/latest/1f64c_1f3fe/512.png,512,512,139058,bd45dc27ebeeebcdca5d7d84aaa81bcfc343d288fc8977c22888f315f66b25af
🙌🏿,Raising Hands,People & Body,1f64c_1f3ff,People Body/raising-hands__1f64c_1f3ff.png,https://fonts.gstatic.com/s/e/noto3demoji/latest/1f64c_1f3ff/512.png,512,512,138634,7bc6b0bf8b62c70390ead5918a163865f681dfa9be606dcaf5a31cf614239f8a
🫶,Heart Hands,People & Body,1faf6,People Body/heart-hands__1faf6.png,https://fonts.gstatic.com/s/e/noto3demoji/latest/1faf6/512.png,512,512,115824,43567ce91c34e433079a379a5374f76e29c8299201105ebcc632a68a77d1bb89
🫶🏻,Heart Hands,People & Body,1faf6_1f3fb,People Body/heart-hands__1faf6_1f3fb.png,https://fonts.gstatic.com/s/e/noto3demoji/latest/1faf6_1f3fb/512.png,512,512,151506,423d2545b0458e65393fc51d8e7b14cc89472f9812e22f4431c4ab8753987e48
🫶🏼,Heart Hands,People & Body,1faf6_1f3fc,People Body/heart-hands__1faf6_1f3fc.png,https://fonts.gstatic.com/s/e/noto3demoji/latest/1faf6_1f3fc/512.png,512,512,139953,d39180244b0be871bd6b2adad8ad28bbd26819f395c0e5d4c2945956ce173ac0
🫶🏽,Heart Hands,People & Body,1faf6_1f3fd,People Body/heart-hands__1faf6_1f3fd.png,https://fonts.gstatic.com/s/e/noto3demoji/latest/1faf6_1f3fd/512.png,512,512,141709,2120f4045bdb66eacb7ba596810a1fd6a85e4f4dc285173373c96303117a33dc
🫶🏾,Heart Hands,People & Body,1faf6_1f3fe,People Body/heart-hands__1faf6_1f3fe.png,https://fonts.gstatic.com/s/e/noto3demoji/latest/1faf6_1f3fe/512.png,512,512,135226,c6ba3994e3da6de27de19ebfd5a48860c28fe8b186e8c8b9c5916e64808a8669
🫶🏿,Heart Hands,People & Body,1faf6_1f3ff,People Body/heart-hands__1faf6_1f3ff.png,https://fonts.gstatic.com/s/e/noto3demoji/latest/1faf6_1f3ff/512.png,512,512,137819,85d48bbf740b20c04c679a54502a9a88ee9127566b19896658048988176d856c
👐,Open Hands,People & Body,1f450,People Body/open-hands__1f450.png,https://fonts.gstatic.com/s/e/noto3demoji/latest/1f450/512.png,512,512,107063,0da3bac6821b8378ad92e0616fd6870528ff93e4b6c262f818e51d4df102507b
👐🏻,Open Hands,People & Body,1f450_1f3fb,People Body/open-hands__1f450_1f3fb.png,https://fonts.gstatic.com/s/e/noto3demoji/latest/1f450_1f3fb/512.png,512,512,122165,a83c7650de8b60d01ad5e6cdcb0a2d1947196e39bb8c7cbce33be5cce8a25eba
👐🏼,Open Hands,People & Body,1f450_1f3fc,People Body/open-hands__1f450_1f3fc.png,https://fonts.gstatic.com/s/e/noto3demoji/latest/1f450_1f3fc/512.png,512,512,116200,3c0d3dd5f8a0a15c550e8d3f89281599866cf0c737b1fb91d85319792a7e88ec
👐🏽,Open Hands,People & Body,1f450_1f3fd,People Body/open-hands__1f450_1f3fd.png,https://fonts.gstatic.com/s/e/noto3demoji/latest/1f450_1f3fd/512.png,512,512,115310,4598a087e4381d68587347975738b9bed5ef6ef448b43b8d775175968ffa5e2a
👐🏾,Open Hands,People & Body,1f450_1f3fe,People Body/open-hands__1f450_1f3fe.png,https://fonts.gstatic.com/s/e/noto3demoji/latest/1f450_1f3fe/512.png,512,512,111307,aa7b8733934777302de08e132326b877cac5f41f0a180a57a4f3491365686632
👐🏿,Open Hands,People & Body,1f450_1f3ff,People Body/open-hands__1f450_1f3ff.png,https://fonts.gstatic.com/s/e/noto3demoji/latest/1f450_1f3ff/512.png,512,512,109288,8750b8f81a45b0057ee69f3d879368084d3c8071358342124e10e43d04520b34
🤲,Palms Up,People & Body,1f932,People Body/palms-up__1f932.png,https://fonts.gstatic.com/s/e/noto3demoji/latest/1f932/512.png,512,512,147756,7012ebbc417151ef56142b012d0653dd903caef4cf23dccb0cc0cc3493bc6798
🤲🏻,Palms Up,People & Body,1f932_1f3fb,People Body/palms-up__1f932_1f3fb.png,https://fonts.gstatic.com/s/e/noto3demoji/latest/1f932_1f3fb/512.png,512,512,177877,9a3470e1168dd612776304d2a55b203c40ffeb88a8f65c99a6aebe190cf5b7d8
🤲🏼,Palms Up,People & Body,1f932_1f3fc,People Body/palms-up__1f932_1f3fc.png,https://fonts.gstatic.com/s/e/noto3demoji/latest/1f932_1f3fc/512.png,512,512,171591,a56300aade27c3bafc54ac16f80e57080581776b1b6211fcac69ab1102b69831
🤲🏽,Palms Up,People & Body,1f932_1f3fd,People Body/palms-up__1f932_1f3fd.png,https://fonts.gstatic.com/s/e/noto3demoji/latest/1f932_1f3fd/512.png,512,512,170521,f5814a4930cdce81b57df4f842db2cc63d18b49297e633c94d00c66e2fbb4ad7
🤲🏾,Palms Up,People & Body,1f932_1f3fe,People Body/palms-up__1f932_1f3fe.png,https://fonts.gstatic.com/s/e/noto3demoji/latest/1f932_1f3fe/512.png,512,512,161567,c0ab7d4fb66bb5d3a82fec7393251fe6a42239f45de3baed18e1bbbdcf63f884
🤲🏿,Palms Up,People & Body,1f932_1f3ff,People Body/palms-up__1f932_1f3ff.png,https://fonts.gstatic.com/s/e/noto3demoji/latest/1f932_1f3ff/512.png,512,512,164350,062f951cecfa77674a77a4e6c1bed97ecff8e77f861437a4f7799a7317378c2c
🤝,Handshake,People & Body,1f91d,People Body/handshake__1f91d.png,https://fonts.gstatic.com/s/e/noto3demoji/latest/1f91d/512.png,512,512,140599,e2e2bcdbbf92d743c4195fc5808b11624ed81fab9d8bf61213d1c0518742d40e
🤝🏻,Handshake,People & Body,1f91d_1f3fb,People Body/handshake__1f91d_1f3fb.png,https://fonts.gstatic.com/s/e/noto3demoji/latest/1f91d_1f3fb/512.png,512,512,186313,8d1fb01338a84bf779191ae5c634a9523acbff7428ef5a55ea8387901e524841
🤝🏼,Handshake,People & Body,1f91d_1f3fc,People Body/handshake__1f91d_1f3fc.png,https://fonts.gstatic.com/s/e/noto3demoji/latest/1f91d_1f3fc/512.png,512,512,176760,4f3d39a5df685734ec396f768ba48ecd9eb3f254d00aa5cdf0d77d7a934c2225
🤝🏽,Handshake,People & Body,1f91d_1f3fd,People Body/handshake__1f91d_1f3fd.png,https://fonts.gstatic.com/s/e/noto3demoji/latest/1f91d_1f3fd/512.png,512,512,173959,45baf8a91946a493ba0cb1ee8104cab0ce6b12f1467c6d1790acdba5b265152d
🤝🏾,Handshake,People & Body,1f91d_1f3fe,People Body/handshake__1f91d_1f3fe.png,https://fonts.gstatic.com/s/e/noto3demoji/latest/1f91d_1f3fe/512.png,512,512,167494,f30cdfb96a2a4c66fcae078370f9178107270d053eb8b6fbbb7e6c97323c19b2
🤝🏿,Handshake,People & Body,1f91d_1f3ff,People Body/handshake__1f91d_1f3ff.png,https://fonts.gstatic.com/s/e/noto3demoji/latest/1f91d_1f3ff/512.png,512,512,146327,f305534a5123fc53f6835bfcb4ca0f38a8c24f1841f4ff1f4ed5f4901821767f
🫱🏻‍🫲🏼,Handshake,People & Body,1faf1_1f3fb_200d_1faf2_1f3fc,People Body/handshake__1faf1_1f3fb_200d_1faf2_1f3fc.png,https://fonts.gstatic.com/s/e/noto3demoji/latest/1faf1_1f3fb_200d_1faf2_1f3fc/512.png,512,512,174759,7ab2504dbb57d280468484753337afbd9d62c6400d11bfef95c7fa90eb8939c0
🫱🏻‍🫲🏽,Handshake,People & Body,1faf1_1f3fb_200d_1faf2_1f3fd,People Body/handshake__1faf1_1f3fb_200d_1faf2_1f3fd.png,https://fonts.gstatic.com/s/e/noto3demoji/latest/1faf1_1f3fb_200d_1faf2_1f3fd/512.png,512,512,175419,5b57bc83c7a2fd370a46ea241b89dfdc851eb683e501c45c2986771abe62b587
🫱🏻‍🫲🏾,Handshake,People & Body,1faf1_1f3fb_200d_1faf2_1f3fe,People Body/handshake__1faf1_1f3fb_200d_1faf2_1f3fe.png,https://fonts.gstatic.com/s/e/noto3demoji/latest/1faf1_1f3fb_200d_1faf2_1f3fe/512.png,512,512,174486,019a4d646cf5ef4452f8ff57a6a2f7d9263b9c2b4dc9a99cb2df8e17e20073d7
🫱🏻‍🫲🏿,Handshake,People & Body,1faf1_1f3fb_200d_1faf2_1f3ff,People Body/handshake__1faf1_1f3fb_200d_1faf2_1f3ff.png,https://fonts.gstatic.com/s/e/noto3demoji/latest/1faf1_1f3fb_200d_1faf2_1f3ff/512.png,512,512,172851,172e51b48be49a2f5f66a8c79bc3879f6e25a1f2f6b675e879de9953099e710f
🫱🏼‍🫲🏻,Handshake,People & Body,1faf1_1f3fc_200d_1faf2_1f3fb,People Body/handshake__1faf1_1f3fc_200d_1faf2_1f3fb.png,https://fonts.gstatic.com/s/e/noto3demoji/latest/1faf1_1f3fc_200d_1faf2_1f3fb/512.png,512,512,171046,6e203d6d305b1b769dc4f225eab4f57c50dd2068f921ff5812387eb385334236
🫱🏼‍🫲🏽,Handshake,People & Body,1faf1_1f3fc_200d_1faf2_1f3fd,People Body/handshake__1faf1_1f3fc_200d_1faf2_1f3fd.png,https://fonts.gstatic.com/s/e/noto3demoji/latest/1faf1_1f3fc_200d_1faf2_1f3fd/512.png,512,512,153758,282089a074f3256dd394c0d83486c182bf602d56ff3a9a945022201040ca5d33
🫱🏼‍🫲🏾,Handshake,People & Body,1faf1_1f3fc_200d_1faf2_1f3fe,People Body/handshake__1faf1_1f3fc_200d_1faf2_1f3fe.png,https://fonts.gstatic.com/s/e/noto3demoji/latest/1faf1_1f3fc_200d_1faf2_1f3fe/512.png,512,512,153129,8f162a34d15ebe646b4852f2b3fae6fb5ff5739a899ea2cf9ccae2664291f625
🫱🏼‍🫲🏿,Handshake,People & Body,1faf1_1f3fc_200d_1faf2_1f3ff,People Body/handshake__1faf1_1f3fc_200d_1faf2_1f3ff.png,https://fonts.gstatic.com/s/e/noto3demoji/latest/1faf1_1f3fc_200d_1faf2_1f3ff/512.png,512,512,152553,5f1faa86e661c41b5b532ea105adf6721c14b625093910f952f468c2e20bb877
🫱🏽‍🫲🏻,Handshake,People & Body,1faf1_1f3fd_200d_1faf2_1f3fb,People Body/handshake__1faf1_1f3fd_200d_1faf2_1f3fb.png,https://fonts.gstatic.com/s/e/noto3demoji/latest/1faf1_1f3fd_200d_1faf2_1f3fb/512.png,512,512,170822,2c71de194768c20bd6d9e2039d88a32c435c8a358a0783663ee3b0baeaf96cad
🫱🏽‍🫲🏼,Handshake,People & Body,1faf1_1f3fd_200d_1faf2_1f3fc,People Body/handshake__1faf1_1f3fd_200d_1faf2_1f3fc.png,https://fonts.gstatic.com/s/e/noto3demoji/latest/1faf1_1f3fd_200d_1faf2_1f3fc/512.png,512,512,154090,abd4aff29aecbfa4614219671f81a1fb4d8117ca3085a590decd91bcfd5bc119
🫱🏽‍🫲🏾,Handshake,People & Body,1faf1_1f3fd_200d_1faf2_1f3fe,People Body/handshake__1faf1_1f3fd_200d_1faf2_1f3fe.png,https://fonts.gstatic.com/s/e/noto3demoji/latest/1faf1_1f3fd_200d_1faf2_1f3fe/512.png,512,512,150473,52d9c4190c993b8ea3327b2ea8d4660066004cff2d47a796c6c82909ec71c11a
🫱🏽‍🫲🏿,Handshake,People & Body,1faf1_1f3fd_200d_1faf2_1f3ff,People Body/handshake__1faf1_1f3fd_200d_1faf2_1f3ff.png,https://fonts.gstatic.com/s/e/noto3demoji/latest/1faf1_1f3fd_200d_1faf2_1f3ff/512.png,512,512,149748,f82515f930ad5051b08755d8c43d6a49e4c4e3939a79176516cd7148a82a6480
🫱🏾‍🫲🏻,Handshake,People & Body,1faf1_1f3fe_200d_1faf2_1f3fb,People Body/handshake__1faf1_1f3fe_200d_1faf2_1f3fb.png,https://fonts.gstatic.com/s/e/noto3demoji/latest/1faf1_1f3fe_200d_1faf2_1f3fb/512.png,512,512,168601,cd135fd392a583feaea119236ada6d66bcc6f7d68a6b894fbbf60253b2a3be9e
🫱🏾‍🫲🏼,Handshake,People & Body,1faf1_1f3fe_200d_1faf2_1f3fc,People Body/handshake__1faf1_1f3fe_200d_1faf2_1f3fc.png,https://fonts.gstatic.com/s/e/noto3demoji/latest/1faf1_1f3fe_200d_1faf2_1f3fc/512.png,512,512,151784,e8e34bd285fd2c1e915dad714d6783f7f08f66ab9a20a3f94a7f7eef576147ad
🫱🏾‍🫲🏽,Handshake,People & Body,1faf1_1f3fe_200d_1faf2_1f3fd,People Body/handshake__1faf1_1f3fe_200d_1faf2_1f3fd.png,https://fonts.gstatic.com/s/e/noto3demoji/latest/1faf1_1f3fe_200d_1faf2_1f3fd/512.png,512,512,148861,118df02767f233c97024b7bbb3de63f676378327e3f6fc2b0a02cc3adbfda23c
🫱🏾‍🫲🏿,Handshake,People & Body,1faf1_1f3fe_200d_1faf2_1f3ff,People Body/handshake__1faf1_1f3fe_200d_1faf2_1f3ff.png,https://fonts.gstatic.com/s/e/noto3demoji/latest/1faf1_1f3fe_200d_1faf2_1f3ff/512.png,512,512,146057,488a5142f9146edd1ddce1318559bf3463f87e52a547fc736d5f65d8b559333e
🫱🏿‍🫲🏻,Handshake,People & Body,1faf1_1f3ff_200d_1faf2_1f3fb,People Body/handshake__1faf1_1f3ff_200d_1faf2_1f3fb.png,https://fonts.gstatic.com/s/e/noto3demoji/latest/1faf1_1f3ff_200d_1faf2_1f3fb/512.png,512,512,170984,7ae015c5d51c8d2e2cdfa75b0f31f4eec44158d03aa4862e68af296ea97c35dc
🫱🏿‍🫲🏼,Handshake,People & Body,1faf1_1f3ff_200d_1faf2_1f3fc,People Body/handshake__1faf1_1f3ff_200d_1faf2_1f3fc.png,https://fonts.gstatic.com/s/e/noto3demoji/latest/1faf1_1f3ff_200d_1faf2_1f3fc/512.png,512,512,155079,905f7b151435d6ef4678d70618f88b33530be13022779ae16cfd355a146997a6
🫱🏿‍🫲🏽,Handshake,People & Body,1faf1_1f3ff_200d_1faf2_1f3fd,People Body/handshake__1faf1_1f3ff_200d_1faf2_1f3fd.png,https://fonts.gstatic.com/s/e/noto3demoji/latest/1faf1_1f3ff_200d_1faf2_1f3fd/512.png,512,512,152566,1a30a4a5e1e558d4c9a24ab20389dca1a6e3d754ddab3d3d9c1c120268d83c43
🫱🏿‍🫲🏾,Handshake,People & Body,1faf1_1f3ff_200d_1faf2_1f3fe,People Body/handshake__1faf1_1f3ff_200d_1faf2_1f3fe.png,https://fonts.gstatic.com/s/e/noto3demoji/latest/1faf1_1f3ff_200d_1faf2_1f3fe/512.png,512,512,151711,330ed76ce4f9f2a1c6c3f71cbbfcab3d26d6b39fd4654d14eba7ef72f88a4c5d
🙏,Folded Hands,People & Body,1f64f,People Body/folded-hands__1f64f.png,https://fonts.gstatic.com/s/e/noto3demoji/latest/1f64f/512.png,512,512,104594,57f186f4a2379a783c0a5f148ceb7ae9be939441fa18deca9a1447ba4d7b5dc9
🙏🏻,Folded Hands,People & Body,1f64f_1f3fb,People Body/folded-hands__1f64f_1f3fb.png,https://fonts.gstatic.com/s/e/noto3demoji/latest/1f64f_1f3fb/512.png,512,512,118907,b058ec7829a577559c0593d62c940b976fa25fe82420c0964ebe5a875e823f7d
🙏🏼,Folded Hands,People & Body,1f64f_1f3fc,People Body/folded-hands__1f64f_1f3fc.png,https://fonts.gstatic.com/s/e/noto3demoji/latest/1f64f_1f3fc/512.png,512,512,117974,38585daddc5d1c0958e21623a222aafd293496afdb6b12cd91ac9615f3f0f430
🙏🏽,Folded Hands,People & Body,1f64f_1f3fd,People Body/folded-hands__1f64f_1f3fd.png,https://fonts.gstatic.com/s/e/noto3demoji/latest/1f64f_1f3fd/512.png,512,512,113680,dca6c9f25354ba0efa3c3940a8c69dd9b45cab0a86a800cf17d776a07e73c896
🙏🏾,Folded Hands,People & Body,1f64f_1f3fe,People Body/folded-hands__1f64f_1f3fe.png,https://fonts.gstatic.com/s/e/noto3demoji/latest/1f64f_1f3fe/512.png,512,512,110539,e884c981e8ca243c21185781423bce25b41d4fa95b7c4f0581f040d83b7ad3e2
🙏🏿,Folded Hands,People & Body,1f64f_1f3ff,People Body/folded-hands__1f64f_1f3ff.png,https://fonts.gstatic.com/s/e/noto3demoji/latest/1f64f_1f3ff/512.png,512,512,108422,0272ad8b41ced2504ef017a8ef3811040b55dbc56440a1074b826a346358bc34
✍,Writing Hand,People & Body,270d,People Body/writing-hand__270d.png,https://fonts.gstatic.com/s/e/noto3demoji/latest/270d/512.png,512,512,153240,0af9faf3ab85fa033a8cd65d3449f83245a9df799e5827ee5f1fe1ef69152c83
✍🏻,Writing Hand,People & Body,270d_1f3fb,People Body/writing-hand__270d_1f3fb.png,https://fonts.gstatic.com/s/e/noto3demoji/latest/270d_1f3fb/512.png,512,512,184716,a13c9be5e9323c0f25c3e0bb751e5ad4efd1599a98c54729c41e41d2e10d41c1
✍🏼,Writing Hand,People & Body,270d_1f3fc,People Body/writing-hand__270d_1f3fc.png,https://fonts.gstatic.com/s/e/noto3demoji/latest/270d_1f3fc/512.png,512,512,169998,4f0baecd4ac6b9af6b53803bc019aa7cd6d4649886682c0b9aa82edd2bbc5bf1
✍🏽,Writing Hand,People & Body,270d_1f3fd,People Body/writing-hand__270d_1f3fd.png,https://fonts.gstatic.com/s/e/noto3demoji/latest/270d_1f3fd/512.png,512,512,166470,dff9d610c5d286e0fd8d98c254ae80f993d03f4dc3a4649493176634df7edbb1
✍🏾,Writing Hand,People & Body,270d_1f3fe,People Body/writing-hand__270d_1f3fe.png,https://fonts.gstatic.com/s/e/noto3demoji/latest/270d_1f3fe/512.png,512,512,161818,41a01d4fa2cfc756e237c72da7f7b3a8f16d44c4499969834778596be0c22150
✍🏿,Writing Hand,People & Body,270d_1f3ff,People Body/writing-hand__270d_1f3ff.png,https://fonts.gstatic.com/s/e/noto3demoji/latest/270d_1f3ff/512.png,512,512,165014,cb4fd1f46995e584e17bbe2355927e6abb85dabcdc94a2f1a56715f475638a0b
💅,Nail Care,People & Body,1f485,People Body/nail-care__1f485.png,https://fonts.gstatic.com/s/e/noto3demoji/latest/1f485/512.png,512,512,177130,e772c4c75e0526a8058d89813f0da5a16ee44e5fc1fe443b70cf0de08a010765
💅🏻,Nail Care,People & Body,1f485_1f3fb,People Body/nail-care__1f485_1f3fb.png,https://fonts.gstatic.com/s/e/noto3demoji/latest/1f485_1f3fb/512.png,512,512,208182,52d916c87e43d4f385c1e75c8f1a8f8c55e8792df8871271b3d4a103c1028321
💅🏼,Nail Care,People & Body,1f485_1f3fc,People Body/nail-care__1f485_1f3fc.png,https://fonts.gstatic.com/s/e/noto3demoji/latest/1f485_1f3fc/512.png,512,512,186359,f11116a9209fca8ceee563186372af506312d8e7bada01f0a06f6abede421f63
💅🏽,Nail Care,People & Body,1f485_1f3fd,People Body/nail-care__1f485_1f3fd.png,https://fonts.gstatic.com/s/e/noto3demoji/latest/1f485_1f3fd/512.png,512,512,183699,2db5d376364057986de0b3d8c92a8d5d8c8504161b8a5ce68cbc07a966aff70c
💅🏾,Nail Care,People & Body,1f485_1f3fe,People Body/nail-care__1f485_1f3fe.png,https://fonts.gstatic.com/s/e/noto3demoji/latest/1f485_1f3fe/512.png,512,512,178012,b38200d79dbabdd208481b75da017527ddf717edbd12d63c70f4a3c19af8ea51
💅🏿,Nail Care,People & Body,1f485_1f3ff,People Body/nail-care__1f485_1f3ff.png,https://fonts.gstatic.com/s/e/noto3demoji/latest/1f485_1f3ff/512.png,512,512,178670,67131ac02d337616d2b108a31e9809a483acda014f6523560d362204d51db299
🤳,Selfie,People & Body,1f933,People Body/selfie__1f933.png,https://fonts.gstatic.com/s/e/noto3demoji/latest/1f933/512.png,512,512,110807,89ddbb6ea7790b66207e3d1cef99f94f46579323b8208724d5e00d7e30d89938
🤳🏻,Selfie,People & Body,1f933_1f3fb,People Body/selfie__1f933_1f3fb.png,https://fonts.gstatic.com/s/e/noto3demoji/latest/1f933_1f3fb/512.png,512,512,115679,af9644e711ed6753401e08abcfd960664911ebef99811f3158251f527f4c87f9
🤳🏼,Selfie,People & Body,1f933_1f3fc,People Body/selfie__1f933_1f3fc.png,https://fonts.gstatic.com/s/e/noto3demoji/latest/1f933_1f3fc/512.png,512,512,114375,51ec7b7e4c2d2967ae0f0a46fcca3882623ae350972ec0f7bf9d2514d608d5cd
🤳🏽,Selfie,People & Body,1f933_1f3fd,People Body/selfie__1f933_1f3fd.png,https://fonts.gstatic.com/s/e/noto3demoji/latest/1f933_1f3fd/512.png,512,512,113542,983205558fbcbd51de9c957bbe39539eeab5285f11f7e02468429b2e8f84a7f2
🤳🏾,Selfie,People & Body,1f933_1f3fe,People Body/selfie__1f933_1f3fe.png,https://fonts.gstatic.com/s/e/noto3demoji/latest/1f933_1f3fe/512.png,512,512,113342,cadfbd3843556fed7827300e65afa86ea94a641c938338eb137b9a44f2df3da0
🤳🏿,Selfie,People & Body,1f933_1f3ff,People Body/selfie__1f933_1f3ff.png,https://fonts.gstatic.com/s/e/noto3demoji/latest/1f933_1f3ff/512.png,512,512,112338,54fae5b3382dd74c87f3a89fee59b5418352a4262e52fe6411aeda0c8d3177fd
💪,Muscle,People & Body,1f4aa,People Body/muscle__1f4aa.png,https://fonts.gstatic.com/s/e/noto3demoji/latest/1f4aa/512.png,512,512,126620,fb4f622871acc8af2be42a2b2b1bf79b8631e9ac8be83bd1de4ebf15f775141b
💪🏻,Muscle,People & Body,1f4aa_1f3fb,People Body/muscle__1f4aa_1f3fb.png,https://fonts.gstatic.com/s/e/noto3demoji/latest/1f4aa_1f3fb/512.png,512,512,140491,2544779a8226f645b4f06ebb7967e443a2a14a1089885e90e987113cf90e30fd
💪🏼,Muscle,People & Body,1f4aa_1f3fc,People Body/muscle__1f4aa_1f3fc.png,https://fonts.gstatic.com/s/e/noto3demoji/latest/1f4aa_1f3fc/512.png,512,512,143231,61f0e10f3e97202d506fa56fee251e7a89e76634f2b0632e805896faca1e983f
💪🏽,Muscle,People & Body,1f4aa_1f3fd,People Body/muscle__1f4aa_1f3fd.png,https://fonts.gstatic.com/s/e/noto3demoji/latest/1f4aa_1f3fd/512.png,512,512,140198,fc39718682c50a1e622967dab5fe0cf6840307e44dd5a1731a3aeec5370c186c
💪🏾,Muscle,People & Body,1f4aa_1f3fe,People Body/muscle__1f4aa_1f3fe.png,https://fonts.gstatic.com/s/e/noto3demoji/latest/1f4aa_1f3fe/512.png,512,512,131369,82a6607afd0d41575ac409c2079e7d063fb61a23e6a1357abed013598e0765df
💪🏿,Muscle,People & Body,1f4aa_1f3ff,People Body/muscle__1f4aa_1f3ff.png,https://fonts.gstatic.com/s/e/noto3demoji/latest/1f4aa_1f3ff/512.png,512,512,122447,d9634e8078a66745917dd6fde56f26472e880743f00025551d7b1c417e4b7862
🦾,Arm Mechanical,People & Body,1f9be,People Body/arm-mechanical__1f9be.png,https://fonts.gstatic.com/s/e/noto3demoji/latest/1f9be/512.png,512,512,191845,90af115e0e968886f7f9ca1be7d1edcc45188c56aba5860898340a9b28c00010
🦿,Leg Mechanical,People & Body,1f9bf,People Body/leg-mechanical__1f9bf.png,https://fonts.gstatic.com/s/e/noto3demoji/latest/1f9bf/512.png,512,512,114193,0f45b2a168d42890d5b1bd2855c7b8b692bb155b7c2f6652bbe61239ac6ad621
🦵,Leg,People & Body,1f9b5,People Body/leg__1f9b5.png,https://fonts.gstatic.com/s/e/noto3demoji/latest/1f9b5/512.png,512,512,84632,51174c6457c356a5da42e4aca9578122e1cec3503bb310bdb64f9f7ec3a80ad5
🦵🏻,Leg,People & Body,1f9b5_1f3fb,People Body/leg__1f9b5_1f3fb.png,https://fonts.gstatic.com/s/e/noto3demoji/latest/1f9b5_1f3fb/512.png,512,512,122017,47d2ac9806433ca72e13bfe54e2f925f657b06c0eafcba3bf8cf9e8d356795ea
🦵🏼,Leg,People & Body,1f9b5_1f3fc,People Body/leg__1f9b5_1f3fc.png,https://fonts.gstatic.com/s/e/noto3demoji/latest/1f9b5_1f3fc/512.png,512,512,99046,15aafcf0764e55bbdc94d88a301739611c3abdd98074871bcf636a7c8d8ae44a
🦵🏽,Leg,People & Body,1f9b5_1f3fd,People Body/leg__1f9b5_1f3fd.png,https://fonts.gstatic.com/s/e/noto3demoji/latest/1f9b5_1f3fd/512.png,512,512,98320,436d46b99d3e7b125172a6a1f8449a42df916dcf2e608e30c814be9d655b0eac
🦵🏾,Leg,People & Body,1f9b5_1f3fe,People Body/leg__1f9b5_1f3fe.png,https://fonts.gstatic.com/s/e/noto3demoji/latest/1f9b5_1f3fe/512.png,512,512,93680,17d6b4350dca52d960c88e1f00522b3a6a6e64bd7058edd210c358a7725cacba
🦵🏿,Leg,People & Body,1f9b5_1f3ff,People Body/leg__1f9b5_1f3ff.png,https://fonts.gstatic.com/s/e/noto3demoji/latest/1f9b5_1f3ff/512.png,512,512,89444,9505e2133199ced8defaccf817773d7435131f809fd8291d3f5ffa2d063b7ba9
🦶,Foot,People & Body,1f9b6,People Body/foot__1f9b6.png,https://fonts.gstatic.com/s/e/noto3demoji/latest/1f9b6/512.png,512,512,106334,a6f924a94265e1f35a3b15fdea205ea218d427ad25c0dd7a162697d7b3ec6514
🦶🏻,Foot,People & Body,1f9b6_1f3fb,People Body/foot__1f9b6_1f3fb.png,https://fonts.gstatic.com/s/e/noto3demoji/latest/1f9b6_1f3fb/512.png,512,512,166703,afbcb826408c9316f096ce21f2f3e4f3ce7bc3299e5c36d1366e78ee2e8527a5
🦶🏼,Foot,People & Body,1f9b6_1f3fc,People Body/foot__1f9b6_1f3fc.png,https://fonts.gstatic.com/s/e/noto3demoji/latest/1f9b6_1f3fc/512.png,512,512,132527,5d3f7774dbad8e84b7e7bc30df6b7ebb310aeaca60efd2da3da330d8f8f73859
🦶🏽,Foot,People & Body,1f9b6_1f3fd,People Body/foot__1f9b6_1f3fd.png,https://fonts.gstatic.com/s/e/noto3demoji/latest/1f9b6_1f3fd/512.png,512,512,135967,09310eb4fd222a610976949802cbc00b253d1d7ec6030f19193b84ec2b470d6b
🦶🏾,Foot,People & Body,1f9b6_1f3fe,People Body/foot__1f9b6_1f3fe.png,https://fonts.gstatic.com/s/e/noto3demoji/latest/1f9b6_1f3fe/512.png,512,512,125602,efcd6e68044cdae47ae9572ceac1c9845a0de0a42a7aaa5ec1ba52c666a0266f
🦶🏿,Foot,People & Body,1f9b6_1f3ff,People Body/foot__1f9b6_1f3ff.png,https://fonts.gstatic.com/s/e/noto3demoji/latest/1f9b6_1f3ff/512.png,512,512,115136,4b49d37e83241921955e0138205983ac1044c34a248bd4625036ea319ff2d33c
👂,Ear,People & Body,1f442,People Body/ear__1f442.png,https://fonts.gstatic.com/s/e/noto3demoji/latest/1f442/512.png,512,512,131210,9dff99d038fb5fc24d42b3ff84d83ebd7ed5f2f8fadd16f206048e1d50d5b97b
👂🏻,Ear,People & Body,1f442_1f3fb,People Body/ear__1f442_1f3fb.png,https://fonts.gstatic.com/s/e/noto3demoji/latest/1f442_1f3fb/512.png,512,512,172641,3bddd4377bff06f1ea4fbaf3e092fa362560b65b8c84a2154b3a146fd7c5f07e
👂🏼,Ear,People & Body,1f442_1f3fc,People Body/ear__1f442_1f3fc.png,https://fonts.gstatic.com/s/e/noto3demoji/latest/1f442_1f3fc/512.png,512,512,140460,ef0c1ff4acf7ae05f81a38bd592cda2881dea8b502cf58ba36af6b5601aab5bd
👂🏽,Ear,People & Body,1f442_1f3fd,People Body/ear__1f442_1f3fd.png,https://fonts.gstatic.com/s/e/noto3demoji/latest/1f442_1f3fd/512.png,512,512,133252,8a14a3704e8ad3aa3fa48589c07cacc29362620d5e42b8984f4535cdd31e443d
👂🏾,Ear,People & Body,1f442_1f3fe,People Body/ear__1f442_1f3fe.png,https://fonts.gstatic.com/s/e/noto3demoji/latest/1f442_1f3fe/512.png,512,512,127286,dd47e1a4a80f203c17961c1e3d945d5a15e7fb15949e7e8bd5fd843e4a0675fb
👂🏿,Ear,People & Body,1f442_1f3ff,People Body/ear__1f442_1f3ff.png,https://fonts.gstatic.com/s/e/noto3demoji/latest/1f442_1f3ff/512.png,512,512,127843,4133f9eafd90b26801deaf93511260e629df14f7cba48f5613da5f0a32aeb0e2
🦻,Hearing Aid,People & Body,1f9bb,People Body/hearing-aid__1f9bb.png,https://fonts.gstatic.com/s/e/noto3demoji/latest/1f9bb/512.png,512,512,194871,d972386cb9f65a41c0476c94ed0b48db5880be7d0898067c66a69a15ac44f751
🦻🏻,Hearing Aid,People & Body,1f9bb_1f3fb,People Body/hearing-aid__1f9bb_1f3fb.png,https://fonts.gstatic.com/s/e/noto3demoji/latest/1f9bb_1f3fb/512.png,512,512,228874,e9365944c5a5494b0c8571522bb1a9c49f652e38b6c26d38f8d298e1a7c658c6
🦻🏼,Hearing Aid,People & Body,1f9bb_1f3fc,People Body/hearing-aid__1f9bb_1f3fc.png,https://fonts.gstatic.com/s/e/noto3demoji/latest/1f9bb_1f3fc/512.png,512,512,199531,9b25f0bf5baaf55884f6abdb2e0555b21d26287dfa02a1d6895eab9198497e48
🦻🏽,Hearing Aid,People & Body,1f9bb_1f3fd,People Body/hearing-aid__1f9bb_1f3fd.png,https://fonts.gstatic.com/s/e/noto3demoji/latest/1f9bb_1f3fd/512.png,512,512,191910,38e2e6eca84b5f9d18e308674c2eb107c5bc2a4e23e59c5d2ea1f32d213af2e9
🦻🏾,Hearing Aid,People & Body,1f9bb_1f3fe,People Body/hearing-aid__1f9bb_1f3fe.png,https://fonts.gstatic.com/s/e/noto3demoji/latest/1f9bb_1f3fe/512.png,512,512,187650,0dd76d20a95a984e2d03cfe45737d4f8e2586656ce0be6890aa94f281c304d13
🦻🏿,Hearing Aid,People & Body,1f9bb_1f3ff,People Body/hearing-aid__1f9bb_1f3ff.png,https://fonts.gstatic.com/s/e/noto3demoji/latest/1f9bb_1f3ff/512.png,512,512,190107,01438acc8749d5e975d93b3e1b8d0f09469b749f4cd7a7abc27ec91e54c40816
👃,Nose,People & Body,1f443,People Body/nose__1f443.png,https://fonts.gstatic.com/s/e/noto3demoji/latest/1f443/512.png,512,512,99911,38aa47573c81d982c5bc19e6fadd7429f5225e0cb09543e2f2b825887b8fb8b5
👃🏻,Nose,People & Body,1f443_1f3fb,People Body/nose__1f443_1f3fb.png,https://fonts.gstatic.com/s/e/noto3demoji/latest/1f443_1f3fb/512.png,512,512,127568,c51781036861d370308518e133e7de104ed078a70afc62056f02373ee31e556f
👃🏼,Nose,People & Body,1f443_1f3fc,People Body/nose__1f443_1f3fc.png,https://fonts.gstatic.com/s/e/noto3demoji/latest/1f443_1f3fc/512.png,512,512,128877,828b6ce7880580c58c2c93e8869d45f52611ca16bb6934c8f687469e12108bef
👃🏽,Nose,People & Body,1f443_1f3fd,People Body/nose__1f443_1f3fd.png,https://fonts.gstatic.com/s/e/noto3demoji/latest/1f443_1f3fd/512.png,512,512,129154,974d69464dedf1dfac187547777729c5de7579a23d8fbc4dd427d79856cdfb33
👃🏾,Nose,People & Body,1f443_1f3fe,People Body/nose__1f443_1f3fe.png,https://fonts.gstatic.com/s/e/noto3demoji/latest/1f443_1f3fe/512.png,512,512,122107,042c99e479e950ad93bf81f59458f509fa749c10b984833f3487ecf7355d1e1b
👃🏿,Nose,People & Body,1f443_1f3ff,People Body/nose__1f443_1f3ff.png,https://fonts.gstatic.com/s/e/noto3demoji/latest/1f443_1f3ff/512.png,512,512,117708,4be74a5b67805e97ab07d4ccb35d91115a287edff22bb886fd2232eac4c5663b
🧠,Brain,People & Body,1f9e0,People Body/brain__1f9e0.png,https://fonts.gstatic.com/s/e/noto3demoji/latest/1f9e0/512.png,512,512,188555,6475d4075e90b4b36dcf94bda9bdcd1fc76e28940200fd0a8496ffb3770c7461
🫀,Anatomical Heart,People & Body,1fac0,People Body/anatomical-heart__1fac0.png,https://fonts.gstatic.com/s/e/noto3demoji/latest/1fac0/512.png,512,512,150211,b132166b4b4370cd0d51078ac6d8128302070bcca1c6eebf41373126ce068bd7
🫁,Lungs,People & Body,1fac1,People Body/lungs__1fac1.png,https://fonts.gstatic.com/s/e/noto3demoji/latest/1fac1/512.png,512,512,170997,341efb91d160b21586ec068e9c48fa07b599da51a711513713dd2d0f55e24e15
🦷,Tooth,People & Body,1f9b7,People Body/tooth__1f9b7.png,https://fonts.gstatic.com/s/e/noto3demoji/latest/1f9b7/512.png,512,512,131633,cd36341c9ecb31595f090e41d945afc22db4ed00177903ffbd53bf15a5ea77a6
🦴,Bone,People & Body,1f9b4,People Body/bone__1f9b4.png,https://fonts.gstatic.com/s/e/noto3demoji/latest/1f9b4/512.png,512,512,138624,51b8dfb50d2ba8f9efda06d09ab9b4c96a52f7f50042784a941eed9491f957a5
👀,Eyes,People & Body,1f440,People Body/eyes__1f440.png,https://fonts.gstatic.com/s/e/noto3demoji/latest/1f440/512.png,512,512,124887,d7cdf4cb32245cc0dc80b20891b7fd08451f5374f06d0f5c904126cc638f52b1
👁,Eye,People & Body,1f441,People Body/eye__1f441.png,https://fonts.gstatic.com/s/e/noto3demoji/latest/1f441/512.png,512,512,138688,9ebd0adfe199c865ea9076c6af103e29b6101d4b1af649917451577753b9f6a4
👅,Tongue,People & Body,1f445,People Body/tongue__1f445.png,https://fonts.gstatic.com/s/e/noto3demoji/latest/1f445/512.png,512,512,163249,d8e630842b7c7b1f59e989820d47c8bf1e8150e36814379c533f41984d72530e
👄,Mouth,People & Body,1f444,People Body/mouth__1f444.png,https://fonts.gstatic.com/s/e/noto3demoji/latest/1f444/512.png,512,512,112546,47d396c760727ac6645b812408bf98a7f11942997fd13929302e167b15ca0c9c
🫦,Biting Lip,People & Body,1fae6,People Body/biting-lip__1fae6.png,https://fonts.gstatic.com/s/e/noto3demoji/latest/1fae6/512.png,512,512,105500,d4395187477b28052ee84a1fa41b8633f64f28122b25530405eebff912a97de2
👶,Baby,People & Body,1f476,People Body/baby__1f476.png,https://fonts.gstatic.com/s/e/noto3demoji/latest/1f476/512.png,512,512,123832,a1c408fd690bc38c750fc7dfb3594ffcb4204318128d1878c2990fd376985525
👶🏻,Baby,People & Body,1f476_1f3fb,People Body/baby__1f476_1f3fb.png,https://fonts.gstatic.com/s/e/noto3demoji/latest/1f476_1f3fb/512.png,512,512,147543,2d7faba919f657e781594b954130546a72a2852104e91ab9b8bb539b5537032a
👶🏼,Baby,People & Body,1f476_1f3fc,People Body/baby__1f476_1f3fc.png,https://fonts.gstatic.com/s/e/noto3demoji/latest/1f476_1f3fc/512.png,512,512,147143,3c5e0ccba48156be066d60b224a0c2d8db271a06a1561ccc8ae41715d97eb466
👶🏽,Baby,People & Body,1f476_1f3fd,People Body/baby__1f476_1f3fd.png,https://fonts.gstatic.com/s/e/noto3demoji/latest/1f476_1f3fd/512.png,512,512,139919,0db5fec5e423b2f13f8cdd3b58d24126ef89f7375cff5bd6183483f25b9988f6
👶🏾,Baby,People & Body,1f476_1f3fe,People Body/baby__1f476_1f3fe.png,https://fonts.gstatic.com/s/e/noto3demoji/latest/1f476_1f3fe/512.png,512,512,139741,d91ba85cb3b584fa3893bcc4a67c3e124f48c2ca2cd95b0f6a46c8519fbdec7b
👶🏿,Baby,People & Body,1f476_1f3ff,People Body/baby__1f476_1f3ff.png,https://fonts.gstatic.com/s/e/noto3demoji/latest/1f476_1f3ff/512.png,512,512,135454,fd481881635a6c2393a6b15666b642b411f2bbc7baa77c266b760ebd715b651d
🧒,Child,People & Body,1f9d2,People Body/child__1f9d2.png,https://fonts.gstatic.com/s/e/noto3demoji/latest/1f9d2/512.png,512,512,151923,1fb7f3673d5db00a7ae024b1d8ce5bd8d2dd3417f3024a5098897161cc70944d
🧒🏻,Child,People & Body,1f9d2_1f3fb,People Body/child__1f9d2_1f3fb.png,https://fonts.gstatic.com/s/e/noto3demoji/latest/1f9d2_1f3fb/512.png,512,512,166727,96075998d9cebfeb1f6b6fd0943b658c64e3f407ddd09e5ddb12e6ffc2ba7d10
🧒🏼,Child,People & Body,1f9d2_1f3fc,People Body/child__1f9d2_1f3fc.png,https://fonts.gstatic.com/s/e/noto3demoji/latest/1f9d2_1f3fc/512.png,512,512,165404,4118bba1237450209bfa1f37367bac9a0010c7947ba3f35d447b2f4087967b38
🧒🏽,Child,People & Body,1f9d2_1f3fd,People Body/child__1f9d2_1f3fd.png,https://fonts.gstatic.com/s/e/noto3demoji/latest/1f9d2_1f3fd/512.png,512,512,157806,e9a0ec323190fb4629dd0f456b2a97e7158f2c8c93a6caf69d259de7b1c0922e
🧒🏾,Child,People & Body,1f9d2_1f3fe,People Body/child__1f9d2_1f3fe.png,https://fonts.gstatic.com/s/e/noto3demoji/latest/1f9d2_1f3fe/512.png,512,512,158168,968bd761a59bc29ff50a61d58d9786bc4b13a6fd8ee4be68449af81c2cefc8a3
🧒🏿,Child,People & Body,1f9d2_1f3ff,People Body/child__1f9d2_1f3ff.png,https://fonts.gstatic.com/s/e/noto3demoji/latest/1f9d2_1f3ff/512.png,512,512,152535,556b6a6e370c9324fa0e1f956eb28ea41b2d140e1491300a6f67c108c1584983
👦,Child,People & Body,1f466,People Body/child__1f466.png,https://fonts.gstatic.com/s/e/noto3demoji/latest/1f466/512.png,512,512,136958,00ece3cfcb627c729329db20397786dcaa8906ec497388ffef9935256828aeef
👦🏻,Child,People & Body,1f466_1f3fb,People Body/child__1f466_1f3fb.png,https://fonts.gstatic.com/s/e/noto3demoji/latest/1f466_1f3fb/512.png,512,512,151918,a0601dc6a4cbbd598a7870af72cff36d236d65e731f455b86955a8029e797395
👦🏼,Child,People & Body,1f466_1f3fc,People Body/child__1f466_1f3fc.png,https://fonts.gstatic.com/s/e/noto3demoji/latest/1f466_1f3fc/512.png,512,512,151737,4334510921f747cac9e9965d91eb0f73577b7dd6071217120178dbe6047daae0
👦🏽,Child,People & Body,1f466_1f3fd,People Body/child__1f466_1f3fd.png,https://fonts.gstatic.com/s/e/noto3demoji/latest/1f466_1f3fd/512.png,512,512,144188,322d2008946f4a351c57c7e2fd63979a0fcbefe7a88fccdf794171ebf073f860
👦🏾,Child,People & Body,1f466_1f3fe,People Body/child__1f466_1f3fe.png,https://fonts.gstatic.com/s/e/noto3demoji/latest/1f466_1f3fe/512.png,512,512,143592,a34adb2e98c9e1b7408499b42b71200542b35c0572fd7d93e51ccceb5a766ecd
👦🏿,Child,People & Body,1f466_1f3ff,People Body/child__1f466_1f3ff.png,https://fonts.gstatic.com/s/e/noto3demoji/latest/1f466_1f3ff/512.png,512,512,139360,e364985488e40e9299661141a0c98a0dd3ac3662b8d46596a649b1714b3e1b8f
👧,Child,People & Body,1f467,People Body/child__1f467.png,https://fonts.gstatic.com/s/e/noto3demoji/latest/1f467/512.png,512,512,154111,ace7dd5e3756f540d7d990606fd171b35e5d2787517e336baf03a7ac11d1bad0
👧🏻,Child,People & Body,1f467_1f3fb,People Body/child__1f467_1f3fb.png,https://fonts.gstatic.com/s/e/noto3demoji/latest/1f467_1f3fb/512.png,512,512,164034,ceaca95e624cc97bc957b63aa6545acc54178fe1eb97508a6b6712c1402fb8d8
👧🏼,Child,People & Body,1f467_1f3fc,People Body/child__1f467_1f3fc.png,https://fonts.gstatic.com/s/e/noto3demoji/latest/1f467_1f3fc/512.png,512,512,166437,27270265e4476aa35a44cc4dea2b94ccb152efb915a626eeeb6a7048f36ca4ec
👧🏽,Child,People & Body,1f467_1f3fd,People Body/child__1f467_1f3fd.png,https://fonts.gstatic.com/s/e/noto3demoji/latest/1f467_1f3fd/512.png,512,512,159365,103d0fbc3b6703bfdf1fc402bd4227f1d7c53e958bc5d2581e33ba259ae9a4e4
👧🏾,Child,People & Body,1f467_1f3fe,People Body/child__1f467_1f3fe.png,https://fonts.gstatic.com/s/e/noto3demoji/latest/1f467_1f3fe/512.png,512,512,160023,d8090ad3552f46b71c6f60e68e9a342c07a432b77016fd82f841f09b73075322
👧🏿,Child,People & Body,1f467_1f3ff,People Body/child__1f467_1f3ff.png,https://fonts.gstatic.com/s/e/noto3demoji/latest/1f467_1f3ff/512.png,512,512,152269,97cff30f8b662ad97e9ead5ae4a05eaf65cf5c51d2e655823bca4f76db66aedd
🧑,Adult,People & Body,1f9d1,People Body/adult__1f9d1.png,https://fonts.gstatic.com/s/e/noto3demoji/latest/1f9d1/512.png,512,512,166034,db610c55e1a0d32cc99faa90a1ccf65e03daa62526871bc7bf691ad7fa9266cf
🧑🏻,Adult,People & Body,1f9d1_1f3fb,People Body/adult__1f9d1_1f3fb.png,https://fonts.gstatic.com/s/e/noto3demoji/latest/1f9d1_1f3fb/512.png,512,512,179135,0d263822605f2411912863c04dd3dd4be4afdeb1220c12c8ee0d6b06c3e97d8c
🧑🏼,Adult,People & Body,1f9d1_1f3fc,People Body/adult__1f9d1_1f3fc.png,https://fonts.gstatic.com/s/e/noto3demoji/latest/1f9d1_1f3fc/512.png,512,512,183185,9da7d3f7aa7815c599f9cc44b2f2cf2c4b2085bcbbd15f73857d4ea48a688488
🧑🏽,Adult,People & Body,1f9d1_1f3fd,People Body/adult__1f9d1_1f3fd.png,https://fonts.gstatic.com/s/e/noto3demoji/latest/1f9d1_1f3fd/512.png,512,512,170750,3ce2281a0cf7ba260bdd36d3d6699d9c6bd0b0ba35f596d4bb353e1e6b2a55f9
🧑🏾,Adult,People & Body,1f9d1_1f3fe,People Body/adult__1f9d1_1f3fe.png,https://fonts.gstatic.com/s/e/noto3demoji/latest/1f9d1_1f3fe/512.png,512,512,171196,16193608569eb996c608d3bc6a40c68130878925d2d0616e67992414b7c38b21
🧑🏿,Adult,People & Body,1f9d1_1f3ff,People Body/adult__1f9d1_1f3ff.png,https://fonts.gstatic.com/s/e/noto3demoji/latest/1f9d1_1f3ff/512.png,512,512,163908,5a85dc053b437a4e6877a16014f394c1d423e920e4831c83fe768dd798dea62c
👱,Blond Hair,People & Body,1f471,People Body/blond-hair__1f471.png,https://fonts.gstatic.com/s/e/noto3demoji/latest/1f471/512.png,512,512,149279,8454bbaba1df8c62aab220ad39ad79576af55f5a303a665a0f74f66ba462d6e3
👱🏻,Blond Hair,People & Body,1f471_1f3fb,People Body/blond-hair__1f471_1f3fb.png,https://fonts.gstatic.com/s/e/noto3demoji/latest/1f471_1f3fb/512.png,512,512,166523,2abbede0f5588333d0189d5f602bae926a6b8a7399c6b9dd4eb981cf5a9050e7
👱🏼,Blond Hair,People & Body,1f471_1f3fc,People Body/blond-hair__1f471_1f3fc.png,https://fonts.gstatic.com/s/e/noto3demoji/latest/1f471_1f3fc/512.png,512,512,163801,0e59a98258eeeb3eb97835894636109f08388eb392bf0ea669437c2dd3083bc8
👱🏽,Blond Hair,People & Body,1f471_1f3fd,People Body/blond-hair__1f471_1f3fd.png,https://fonts.gstatic.com/s/e/noto3demoji/latest/1f471_1f3fd/512.png,512,512,159046,48234c8e974b7db645b8498689cd738630a1dfe5cd4d04aca635a60f77fce78c
👱🏾,Blond Hair,People & Body,1f471_1f3fe,People Body/blond-hair__1f471_1f3fe.png,https://fonts.gstatic.com/s/e/noto3demoji/latest/1f471_1f3fe/512.png,512,512,157939,e2383234ba5a37ef34190b1e674681f4232997d4961eb2e7eef54ad260fb9e78
👱🏿,Blond Hair,People & Body,1f471_1f3ff,People Body/blond-hair__1f471_1f3ff.png,https://fonts.gstatic.com/s/e/noto3demoji/latest/1f471_1f3ff/512.png,512,512,156089,d92161b5ce202fed06e20ebdcee43eae06437b950c7f55496daadf17a4f5a38d
👨,Adult,People & Body,1f468,People Body/adult__1f468.png,https://fonts.gstatic.com/s/e/noto3demoji/latest/1f468/512.png,512,512,124152,da04402963a321d3fd3dfe426604ba81c4b1827dd9ee9deb16668bd97305f680
👨🏻,Adult,People & Body,1f468_1f3fb,People Body/adult__1f468_1f3fb.png,https://fonts.gstatic.com/s/e/noto3demoji/latest/1f468_1f3fb/512.png,512,512,139552,873852eff051f8fc4a81c572d3227abf1aa460a8697726fe80a1fb46a7d5a746
👨🏼,Adult,People & Body,1f468_1f3fc,People Body/adult__1f468_1f3fc.png,https://fonts.gstatic.com/s/e/noto3demoji/latest/1f468_1f3fc/512.png,512,512,139362,185ac1009e7776aa8972ae8f7aa1684e7b69556a615425bc76500bc66c46f2c6
👨🏽,Adult,People & Body,1f468_1f3fd,People Body/adult__1f468_1f3fd.png,https://fonts.gstatic.com/s/e/noto3demoji/latest/1f468_1f3fd/512.png,512,512,130566,4141acb1d35cc880c077c0a85b54a1075cec74123932c800aa4c06b6cdec3b94
👨🏾,Adult,People & Body,1f468_1f3fe,People Body/adult__1f468_1f3fe.png,https://fonts.gstatic.com/s/e/noto3demoji/latest/1f468_1f3fe/512.png,512,512,131762,df2b4c930c748f312fb51ade808947155e32ff527193caa8fa1c2a090204ac12
👨🏿,Adult,People & Body,1f468_1f3ff,People Body/adult__1f468_1f3ff.png,https://fonts.gstatic.com/s/e/noto3demoji/latest/1f468_1f3ff/512.png,512,512,127496,6016abb517f248088ea71fc7d2f2a45868c7231f70dd61e33b103cb9a954c52d
🧔,Beard,People & Body,1f9d4,People Body/beard__1f9d4.png,https://fonts.gstatic.com/s/e/noto3demoji/latest/1f9d4/512.png,512,512,171877,5e757e5b15b443820a99fb1fb36140c093c451fcdc4a418770d457456e069d61
🧔🏻,Beard,People & Body,1f9d4_1f3fb,People Body/beard__1f9d4_1f3fb.png,https://fonts.gstatic.com/s/e/noto3demoji/latest/1f9d4_1f3fb/512.png,512,512,177908,edca27cab25ca32da492c002a3a49ceb64fc06f55e65874a6e3d4efd5842a4e8
🧔🏼,Beard,People & Body,1f9d4_1f3fc,People Body/beard__1f9d4_1f3fc.png,https://fonts.gstatic.com/s/e/noto3demoji/latest/1f9d4_1f3fc/512.png,512,512,182397,1b6dd952e744b33e4697bbe3d986fd9a8676e3cd6b26aa0dfc974eb874ed5ba9
🧔🏽,Beard,People & Body,1f9d4_1f3fd,People Body/beard__1f9d4_1f3fd.png,https://fonts.gstatic.com/s/e/noto3demoji/latest/1f9d4_1f3fd/512.png,512,512,171761,030dfef8b38123bef8fb44f8f4a0370a1858207c6ce1e4c49c83aa104a2fda65
🧔🏾,Beard,People & Body,1f9d4_1f3fe,People Body/beard__1f9d4_1f3fe.png,https://fonts.gstatic.com/s/e/noto3demoji/latest/1f9d4_1f3fe/512.png,512,512,172446,d6f7effb5c749d6071d9b2d108357d6a46cbf2d989d1a7f015fb876733306030
🧔🏿,Beard,People & Body,1f9d4_1f3ff,People Body/beard__1f9d4_1f3ff.png,https://fonts.gstatic.com/s/e/noto3demoji/latest/1f9d4_1f3ff/512.png,512,512,165545,87780b47fecd501d1dc6a4958199dfa906300b21191e761f79c5586284baa8ae
🧔‍♂,Beard,People & Body,1f9d4_200d_2642,People Body/beard__1f9d4_200d_2642.png,https://fonts.gstatic.com/s/e/noto3demoji/latest/1f9d4_200d_2642/512.png,512,512,134385,89524f7ae3ddf40448fb93ab04425f2de066d8d25c593e03a89bb9ed097a0bf2
🧔🏻‍♂,Beard,People & Body,1f9d4_1f3fb_200d_2642,People Body/beard__1f9d4_1f3fb_200d_2642.png,https://fonts.gstatic.com/s/e/noto3demoji/latest/1f9d4_1f3fb_200d_2642/512.png,512,512,142413,f30eba822a820fa675558e567cf33c66e29a06cb9f14abdd440dfcc60bcfb7d2
🧔🏼‍♂,Beard,People & Body,1f9d4_1f3fc_200d_2642,People Body/beard__1f9d4_1f3fc_200d_2642.png,https://fonts.gstatic.com/s/e/noto3demoji/latest/1f9d4_1f3fc_200d_2642/512.png,512,512,141332,e71413475186d52fe15bd222d16bde6565c644e537c18d878bc357f5ae14e9d5
🧔🏽‍♂,Beard,People & Body,1f9d4_1f3fd_200d_2642,People Body/beard__1f9d4_1f3fd_200d_2642.png,https://fonts.gstatic.com/s/e/noto3demoji/latest/1f9d4_1f3fd_200d_2642/512.png,512,512,135688,ce0f22fd36f65b89f4fa512ed3cb58efd565358ba9e6dee14675ccd0bf5101e9
🧔🏾‍♂,Beard,People & Body,1f9d4_1f3fe_200d_2642,People Body/beard__1f9d4_1f3fe_200d_2642.png,https://fonts.gstatic.com/s/e/noto3demoji/latest/1f9d4_1f3fe_200d_2642/512.png,512,512,136694,62d7a3fdbee487ea1a99dd00e2f680de06555e2c71ee626e688f96505337d5b1
🧔🏿‍♂,Beard,People & Body,1f9d4_1f3ff_200d_2642,People Body/beard__1f9d4_1f3ff_200d_2642.png,https://fonts.gstatic.com/s/e/noto3demoji/latest/1f9d4_1f3ff_200d_2642/512.png,512,512,132525,cbb9cb82bae13bbf362076accdc56bd8a9f42473106bbb5e5a6d852ea56c9bd8
🧔‍♀,Beard,People & Body,1f9d4_200d_2640,People Body/beard__1f9d4_200d_2640.png,https://fonts.gstatic.com/s/e/noto3demoji/latest/1f9d4_200d_2640/512.png,512,512,175345,6a63526d1d6ccee7628781d7a8c8c7e696e8b41a4cab7dd8784fefbb5432299e
🧔🏻‍♀,Beard,People & Body,1f9d4_1f3fb_200d_2640,People Body/beard__1f9d4_1f3fb_200d_2640.png,https://fonts.gstatic.com/s/e/noto3demoji/latest/1f9d4_1f3fb_200d_2640/512.png,512,512,180006,be28e1558063b1992d95738419f54d472abc54364d0530b041c4bfb1c7df1c90
🧔🏼‍♀,Beard,People & Body,1f9d4_1f3fc_200d_2640,People Body/beard__1f9d4_1f3fc_200d_2640.png,https://fonts.gstatic.com/s/e/noto3demoji/latest/1f9d4_1f3fc_200d_2640/512.png,512,512,185098,e78848a7a7f99a04ec3f49b5af936790ab2489a346a74d755ec7ec6e41820d07
🧔🏽‍♀,Beard,People & Body,1f9d4_1f3fd_200d_2640,People Body/beard__1f9d4_1f3fd_200d_2640.png,https://fonts.gstatic.com/s/e/noto3demoji/latest/1f9d4_1f3fd_200d_2640/512.png,512,512,175599,e4fb6e20c5a9425d78d402a6c048a8f48fd5446a987e9b95f86f464e93dbe924
🧔🏾‍♀,Beard,People & Body,1f9d4_1f3fe_200d_2640,People Body/beard__1f9d4_1f3fe_200d_2640.png,https://fonts.gstatic.com/s/e/noto3demoji/latest/1f9d4_1f3fe_200d_2640/512.png,512,512,174390,14e80823d1bc4dddeda2bb1726a764acf863de5f3c4d548b8455477422a571ab
🧔🏿‍♀,Beard,People & Body,1f9d4_1f3ff_200d_2640,People Body/beard__1f9d4_1f3ff_200d_2640.png,https://fonts.gstatic.com/s/e/noto3demoji/latest/1f9d4_1f3ff_200d_2640/512.png,512,512,167507,c2dd7fa7c0b76e8571354f129b5a1ec590f55d70a647ed66a008a3bd6abeff5f
👨‍🦰,Red Hair,People & Body,1f468_200d_1f9b0,People Body/red-hair__1f468_200d_1f9b0.png,https://fonts.gstatic.com/s/e/noto3demoji/latest/1f468_200d_1f9b0/512.png,512,512,116402,f19c100cc9320ea0efe576d0a26a6d8a7745768d654878c1b8c869c2d0c26034
👨🏻‍🦰,Red Hair,People & Body,1f468_1f3fb_200d_1f9b0,People Body/red-hair__1f468_1f3fb_200d_1f9b0.png,https://fonts.gstatic.com/s/e/noto3demoji/latest/1f468_1f3fb_200d_1f9b0/512.png,512,512,127455,e2b77b10d4a000baedf4efcd60acf6a746e2ed548b3ae9260b8b721ed8047a6f
👨🏼‍🦰,Red Hair,People & Body,1f468_1f3fc_200d_1f9b0,People Body/red-hair__1f468_1f3fc_200d_1f9b0.png,https://fonts.gstatic.com/s/e/noto3demoji/latest/1f468_1f3fc_200d_1f9b0/512.png,512,512,125417,91b5597be2002d46a3f68f720abc045c685d32ab35851234cc034b317a2c6bc2
👨🏽‍🦰,Red Hair,People & Body,1f468_1f3fd_200d_1f9b0,People Body/red-hair__1f468_1f3fd_200d_1f9b0.png,https://fonts.gstatic.com/s/e/noto3demoji/latest/1f468_1f3fd_200d_1f9b0/512.png,512,512,121504,0a8f94731156837a12673d5aeb50d4f7f138697a377515748bf247f09984f400
👨🏾‍🦰,Red Hair,People & Body,1f468_1f3fe_200d_1f9b0,People Body/red-hair__1f468_1f3fe_200d_1f9b0.png,https://fonts.gstatic.com/s/e/noto3demoji/latest/1f468_1f3fe_200d_1f9b0/512.png,512,512,121218,cdccdcb1e9f645566fe3ff00e1abbb709791ace7a8df7eb99ad880faacb618a1
👨🏿‍🦰,Red Hair,People & Body,1f468_1f3ff_200d_1f9b0,People Body/red-hair__1f468_1f3ff_200d_1f9b0.png,https://fonts.gstatic.com/s/e/noto3demoji/latest/1f468_1f3ff_200d_1f9b0/512.png,512,512,117313,a4ae0fce7011bbdfc2de4c5474ab9232b6f8d28aff1ef82d96a4b90d7b40a722
👨‍🦱,Curly Hair,People & Body,1f468_200d_1f9b1,People Body/curly-hair__1f468_200d_1f9b1.png,https://fonts.gstatic.com/s/e/noto3demoji/latest/1f468_200d_1f9b1/512.png,512,512,127708,1d5a7c884afd61010f7c24f7fa2da0452854a51a7ae820e03be60ed97901e1f9
👨🏻‍🦱,Curly Hair,People & Body,1f468_1f3fb_200d_1f9b1,People Body/curly-hair__1f468_1f3fb_200d_1f9b1.png,https://fonts.gstatic.com/s/e/noto3demoji/latest/1f468_1f3fb_200d_1f9b1/512.png,512,512,138245,f2e9f7d822d9e2afdff7d7c0ac194888555d2e664788a19e11d7da325cd95b95
👨🏼‍🦱,Curly Hair,People & Body,1f468_1f3fc_200d_1f9b1,People Body/curly-hair__1f468_1f3fc_200d_1f9b1.png,https://fonts.gstatic.com/s/e/noto3demoji/latest/1f468_1f3fc_200d_1f9b1/512.png,512,512,143227,3c9f1f38397faac76e16c484ef2c6b3a0d57bea55df0634d6d777b9d6fda5026
👨🏽‍🦱,Curly Hair,People & Body,1f468_1f3fd_200d_1f9b1,People Body/curly-hair__1f468_1f3fd_200d_1f9b1.png,https://fonts.gstatic.com/s/e/noto3demoji/latest/1f468_1f3fd_200d_1f9b1/512.png,512,512,133134,0de4e0296c210baf1776c640cb0d1d84a6b0b9e7e80700802b78deac52de90f4
👨🏾‍🦱,Curly Hair,People & Body,1f468_1f3fe_200d_1f9b1,People Body/curly-hair__1f468_1f3fe_200d_1f9b1.png,https://fonts.gstatic.com/s/e/noto3demoji/latest/1f468_1f3fe_200d_1f9b1/512.png,512,512,132855,a056022a4ae112f1feab77d5ad4e2c9bc0621e4bdce8da3de51bc7e1a10ed879
👨🏿‍🦱,Curly Hair,People & Body,1f468_1f3ff_200d_1f9b1,People Body/curly-hair__1f468_1f3ff_200d_1f9b1.png,https://fonts.gstatic.com/s/e/noto3demoji/latest/1f468_1f3ff_200d_1f9b1/512.png,512,512,128719,80ded7618a575aa014509be82332281244a9298935f87c89d0a38800e4f45e26
👨‍🦳,White Hair,People & Body,1f468_200d_1f9b3,People Body/white-hair__1f468_200d_1f9b3.png,https://fonts.gstatic.com/s/e/noto3demoji/latest/1f468_200d_1f9b3/512.png,512,512,117371,d87c0ff039affa71654bbbef4cc1f08f7a9c6bc76abc6e5e164e968c40c5e4fa
👨🏻‍🦳,White Hair,People & Body,1f468_1f3fb_200d_1f9b3,People Body/white-hair__1f468_1f3fb_200d_1f9b3.png,https://fonts.gstatic.com/s/e/noto3demoji/latest/1f468_1f3fb_200d_1f9b3/512.png,512,512,126930,b874fb4cc596292a40edc92f727a22c49301eb42392998ad59895c8df41fb8b7
👨🏼‍🦳,White Hair,People & Body,1f468_1f3fc_200d_1f9b3,People Body/white-hair__1f468_1f3fc_200d_1f9b3.png,https://fonts.gstatic.com/s/e/noto3demoji/latest/1f468_1f3fc_200d_1f9b3/512.png,512,512,125896,34fcae817214d7d5c25740f990be6899733aee16312638eb2b7ee305ae1cd995
👨🏽‍🦳,White Hair,People & Body,1f468_1f3fd_200d_1f9b3,People Body/white-hair__1f468_1f3fd_200d_1f9b3.png,https://fonts.gstatic.com/s/e/noto3demoji/latest/1f468_1f3fd_200d_1f9b3/512.png,512,512,121491,775fbc920d7e3f56d017dc7300f88677e6692883775f590c2e56956a2f11e9a0
👨🏾‍🦳,White Hair,People & Body,1f468_1f3fe_200d_1f9b3,People Body/white-hair__1f468_1f3fe_200d_1f9b3.png,https://fonts.gstatic.com/s/e/noto3demoji/latest/1f468_1f3fe_200d_1f9b3/512.png,512,512,121842,d7429eb4efa38b7fb1ac237c7a68e12fa0854f0bb5df3479c68292bcf554e2ac
👨🏿‍🦳,White Hair,People & Body,1f468_1f3ff_200d_1f9b3,People Body/white-hair__1f468_1f3ff_200d_1f9b3.png,https://fonts.gstatic.com/s/e/noto3demoji/latest/1f468_1f3ff_200d_1f9b3/512.png,512,512,119487,5d9022d81f7fade0ff31ddcae6c533da91a08fdd8418e4ac38969903d507c957
👨‍🦲,Bald,People & Body,1f468_200d_1f9b2,People Body/bald__1f468_200d_1f9b2.png,https://fonts.gstatic.com/s/e/noto3demoji/latest/1f468_200d_1f9b2/512.png,512,512,99417,40533c9c0f8dfb56d51c9f7a136d811294e447b730d4387079b9b4d0067b1221
👨🏻‍🦲,Bald,People & Body,1f468_1f3fb_200d_1f9b2,People Body/bald__1f468_1f3fb_200d_1f9b2.png,https://fonts.gstatic.com/s/e/noto3demoji/latest/1f468_1f3fb_200d_1f9b2/512.png,512,512,114047,6b49e74b9ff37cb2383f8b565d3f141d9b353a1b6e0555b2692855526c87703d
👨🏼‍🦲,Bald,People & Body,1f468_1f3fc_200d_1f9b2,People Body/bald__1f468_1f3fc_200d_1f9b2.png,https://fonts.gstatic.com/s/e/noto3demoji/latest/1f468_1f3fc_200d_1f9b2/512.png,512,512,112420,206790d43e30cf1507f943df2182fa9fbac55a86629f1d948d3b95ad12bd88a6
👨🏽‍🦲,Bald,People & Body,1f468_1f3fd_200d_1f9b2,People Body/bald__1f468_1f3fd_200d_1f9b2.png,https://fonts.gstatic.com/s/e/noto3demoji/latest/1f468_1f3fd_200d_1f9b2/512.png,512,512,107487,9192754219b2fa5a980d3fa7fcb41256aa47383b3271e3a6a594cbbb6a8e09fa
👨🏾‍🦲,Bald,People & Body,1f468_1f3fe_200d_1f9b2,People Body/bald__1f468_1f3fe_200d_1f9b2.png,https://fonts.gstatic.com/s/e/noto3demoji/latest/1f468_1f3fe_200d_1f9b2/512.png,512,512,107118,68ae187b2387ff1a6ce602416827b80ac01c26fad32f685b4aa84de2eb83bd38
👨🏿‍🦲,Bald,People & Body,1f468_1f3ff_200d_1f9b2,People Body/bald__1f468_1f3ff_200d_1f9b2.png,https://fonts.gstatic.com/s/e/noto3demoji/latest/1f468_1f3ff_200d_1f9b2/512.png,512,512,103322,b3c25ff8800f269499c188aea3c024f93abe1c62e6b75f696d3bdd795bd81b00
👩,Adult,People & Body,1f469,People Body/adult__1f469.png,https://fonts.gstatic.com/s/e/noto3demoji/latest/1f469/512.png,512,512,167921,ae590f7d1cf9fc031fe55028d288e7a61f0061d6f879582906bb3d7eb1b6b176
👩🏻,Adult,People & Body,1f469_1f3fb,People Body/adult__1f469_1f3fb.png,https://fonts.gstatic.com/s/e/noto3demoji/latest/1f469_1f3fb/512.png,512,512,180241,269975ec424690b744262e8d51d75f48fb39dedc200c116b37f865a4bc7ea02b
👩🏼,Adult,People & Body,1f469_1f3fc,People Body/adult__1f469_1f3fc.png,https://fonts.gstatic.com/s/e/noto3demoji/latest/1f469_1f3fc/512.png,512,512,184210,c89be5bf18ab0033adc34c5370c15ecb132a3c9f08835632a86df85e2c167cb1
👩🏽,Adult,People & Body,1f469_1f3fd,People Body/adult__1f469_1f3fd.png,https://fonts.gstatic.com/s/e/noto3demoji/latest/1f469_1f3fd/512.png,512,512,173005,e18cf61bb1168572835c6c8a25cbde666b877753ee27af1d2524ea86f556dd9d
👩🏾,Adult,People & Body,1f469_1f3fe,People Body/adult__1f469_1f3fe.png,https://fonts.gstatic.com/s/e/noto3demoji/latest/1f469_1f3fe/512.png,512,512,171525,c8f583f187859f19c5c9a066c2422b10407581539087fd8efb516684a1c04775
👩🏿,Adult,People & Body,1f469_1f3ff,People Body/adult__1f469_1f3ff.png,https://fonts.gstatic.com/s/e/noto3demoji/latest/1f469_1f3ff/512.png,512,512,165183,e5181111728eb501c4733d370f973c23dc8704ad4b82e0345c2215eb29086436
👩‍🦰,Red Hair,People & Body,1f469_200d_1f9b0,People Body/red-hair__1f469_200d_1f9b0.png,https://fonts.gstatic.com/s/e/noto3demoji/latest/1f469_200d_1f9b0/512.png,512,512,143258,37d86b03f04df38f5213ba63d6855367cc37b206788cecfb91a256f5d6292dad
👩🏻‍🦰,Red Hair,People & Body,1f469_1f3fb_200d_1f9b0,People Body/red-hair__1f469_1f3fb_200d_1f9b0.png,https://fonts.gstatic.com/s/e/noto3demoji/latest/1f469_1f3fb_200d_1f9b0/512.png,512,512,155766,4bad7ba6edda3b673bb8ea5ce7ccacf36e86b30795dc8d28544f7eb9a62ea04c
👩🏼‍🦰,Red Hair,People & Body,1f469_1f3fc_200d_1f9b0,People Body/red-hair__1f469_1f3fc_200d_1f9b0.png,https://fonts.gstatic.com/s/e/noto3demoji/latest/1f469_1f3fc_200d_1f9b0/512.png,512,512,153294,c63b84f42699b3937ed0eaec8eb7e79b906afa36ad33d9405451f80d1bd9777a
👩🏽‍🦰,Red Hair,People & Body,1f469_1f3fd_200d_1f9b0,People Body/red-hair__1f469_1f3fd_200d_1f9b0.png,https://fonts.gstatic.com/s/e/noto3demoji/latest/1f469_1f3fd_200d_1f9b0/512.png,512,512,149049,2a92dc3187211404238ba140202c822295ed2aed27c7a14dc6b310cf7d151b24
👩🏾‍🦰,Red Hair,People & Body,1f469_1f3fe_200d_1f9b0,People Body/red-hair__1f469_1f3fe_200d_1f9b0.png,https://fonts.gstatic.com/s/e/noto3demoji/latest/1f469_1f3fe_200d_1f9b0/512.png,512,512,147679,d845830c70a19fddd722f24f255043832b554947563d12c5938673f7167e9c70
👩🏿‍🦰,Red Hair,People & Body,1f469_1f3ff_200d_1f9b0,People Body/red-hair__1f469_1f3ff_200d_1f9b0.png,https://fonts.gstatic.com/s/e/noto3demoji/latest/1f469_1f3ff_200d_1f9b0/512.png,512,512,146216,49ddc2f92064a81565a17eac98b47175e1844695f494e55ffe484001acf0552f
🧑‍🦰,Red Hair,People & Body,1f9d1_200d_1f9b0,People Body/red-hair__1f9d1_200d_1f9b0.png,https://fonts.gstatic.com/s/e/noto3demoji/latest/1f9d1_200d_1f9b0/512.png,512,512,144229,ddf02c94b4313941ef5a86cd3fac1a6057b49322ab9b24ea30ebf3575ce43306
🧑🏻‍🦰,Red Hair,People & Body,1f9d1_1f3fb_200d_1f9b0,People Body/red-hair__1f9d1_1f3fb_200d_1f9b0.png,https://fonts.gstatic.com/s/e/noto3demoji/latest/1f9d1_1f3fb_200d_1f9b0/512.png,512,512,162253,d388fe7e416eb29dd121a55e936d1cb4529c9101ab33d6a4d80f3aaa583c14da
🧑🏼‍🦰,Red Hair,People & Body,1f9d1_1f3fc_200d_1f9b0,People Body/red-hair__1f9d1_1f3fc_200d_1f9b0.png,https://fonts.gstatic.com/s/e/noto3demoji/latest/1f9d1_1f3fc_200d_1f9b0/512.png,512,512,159541,16e41f6c4aaae0b763ff8f71a89677023d9022d4e302c68e060d29dd6098349e
🧑🏽‍🦰,Red Hair,People & Body,1f9d1_1f3fd_200d_1f9b0,People Body/red-hair__1f9d1_1f3fd_200d_1f9b0.png,https://fonts.gstatic.com/s/e/noto3demoji/latest/1f9d1_1f3fd_200d_1f9b0/512.png,512,512,154311,555332734f891efddc7caeb6dfe4a8a73927bb3bb1eaa611e2ea67f95911fd9c
🧑🏾‍🦰,Red Hair,People & Body,1f9d1_1f3fe_200d_1f9b0,People Body/red-hair__1f9d1_1f3fe_200d_1f9b0.png,https://fonts.gstatic.com/s/e/noto3demoji/latest/1f9d1_1f3fe_200d_1f9b0/512.png,512,512,151184,0e104ce80ae6f55770a5b856ff497226d178279ade5fda9c76f4f62a657bc00b
🧑🏿‍🦰,Red Hair,People & Body,1f9d1_1f3ff_200d_1f9b0,People Body/red-hair__1f9d1_1f3ff_200d_1f9b0.png,https://fonts.gstatic.com/s/e/noto3demoji/latest/1f9d1_1f3ff_200d_1f9b0/512.png,512,512,150544,b938413762146dc341da95954128ad78d41204b88803253dcfb64319a4bd777b
👩‍🦱,Curly Hair,People & Body,1f469_200d_1f9b1,People Body/curly-hair__1f469_200d_1f9b1.png,https://fonts.gstatic.com/s/e/noto3demoji/latest/1f469_200d_1f9b1/512.png,512,512,162414,49a25ed86ce75f549ddbf343f9f8cf29e472b574be9b128d4d4a8e681bc24fe4
👩🏻‍🦱,Curly Hair,People & Body,1f469_1f3fb_200d_1f9b1,People Body/curly-hair__1f469_1f3fb_200d_1f9b1.png,https://fonts.gstatic.com/s/e/noto3demoji/latest/1f469_1f3fb_200d_1f9b1/512.png,512,512,172267,8ecddb79a75878dd362bcddd10a1d72b7c121f3ee3c4c70fcb536b861bd5116e
👩🏼‍🦱,Curly Hair,People & Body,1f469_1f3fc_200d_1f9b1,People Body/curly-hair__1f469_1f3fc_200d_1f9b1.png,https://fonts.gstatic.com/s/e/noto3demoji/latest/1f469_1f3fc_200d_1f9b1/512.png,512,512,184534,602dc18666422d872a9d35bbdb004cc72917cf06f0718af01f50ae54c88ce95f
👩🏽‍🦱,Curly Hair,People & Body,1f469_1f3fd_200d_1f9b1,People Body/curly-hair__1f469_1f3fd_200d_1f9b1.png,https://fonts.gstatic.com/s/e/noto3demoji/latest/1f469_1f3fd_200d_1f9b1/512.png,512,512,164749,286f8c10590bd83c44b56cbcd4d6c4163fb6496c36dfff2a52a326b138ab2c6c
👩🏾‍🦱,Curly Hair,People & Body,1f469_1f3fe_200d_1f9b1,People Body/curly-hair__1f469_1f3fe_200d_1f9b1.png,https://fonts.gstatic.com/s/e/noto3demoji/latest/1f469_1f3fe_200d_1f9b1/512.png,512,512,165732,8900434a3c2d3391e81a824831d540d98ffe5bd95b4ef3b18d0651cdd3423ff1
👩🏿‍🦱,Curly Hair,People & Body,1f469_1f3ff_200d_1f9b1,People Body/curly-hair__1f469_1f3ff_200d_1f9b1.png,https://fonts.gstatic.com/s/e/noto3demoji/latest/1f469_1f3ff_200d_1f9b1/512.png,512,512,161570,94644f318c53474e951ca40803e9b422eefe26d3744b5950c5c2fdd907908327
🧑‍🦱,Curly Hair,People & Body,1f9d1_200d_1f9b1,People Body/curly-hair__1f9d1_200d_1f9b1.png,https://fonts.gstatic.com/s/e/noto3demoji/latest/1f9d1_200d_1f9b1/512.png,512,512,135799,0f009379e300c7f69eb98beaab34ec670a2c4c9e356d658eebba06bb485d3d9c
🧑🏻‍🦱,Curly Hair,People & Body,1f9d1_1f3fb_200d_1f9b1,People Body/curly-hair__1f9d1_1f3fb_200d_1f9b1.png,https://fonts.gstatic.com/s/e/noto3demoji/latest/1f9d1_1f3fb_200d_1f9b1/512.png,512,512,145256,2119b1558e2ce7562e07984c617a5bd53e79956e1600ff32dca42958c8358dd5
🧑🏼‍🦱,Curly Hair,People & Body,1f9d1_1f3fc_200d_1f9b1,People Body/curly-hair__1f9d1_1f3fc_200d_1f9b1.png,https://fonts.gstatic.com/s/e/noto3demoji/latest/1f9d1_1f3fc_200d_1f9b1/512.png,512,512,153093,24d0a26897d9ec9567705cc4ba9e95967003e90f4c1adde762f1574bd84df09c
🧑🏽‍🦱,Curly Hair,People & Body,1f9d1_1f3fd_200d_1f9b1,People Body/curly-hair__1f9d1_1f3fd_200d_1f9b1.png,https://fonts.gstatic.com/s/e/noto3demoji/latest/1f9d1_1f3fd_200d_1f9b1/512.png,512,512,140885,f298e7c58cd7dc2c0d018f6b3bc9ec1a622f9f86efbc60dd3457834944bfe65d
🧑🏾‍🦱,Curly Hair,People & Body,1f9d1_1f3fe_200d_1f9b1,People Body/curly-hair__1f9d1_1f3fe_200d_1f9b1.png,https://fonts.gstatic.com/s/e/noto3demoji/latest/1f9d1_1f3fe_200d_1f9b1/512.png,512,512,139289,e0b4d2c8809f855fe24171dc665f81e0ab46867e299669479254a3dbb3ada63f
🧑🏿‍🦱,Curly Hair,People & Body,1f9d1_1f3ff_200d_1f9b1,People Body/curly-hair__1f9d1_1f3ff_200d_1f9b1.png,https://fonts.gstatic.com/s/e/noto3demoji/latest/1f9d1_1f3ff_200d_1f9b1/512.png,512,512,135837,856c41a87b96073b1be3f2aec2e8c182c78e121d5471a24457ffa32ca14c1bc7
👩‍🦳,White Hair,People & Body,1f469_200d_1f9b3,People Body/white-hair__1f469_200d_1f9b3.png,https://fonts.gstatic.com/s/e/noto3demoji/latest/1f469_200d_1f9b3/512.png,512,512,150757,d6cd402572ef1e42231ace2837ed2f578e333746175182161142a4297a30de3c
👩🏻‍🦳,White Hair,People & Body,1f469_1f3fb_200d_1f9b3,People Body/white-hair__1f469_1f3fb_200d_1f9b3.png,https://fonts.gstatic.com/s/e/noto3demoji/latest/1f469_1f3fb_200d_1f9b3/512.png,512,512,159066,e3ebfb5f1f36b5300ce423daeffbfe2244e1196d72520b8b1aace4aefd370d7e
👩🏼‍🦳,White Hair,People & Body,1f469_1f3fc_200d_1f9b3,People Body/white-hair__1f469_1f3fc_200d_1f9b3.png,https://fonts.gstatic.com/s/e/noto3demoji/latest/1f469_1f3fc_200d_1f9b3/512.png,512,512,157636,8f461088be4ad652e7a0e592312239319adc9691f7778190a0c62a1939919af2
👩🏽‍🦳,White Hair,People & Body,1f469_1f3fd_200d_1f9b3,People Body/white-hair__1f469_1f3fd_200d_1f9b3.png,https://fonts.gstatic.com/s/e/noto3demoji/latest/1f469_1f3fd_200d_1f9b3/512.png,512,512,153341,8e6b625721ecae24fc170c8abd0db3053170d78cc9f5a537bacfa2c61e4e6bf8
👩🏾‍🦳,White Hair,People & Body,1f469_1f3fe_200d_1f9b3,People Body/white-hair__1f469_1f3fe_200d_1f9b3.png,https://fonts.gstatic.com/s/e/noto3demoji/latest/1f469_1f3fe_200d_1f9b3/512.png,512,512,153294,c387ae89fbd6f480e70fd24ec03fe2a8c08f8439165037f3c6891f148ccd784a
👩🏿‍🦳,White Hair,People & Body,1f469_1f3ff_200d_1f9b3,People Body/white-hair__1f469_1f3ff_200d_1f9b3.png,https://fonts.gstatic.com/s/e/noto3demoji/latest/1f469_1f3ff_200d_1f9b3/512.png,512,512,151939,2a5439b235e91913e95c9ced0f07ee6eaae5528fe6614443eab3982bc8bbb24d
🧑‍🦳,White Hair,People & Body,1f9d1_200d_1f9b3,People Body/white-hair__1f9d1_200d_1f9b3.png,https://fonts.gstatic.com/s/e/noto3demoji/latest/1f9d1_200d_1f9b3/512.png,512,512,151391,b4560fac8d0db3516720497d3e3ecb996a63de18a30e65e078a774ca0b340536
🧑🏻‍🦳,White Hair,People & Body,1f9d1_1f3fb_200d_1f9b3,People Body/white-hair__1f9d1_1f3fb_200d_1f9b3.png,https://fonts.gstatic.com/s/e/noto3demoji/latest/1f9d1_1f3fb_200d_1f9b3/512.png,512,512,165234,e2956c5189b026544a4236d6e0fe691aaf6d5f7697cf7342fc27debceb8b8c7b
🧑🏼‍🦳,White Hair,People & Body,1f9d1_1f3fc_200d_1f9b3,People Body/white-hair__1f9d1_1f3fc_200d_1f9b3.png,https://fonts.gstatic.com/s/e/noto3demoji/latest/1f9d1_1f3fc_200d_1f9b3/512.png,512,512,162879,cd1cbcf0324cd275a683a48d1bec9482218eb92b138cab78339347ea926e3390
🧑🏽‍🦳,White Hair,People & Body,1f9d1_1f3fd_200d_1f9b3,People Body/white-hair__1f9d1_1f3fd_200d_1f9b3.png,https://fonts.gstatic.com/s/e/noto3demoji/latest/1f9d1_1f3fd_200d_1f9b3/512.png,512,512,157233,8b16bab21c045ef9044afc551bfc879afe9ea068c3e6bcbb0405193fef6b2683
🧑🏾‍🦳,White Hair,People & Body,1f9d1_1f3fe_200d_1f9b3,People Body/white-hair__1f9d1_1f3fe_200d_1f9b3.png,https://fonts.gstatic.com/s/e/noto3demoji/latest/1f9d1_1f3fe_200d_1f9b3/512.png,512,512,157343,7f234e44936346fa0627aa2bb07ebfb594ab406a66fd60b30001c6da8d141c8f
🧑🏿‍🦳,White Hair,People & Body,1f9d1_1f3ff_200d_1f9b3,People Body/white-hair__1f9d1_1f3ff_200d_1f9b3.png,https://fonts.gstatic.com/s/e/noto3demoji/latest/1f9d1_1f3ff_200d_1f9b3/512.png,512,512,155971,0c1ed0c30213561a44203b10afe8cf5de1222ad550122e3a791571d8471a2560
👩‍🦲,Bald,People & Body,1f469_200d_1f9b2,People Body/bald__1f469_200d_1f9b2.png,https://fonts.gstatic.com/s/e/noto3demoji/latest/1f469_200d_1f9b2/512.png,512,512,99745,c76fe54ffa7a43c31ed38a76fca5cebcad8f8cf1ccc178a9b4c5cfa153b70158
👩🏻‍🦲,Bald,People & Body,1f469_1f3fb_200d_1f9b2,People Body/bald__1f469_1f3fb_200d_1f9b2.png,https://fonts.gstatic.com/s/e/noto3demoji/latest/1f469_1f3fb_200d_1f9b2/512.png,512,512,112365,567d865e2d4c13571ecb1f64d61455b0552c37a0c1d7d66efc6c06a5ddcaee51
👩🏼‍🦲,Bald,People & Body,1f469_1f3fc_200d_1f9b2,People Body/bald__1f469_1f3fc_200d_1f9b2.png,https://fonts.gstatic.com/s/e/noto3demoji/latest/1f469_1f3fc_200d_1f9b2/512.png,512,512,111269,c2b5e5ea45d9939f8aa99bd41a305b58bab43de7502d1c0c8df8d8c5b581a33d
👩🏽‍🦲,Bald,People & Body,1f469_1f3fd_200d_1f9b2,People Body/bald__1f469_1f3fd_200d_1f9b2.png,https://fonts.gstatic.com/s/e/noto3demoji/latest/1f469_1f3fd_200d_1f9b2/512.png,512,512,107292,b93314cb30491b2c743946057c39ba883e6c82e31dc0dcaa7f5030050a61ed81
👩🏾‍🦲,Bald,People & Body,1f469_1f3fe_200d_1f9b2,People Body/bald__1f469_1f3fe_200d_1f9b2.png,https://fonts.gstatic.com/s/e/noto3demoji/latest/1f469_1f3fe_200d_1f9b2/512.png,512,512,106726,c95c1a947931b98a4adbe297dd362fd82dd40f37014ca3541342f29d103d200a
👩🏿‍🦲,Bald,People & Body,1f469_1f3ff_200d_1f9b2,People Body/bald__1f469_1f3ff_200d_1f9b2.png,https://fonts.gstatic.com/s/e/noto3demoji/latest/1f469_1f3ff_200d_1f9b2/512.png,512,512,103833,d89f27757b77a2e2f6373c4cdfcd167e14107beaa8c5592339019cd05588a2f6
🧑‍🦲,Bald,People & Body,1f9d1_200d_1f9b2,People Body/bald__1f9d1_200d_1f9b2.png,https://fonts.gstatic.com/s/e/noto3demoji/latest/1f9d1_200d_1f9b2/512.png,512,512,96459,1aca12e5b5618928847096f887b8dd609dc88922c479932faa1d0ee8bf40eb87
🧑🏻‍🦲,Bald,People & Body,1f9d1_1f3fb_200d_1f9b2,People Body/bald__1f9d1_1f3fb_200d_1f9b2.png,https://fonts.gstatic.com/s/e/noto3demoji/latest/1f9d1_1f3fb_200d_1f9b2/512.png,512,512,115082,4b1c3fcf3d6612a5256cc79627d2f820dd704c9d8ce1cc95954defa023c8d2bc
🧑🏼‍🦲,Bald,People & Body,1f9d1_1f3fc_200d_1f9b2,People Body/bald__1f9d1_1f3fc_200d_1f9b2.png,https://fonts.gstatic.com/s/e/noto3demoji/latest/1f9d1_1f3fc_200d_1f9b2/512.png,512,512,113839,13d3e2f45cab64da29df2f47089111f901f5320ea3638c68d63036c6458db8e3
🧑🏽‍🦲,Bald,People & Body,1f9d1_1f3fd_200d_1f9b2,People Body/bald__1f9d1_1f3fd_200d_1f9b2.png,https://fonts.gstatic.com/s/e/noto3demoji/latest/1f9d1_1f3fd_200d_1f9b2/512.png,512,512,108546,53a20ad6b00c2fb4481502ac4230261d928e3783ecf9065b7a13de61fe59f8ee
🧑🏾‍🦲,Bald,People & Body,1f9d1_1f3fe_200d_1f9b2,People Body/bald__1f9d1_1f3fe_200d_1f9b2.png,https://fonts.gstatic.com/s/e/noto3demoji/latest/1f9d1_1f3fe_200d_1f9b2/512.png,512,512,105735,a4f8ca79480928ad32c5f135159b2749712c4c99b06985cf46d99a8810ed0785
🧑🏿‍🦲,Bald,People & Body,1f9d1_1f3ff_200d_1f9b2,People Body/bald__1f9d1_1f3ff_200d_1f9b2.png,https://fonts.gstatic.com/s/e/noto3demoji/latest/1f9d1_1f3ff_200d_1f9b2/512.png,512,512,102851,8efcc92e271d0d6af7ecb808b5d1545ee796922526e2e7d6d4f1aee7f5df7d8b
👱‍♀,Blond Hair,People & Body,1f471_200d_2640,People Body/blond-hair__1f471_200d_2640.png,https://fonts.gstatic.com/s/e/noto3demoji/latest/1f471_200d_2640/512.png,512,512,149447,642cce44fdc2825364c7674a79c7271853e584d9d1808601aeb7ddb76fe1cf30
👱🏻‍♀,Blond Hair,People & Body,1f471_1f3fb_200d_2640,People Body/blond-hair__1f471_1f3fb_200d_2640.png,https://fonts.gstatic.com/s/e/noto3demoji/latest/1f471_1f3fb_200d_2640/512.png,512,512,160901,0b2319f5cf1ff7dba0d65766ffb33afc3347bf7b5a91afc145d4d388134bfb0b
👱🏼‍♀,Blond Hair,People & Body,1f471_1f3fc_200d_2640,People Body/blond-hair__1f471_1f3fc_200d_2640.png,https://fonts.gstatic.com/s/e/noto3demoji/latest/1f471_1f3fc_200d_2640/512.png,512,512,158623,dd1f2fc6d43b97f22e56778cb03cd74afe3e9541c18695c22082db4354bcb26b
👱🏽‍♀,Blond Hair,People & Body,1f471_1f3fd_200d_2640,People Body/blond-hair__1f471_1f3fd_200d_2640.png,https://fonts.gstatic.com/s/e/noto3demoji/latest/1f471_1f3fd_200d_2640/512.png,512,512,154725,2c09e96c36219b9f0382e7cea5c728a6614fb76ba3401db6cb83c2e72b64caa5
👱🏾‍♀,Blond Hair,People & Body,1f471_1f3fe_200d_2640,People Body/blond-hair__1f471_1f3fe_200d_2640.png,https://fonts.gstatic.com/s/e/noto3demoji/latest/1f471_1f3fe_200d_2640/512.png,512,512,154397,b6f76116c7fd0e920226b8013671c92a641acb47dd4e9f2cd256f11078d70c1b
👱🏿‍♀,Blond Hair,People & Body,1f471_1f3ff_200d_2640,People Body/blond-hair__1f471_1f3ff_200d_2640.png,https://fonts.gstatic.com/s/e/noto3demoji/latest/1f471_1f3ff_200d_2640/512.png,512,512,152695,1fcf30b5c7eb9412a6e8d09ae05259c6a1e2e0b6182ff7364e0018ea50392d82
👱‍♂,Blond Hair,People & Body,1f471_200d_2642,People Body/blond-hair__1f471_200d_2642.png,https://fonts.gstatic.com/s/e/noto3demoji/latest/1f471_200d_2642/512.png,512,512,116859,dd3e980523c7f78d112eb20c14c4fcedcf7e5e8803145e3971344309946fbb5c
👱🏻‍♂,Blond Hair,People & Body,1f471_1f3fb_200d_2642,People Body/blond-hair__1f471_1f3fb_200d_2642.png,https://fonts.gstatic.com/s/e/noto3demoji/latest/1f471_1f3fb_200d_2642/512.png,512,512,127153,89a58a71481ae90d9fee93f09d2b6c6591b25c9837f81a6c42d4752d157745b1
👱🏼‍♂,Blond Hair,People & Body,1f471_1f3fc_200d_2642,People Body/blond-hair__1f471_1f3fc_200d_2642.png,https://fonts.gstatic.com/s/e/noto3demoji/latest/1f471_1f3fc_200d_2642/512.png,512,512,124391,2a1d43b37582c992add4c323ab2f765a8f5ac542edb2f824d1262fc6aa41af5d
👱🏽‍♂,Blond Hair,People & Body,1f471_1f3fd_200d_2642,People Body/blond-hair__1f471_1f3fd_200d_2642.png,https://fonts.gstatic.com/s/e/noto3demoji/latest/1f471_1f3fd_200d_2642/512.png,512,512,121162,49c3974d5c0fea4a4767d38e09de52cf77570e2db52ee90e64533b4a62da8686
👱🏾‍♂,Blond Hair,People & Body,1f471_1f3fe_200d_2642,People Body/blond-hair__1f471_1f3fe_200d_2642.png,https://fonts.gstatic.com/s/e/noto3demoji/latest/1f471_1f3fe_200d_2642/512.png,512,512,120780,d15afcca86e4164f63784edd27612d4b3dd0cd6fe5f0c12de6082ff55afd216d
👱🏿‍♂,Blond Hair,People & Body,1f471_1f3ff_200d_2642,People Body/blond-hair__1f471_1f3ff_200d_2642.png,https://fonts.gstatic.com/s/e/noto3demoji/latest/1f471_1f3ff_200d_2642/512.png,512,512,117041,cad055fa7f4a0e5ec56455a2626d9b1fe25609527cada974369bd9ab13e8533a
🧓,Elder,People & Body,1f9d3,People Body/elder__1f9d3.png,https://fonts.gstatic.com/s/e/noto3demoji/latest/1f9d3/512.png,512,512,183193,cd9fce87695d3a7729c5339ffa0c3625c7c4550ba227c1fdf0d031b1f0428af8
🧓🏻,Elder,People & Body,1f9d3_1f3fb,People Body/elder__1f9d3_1f3fb.png,https://fonts.gstatic.com/s/e/noto3demoji/latest/1f9d3_1f3fb/512.png,512,512,194825,25ed6757b98a09af2ad822bc349eee4504e12e6e61d0e4fc16f7ff0989cf1c64
🧓🏼,Elder,People & Body,1f9d3_1f3fc,People Body/elder__1f9d3_1f3fc.png,https://fonts.gstatic.com/s/e/noto3demoji/latest/1f9d3_1f3fc/512.png,512,512,192841,7239120eaf8a5efc47784e3c2c4842a2a59dd05eb57a83fa0e126a42283c7e6c
🧓🏽,Elder,People & Body,1f9d3_1f3fd,People Body/elder__1f9d3_1f3fd.png,https://fonts.gstatic.com/s/e/noto3demoji/latest/1f9d3_1f3fd/512.png,512,512,186197,a8bb19c6526f9dc8633337a13178de27c9b307909fcc4c6f476be88e969578cb
🧓🏾,Elder,People & Body,1f9d3_1f3fe,People Body/elder__1f9d3_1f3fe.png,https://fonts.gstatic.com/s/e/noto3demoji/latest/1f9d3_1f3fe/512.png,512,512,188244,e79d84f43b1d7dec7fc7dc0ae57ba8f1b2bfbc9eb4a0817fa9b63a299bf2acd7
🧓🏿,Elder,People & Body,1f9d3_1f3ff,People Body/elder__1f9d3_1f3ff.png,https://fonts.gstatic.com/s/e/noto3demoji/latest/1f9d3_1f3ff/512.png,512,512,184196,8ca6e2b33714a00c358224c0ac5b596224e7e8ce7557bc7823fb4f24263047ec
👴,Elder,People & Body,1f474,People Body/elder__1f474.png,https://fonts.gstatic.com/s/e/noto3demoji/latest/1f474/512.png,512,512,119044,01fe63d165a7260e498ec443327343e5b7334815692a7fb5c14ff50d9b0306a2
👴🏻,Elder,People & Body,1f474_1f3fb,People Body/elder__1f474_1f3fb.png,https://fonts.gstatic.com/s/e/noto3demoji/latest/1f474_1f3fb/512.png,512,512,131929,84ed865c4ceadccdafd4f5ffbc53b1c14d2d3032fcf083f370370b242451b5fe
👴🏼,Elder,People & Body,1f474_1f3fc,People Body/elder__1f474_1f3fc.png,https://fonts.gstatic.com/s/e/noto3demoji/latest/1f474_1f3fc/512.png,512,512,132660,d0f855fc6f5b7b1481b5dee21e32577cbdac7c7bac56c2b7a2643257eae29907
👴🏽,Elder,People & Body,1f474_1f3fd,People Body/elder__1f474_1f3fd.png,https://fonts.gstatic.com/s/e/noto3demoji/latest/1f474_1f3fd/512.png,512,512,127192,8cfc495b38a3b541bd8a297180863411fcf313b49329fa94cee9e0ead070f8f8
👴🏾,Elder,People & Body,1f474_1f3fe,People Body/elder__1f474_1f3fe.png,https://fonts.gstatic.com/s/e/noto3demoji/latest/1f474_1f3fe/512.png,512,512,131038,c065e685a61bcb193693bdf0dc9cfc2f008c839148007b40c275da8f509fb2fe
👴🏿,Elder,People & Body,1f474_1f3ff,People Body/elder__1f474_1f3ff.png,https://fonts.gstatic.com/s/e/noto3demoji/latest/1f474_1f3ff/512.png,512,512,127907,71a37168eb5e231e572f90cfc0ffc68e95ff86d83a77b7a4283cedbd6a1f7151
👵,Elder,People & Body,1f475,People Body/elder__1f475.png,https://fonts.gstatic.com/s/e/noto3demoji/latest/1f475/512.png,512,512,134497,368ee7a16980fafd709a0ff769d0d3cfe8d7b66db71066638ce566d8e16008bc
👵🏻,Elder,People & Body,1f475_1f3fb,People Body/elder__1f475_1f3fb.png,https://fonts.gstatic.com/s/e/noto3demoji/latest/1f475_1f3fb/512.png,512,512,147891,81e441c4817450207036670068798f4a60dfce33fa15361c7e5ef0ced8f61cf3
👵🏼,Elder,People & Body,1f475_1f3fc,People Body/elder__1f475_1f3fc.png,https://fonts.gstatic.com/s/e/noto3demoji/latest/1f475_1f3fc/512.png,512,512,146491,a74ebb0f38126fd374e47977985e0608741cf97dc81e514079067d6638ab71e6
👵🏽,Elder,People & Body,1f475_1f3fd,People Body/elder__1f475_1f3fd.png,https://fonts.gstatic.com/s/e/noto3demoji/latest/1f475_1f3fd/512.png,512,512,140261,3e4bd7e7ada4f43da3e79cacc9dbff0c0e2031c9a52c335328d6d5cd9a773c9b
👵🏾,Elder,People & Body,1f475_1f3fe,People Body/elder__1f475_1f3fe.png,https://fonts.gstatic.com/s/e/noto3demoji/latest/1f475_1f3fe/512.png,512,512,141882,bc2e1627191c716486eee479c2470db4eaf225154b6b27ad7cf731dfd39f75ac
👵🏿,Elder,People & Body,1f475_1f3ff,People Body/elder__1f475_1f3ff.png,https://fonts.gstatic.com/s/e/noto3demoji/latest/1f475_1f3ff/512.png,512,512,138389,c81f6966428e8a33abdf07fb8bfe7ac7a813afd87befe6ec680a541d1f4f7a03
🙍,Frowning,People & Body,1f64d,People Body/frowning__1f64d.png,https://fonts.gstatic.com/s/e/noto3demoji/latest/1f64d/512.png,512,512,146017,4e38b99af9bd0069fb9e5eabc8d27c02b11a5f3b504d498858805895d0131a94
🙍🏻,Frowning,People & Body,1f64d_1f3fb,People Body/frowning__1f64d_1f3fb.png,https://fonts.gstatic.com/s/e/noto3demoji/latest/1f64d_1f3fb/512.png,512,512,157270,3c4e0e936ad37570969108b6d9f19b41578aa812f3f7648472fe52d5be983323
🙍🏼,Frowning,People & Body,1f64d_1f3fc,People Body/frowning__1f64d_1f3fc.png,https://fonts.gstatic.com/s/e/noto3demoji/latest/1f64d_1f3fc/512.png,512,512,157995,0cafa06a57edbfced1f0ed4ed2575d3e5c03f87cae7842c5626076a026c2d330
🙍🏽,Frowning,People & Body,1f64d_1f3fd,People Body/frowning__1f64d_1f3fd.png,https://fonts.gstatic.com/s/e/noto3demoji/latest/1f64d_1f3fd/512.png,512,512,148967,b0482021ea2b79b4653d3b0efa40948353f3ca6a544679f66a105ca8c49dbdc6
🙍🏾,Frowning,People & Body,1f64d_1f3fe,People Body/frowning__1f64d_1f3fe.png,https://fonts.gstatic.com/s/e/noto3demoji/latest/1f64d_1f3fe/512.png,512,512,147702,ac4235fd5f759fd6ff8b000a397035e81f3be4f397378f6e2df92470aa0e0ad6
🙍🏿,Frowning,People & Body,1f64d_1f3ff,People Body/frowning__1f64d_1f3ff.png,https://fonts.gstatic.com/s/e/noto3demoji/latest/1f64d_1f3ff/512.png,512,512,142527,c1790ebebe084abb80782326bb8dd1ddfa5b82f03bac4974899932753c797777
🙍‍♂,Frowning,People & Body,1f64d_200d_2642,People Body/frowning__1f64d_200d_2642.png,https://fonts.gstatic.com/s/e/noto3demoji/latest/1f64d_200d_2642/512.png,512,512,126223,4b6ac3f34e162bbf1b8a9741b4fdf0c556d31da66ae1e1a8b334304b37db8493
🙍🏻‍♂,Frowning,People & Body,1f64d_1f3fb_200d_2642,People Body/frowning__1f64d_1f3fb_200d_2642.png,https://fonts.gstatic.com/s/e/noto3demoji/latest/1f64d_1f3fb_200d_2642/512.png,512,512,136196,90ce31c81efd70fdb34530e1afbbbdd7091c1abe3a22262039e80911704e90f1
🙍🏼‍♂,Frowning,People & Body,1f64d_1f3fc_200d_2642,People Body/frowning__1f64d_1f3fc_200d_2642.png,https://fonts.gstatic.com/s/e/noto3demoji/latest/1f64d_1f3fc_200d_2642/512.png,512,512,132818,d83eb3acfa62d19cb52f158504fb24731ad4cf56a318430c64634a125049b7cd
🙍🏽‍♂,Frowning,People & Body,1f64d_1f3fd_200d_2642,People Body/frowning__1f64d_1f3fd_200d_2642.png,https://fonts.gstatic.com/s/e/noto3demoji/latest/1f64d_1f3fd_200d_2642/512.png,512,512,127977,d0f942d350bdb44c301578ed37ac80fb59f933c5e2132f0a0257231d64ae5bdf
🙍🏾‍♂,Frowning,People & Body,1f64d_1f3fe_200d_2642,People Body/frowning__1f64d_1f3fe_200d_2642.png,https://fonts.gstatic.com/s/e/noto3demoji/latest/1f64d_1f3fe_200d_2642/512.png,512,512,128134,650d7adad23f952488f8c63ca390edb06f9f6bb4dcacd3876e0481c3e7eb5200
🙍🏿‍♂,Frowning,People & Body,1f64d_1f3ff_200d_2642,People Body/frowning__1f64d_1f3ff_200d_2642.png,https://fonts.gstatic.com/s/e/noto3demoji/latest/1f64d_1f3ff_200d_2642/512.png,512,512,123670,5a9ad48a6b1fc49a7aa9a3e819fb10e22e1c6bd65c5cbfb95d55c1ace7a175d2
🙍‍♀,Frowning,People & Body,1f64d_200d_2640,People Body/frowning__1f64d_200d_2640.png,https://fonts.gstatic.com/s/e/noto3demoji/latest/1f64d_200d_2640/512.png,512,512,147533,386443e1134bfba1185fb02e1a3b683a489e077b66b716ad9cadff0ac30feb99
🙍🏻‍♀,Frowning,People & Body,1f64d_1f3fb_200d_2640,People Body/frowning__1f64d_1f3fb_200d_2640.png,https://fonts.gstatic.com/s/e/noto3demoji/latest/1f64d_1f3fb_200d_2640/512.png,512,512,156184,ef4037ad8a354b72e09cddd6b8d5f92afecf09ee00cf4bbab8003dcb4213e514
🙍🏼‍♀,Frowning,People & Body,1f64d_1f3fc_200d_2640,People Body/frowning__1f64d_1f3fc_200d_2640.png,https://fonts.gstatic.com/s/e/noto3demoji/latest/1f64d_1f3fc_200d_2640/512.png,512,512,156112,9cb87df396faae0e3e325253ebd003fcb68a386194b62aaaa0e8d6b8d5dd356c
🙍🏽‍♀,Frowning,People & Body,1f64d_1f3fd_200d_2640,People Body/frowning__1f64d_1f3fd_200d_2640.png,https://fonts.gstatic.com/s/e/noto3demoji/latest/1f64d_1f3fd_200d_2640/512.png,512,512,149478,7ccf03795915f39fa78c159811cfc9b8c45fa19908dd70396bc2445496fd6744
🙍🏾‍♀,Frowning,People & Body,1f64d_1f3fe_200d_2640,People Body/frowning__1f64d_1f3fe_200d_2640.png,https://fonts.gstatic.com/s/e/noto3demoji/latest/1f64d_1f3fe_200d_2640/512.png,512,512,147485,b99686fb04d352049a3bc68b1df9cdc9eb9d21bd400a66b6c1b2a89f950a8b47
🙍🏿‍♀,Frowning,People & Body,1f64d_1f3ff_200d_2640,People Body/frowning__1f64d_1f3ff_200d_2640.png,https://fonts.gstatic.com/s/e/noto3demoji/latest/1f64d_1f3ff_200d_2640/512.png,512,512,144127,05d842af995d2b3265708bc56da3d2a57a09074d1b1c528067b4a7480f59e6ec
🙎,Pouting,People & Body,1f64e,People Body/pouting__1f64e.png,https://fonts.gstatic.com/s/e/noto3demoji/latest/1f64e/512.png,512,512,131803,91688a68abc14a5eeb2f2568918c09d6036f6019c441b82e81b65dd11f535f0b
🙎🏻,Pouting,People & Body,1f64e_1f3fb,People Body/pouting__1f64e_1f3fb.png,https://fonts.gstatic.com/s/e/noto3demoji/latest/1f64e_1f3fb/512.png,512,512,145574,301b6d1c6eeb8d8ecb3578497aba6df9ee0329e237ad512741f55eda74b9e070
🙎🏼,Pouting,People & Body,1f64e_1f3fc,People Body/pouting__1f64e_1f3fc.png,https://fonts.gstatic.com/s/e/noto3demoji/latest/1f64e_1f3fc/512.png,512,512,146196,38129762a89da0cc679a8981d9d7f1def439ee86483056f05518b73d3d505714
🙎🏽,Pouting,People & Body,1f64e_1f3fd,People Body/pouting__1f64e_1f3fd.png,https://fonts.gstatic.com/s/e/noto3demoji/latest/1f64e_1f3fd/512.png,512,512,137146,a3f3e6b85c0271da0ad18c97eddb2acef113a86d9590a601417ad0ab1436b82e
🙎🏾,Pouting,People & Body,1f64e_1f3fe,People Body/pouting__1f64e_1f3fe.png,https://fonts.gstatic.com/s/e/noto3demoji/latest/1f64e_1f3fe/512.png,512,512,134577,6f0f9bcad1ff5aa3a549e62ab87cbbb2806f42c66b333a98c51e0044bdf2a809
🙎🏿,Pouting,People & Body,1f64e_1f3ff,People Body/pouting__1f64e_1f3ff.png,https://fonts.gstatic.com/s/e/noto3demoji/latest/1f64e_1f3ff/512.png,512,512,132220,4cb74d7fd30385eb9a37a216139acd80a10687a950165dcc5e4878747fe01fc0
🙎‍♂,Pouting,People & Body,1f64e_200d_2642,People Body/pouting__1f64e_200d_2642.png,https://fonts.gstatic.com/s/e/noto3demoji/latest/1f64e_200d_2642/512.png,512,512,123514,162980220dcdfad1babf205ff9d7bc64182e63412f702dc408b815736dc6ecdd
🙎🏻‍♂,Pouting,People & Body,1f64e_1f3fb_200d_2642,People Body/pouting__1f64e_1f3fb_200d_2642.png,https://fonts.gstatic.com/s/e/noto3demoji/latest/1f64e_1f3fb_200d_2642/512.png,512,512,130767,b7deb386de0082d3c138d5b03f97c127786a10a21acc1777d69ff622b2adf080
🙎🏼‍♂,Pouting,People & Body,1f64e_1f3fc_200d_2642,People Body/pouting__1f64e_1f3fc_200d_2642.png,https://fonts.gstatic.com/s/e/noto3demoji/latest/1f64e_1f3fc_200d_2642/512.png,512,512,130047,b89f9f38f9d5c93ac8faf4649201d6b387fe77da8004a1f1b8882e73e9c3944b
🙎🏽‍♂,Pouting,People & Body,1f64e_1f3fd_200d_2642,People Body/pouting__1f64e_1f3fd_200d_2642.png,https://fonts.gstatic.com/s/e/noto3demoji/latest/1f64e_1f3fd_200d_2642/512.png,512,512,124163,26e632d5ea716e92808691033242fab9956b53440b83c23f2ee62cfb3caf1cb1
🙎🏾‍♂,Pouting,People & Body,1f64e_1f3fe_200d_2642,People Body/pouting__1f64e_1f3fe_200d_2642.png,https://fonts.gstatic.com/s/e/noto3demoji/latest/1f64e_1f3fe_200d_2642/512.png,512,512,124614,e845662a5ced424e9ea7e191f08bd34a1079c193af0be7dea555bb2389064066
🙎🏿‍♂,Pouting,People & Body,1f64e_1f3ff_200d_2642,People Body/pouting__1f64e_1f3ff_200d_2642.png,https://fonts.gstatic.com/s/e/noto3demoji/latest/1f64e_1f3ff_200d_2642/512.png,512,512,119689,6e2a7f7acbfcdba03432fa08a4073495bb20abc867088f20e1f9c0926dcba490
🙎‍♀,Pouting,People & Body,1f64e_200d_2640,People Body/pouting__1f64e_200d_2640.png,https://fonts.gstatic.com/s/e/noto3demoji/latest/1f64e_200d_2640/512.png,512,512,139811,3bce587d5cc7d085d737bfb279f460652cc8f1be1dd845e6f854b5113a08a993
🙎🏻‍♀,Pouting,People & Body,1f64e_1f3fb_200d_2640,People Body/pouting__1f64e_1f3fb_200d_2640.png,https://fonts.gstatic.com/s/e/noto3demoji/latest/1f64e_1f3fb_200d_2640/512.png,512,512,147449,1299ba399c6af3d045348dae1e4c957e8d31bf4251ed14eec66babd8e6b3ec84
🙎🏼‍♀,Pouting,People & Body,1f64e_1f3fc_200d_2640,People Body/pouting__1f64e_1f3fc_200d_2640.png,https://fonts.gstatic.com/s/e/noto3demoji/latest/1f64e_1f3fc_200d_2640/512.png,512,512,147974,4250cf482aff51d358e61624f737307b1552447170798d19e87a9c6774eb13d9
🙎🏽‍♀,Pouting,People & Body,1f64e_1f3fd_200d_2640,People Body/pouting__1f64e_1f3fd_200d_2640.png,https://fonts.gstatic.com/s/e/noto3demoji/latest/1f64e_1f3fd_200d_2640/512.png,512,512,139988,576849ed1daba746290753a7c1dc9e0077e906cf9cffdfa35b16d2634681590b
🙎🏾‍♀,Pouting,People & Body,1f64e_1f3fe_200d_2640,People Body/pouting__1f64e_1f3fe_200d_2640.png,https://fonts.gstatic.com/s/e/noto3demoji/latest/1f64e_1f3fe_200d_2640/512.png,512,512,140159,92edc075242867b41aa751d31c7197da9871a74edc8503d35156b796df0b9f2d
🙎🏿‍♀,Pouting,People & Body,1f64e_1f3ff_200d_2640,People Body/pouting__1f64e_1f3ff_200d_2640.png,https://fonts.gstatic.com/s/e/noto3demoji/latest/1f64e_1f3ff_200d_2640/512.png,512,512,135478,8c423b52751fff66e659fdd64fa7d083506d7cdf50f9230e7534fcacc2fc4bda
🙅,No Gesture,People & Body,1f645,People Body/no-gesture__1f645.png,https://fonts.gstatic.com/s/e/noto3demoji/latest/1f645/512.png,512,512,145670,2ac40791613ff739dc8013e2c494e0a7c78b7f2332baa99dd6ca9e826d0d273b
🙅🏻,No Gesture,People & Body,1f645_1f3fb,People Body/no-gesture__1f645_1f3fb.png,https://fonts.gstatic.com/s/e/noto3demoji/latest/1f645_1f3fb/512.png,512,512,158257,7938f23adfdc02ca7e717c224428697791fe1c986ad988cbed00efbf54934e59
🙅🏼,No Gesture,People & Body,1f645_1f3fc,People Body/no-gesture__1f645_1f3fc.png,https://fonts.gstatic.com/s/e/noto3demoji/latest/1f645_1f3fc/512.png,512,512,159284,2271d4965e5167647aeeca8dc927e28a79345a7565f18e6962a1a408e520f224
🙅🏽,No Gesture,People & Body,1f645_1f3fd,People Body/no-gesture__1f645_1f3fd.png,https://fonts.gstatic.com/s/e/noto3demoji/latest/1f645_1f3fd/512.png,512,512,149627,fe9b630e371ae10fe639b3027869fc9a97ed25e02ecf3e2935b6dd9764763580
🙅🏾,No Gesture,People & Body,1f645_1f3fe,People Body/no-gesture__1f645_1f3fe.png,https://fonts.gstatic.com/s/e/noto3demoji/latest/1f645_1f3fe/512.png,512,512,149722,535fc87547079bbf94169aba2a2b75e02f8b5a97dde927cadb2a20903162490e
🙅🏿,No Gesture,People & Body,1f645_1f3ff,People Body/no-gesture__1f645_1f3ff.png,https://fonts.gstatic.com/s/e/noto3demoji/latest/1f645_1f3ff/512.png,512,512,145225,8492624c034f3e064b7afd7a08fd59d89b69b0fbbb853c86bbe56bd9fad1bb58
🙅‍♂,No Gesture,People & Body,1f645_200d_2642,People Body/no-gesture__1f645_200d_2642.png,https://fonts.gstatic.com/s/e/noto3demoji/latest/1f645_200d_2642/512.png,512,512,146592,df69526f906a4ff37af8b73cc357d9b3a8d978c018b216d69ccb6c0e2c5db656
🙅🏻‍♂,No Gesture,People & Body,1f645_1f3fb_200d_2642,People Body/no-gesture__1f645_1f3fb_200d_2642.png,https://fonts.gstatic.com/s/e/noto3demoji/latest/1f645_1f3fb_200d_2642/512.png,512,512,155326,8b46334f70436bf27428431957231580009b2e2a49f9fb16aa819906568842fe
🙅🏼‍♂,No Gesture,People & Body,1f645_1f3fc_200d_2642,People Body/no-gesture__1f645_1f3fc_200d_2642.png,https://fonts.gstatic.com/s/e/noto3demoji/latest/1f645_1f3fc_200d_2642/512.png,512,512,155116,0c3ed522f5793efd25ad86042cf3e6358bfc07b30c6df8c5f5501b50f7152ad5
🙅🏽‍♂,No Gesture,People & Body,1f645_1f3fd_200d_2642,People Body/no-gesture__1f645_1f3fd_200d_2642.png,https://fonts.gstatic.com/s/e/noto3demoji/latest/1f645_1f3fd_200d_2642/512.png,512,512,146949,996d23f7b6d457590ab34b90530d399f70380e117fad93c6fcbb0c29eb8986e3
🙅🏾‍♂,No Gesture,People & Body,1f645_1f3fe_200d_2642,People Body/no-gesture__1f645_1f3fe_200d_2642.png,https://fonts.gstatic.com/s/e/noto3demoji/latest/1f645_1f3fe_200d_2642/512.png,512,512,149336,0897a01397ee7c231b4dac28c8aaa8a07350ce2c76a1a3441475131f21797bce
🙅🏿‍♂,No Gesture,People & Body,1f645_1f3ff_200d_2642,People Body/no-gesture__1f645_1f3ff_200d_2642.png,https://fonts.gstatic.com/s/e/noto3demoji/latest/1f645_1f3ff_200d_2642/512.png,512,512,144545,4c2697dab4c1600d4f5ab95fb019afb7d99738f04fa3760b5cf3cabd6a2a9fb2
🙅‍♀,No Gesture,People & Body,1f645_200d_2640,People Body/no-gesture__1f645_200d_2640.png,https://fonts.gstatic.com/s/e/noto3demoji/latest/1f645_200d_2640/512.png,512,512,153253,72517de0c8bef5e91fbaae327ce85678c27bafb523a17dee14957ac93b764dae
🙅🏻‍♀,No Gesture,People & Body,1f645_1f3fb_200d_2640,People Body/no-gesture__1f645_1f3fb_200d_2640.png,https://fonts.gstatic.com/s/e/noto3demoji/latest/1f645_1f3fb_200d_2640/512.png,512,512,162101,aad898f8c9594977ce0a14810f78e11027ed276f3cd3ebf31038b491e56f8ed3
🙅🏼‍♀,No Gesture,People & Body,1f645_1f3fc_200d_2640,People Body/no-gesture__1f645_1f3fc_200d_2640.png,https://fonts.gstatic.com/s/e/noto3demoji/latest/1f645_1f3fc_200d_2640/512.png,512,512,161909,e04cc57a2ecf01ffc55e465098251461171d9a084f35d31cc47e8005d8d4715b
🙅🏽‍♀,No Gesture,People & Body,1f645_1f3fd_200d_2640,People Body/no-gesture__1f645_1f3fd_200d_2640.png,https://fonts.gstatic.com/s/e/noto3demoji/latest/1f645_1f3fd_200d_2640/512.png,512,512,155092,66df345882e96358b3e032415e77df48abaf764da05d9ba7f5b68b709081bc69
🙅🏾‍♀,No Gesture,People & Body,1f645_1f3fe_200d_2640,People Body/no-gesture__1f645_1f3fe_200d_2640.png,https://fonts.gstatic.com/s/e/noto3demoji/latest/1f645_1f3fe_200d_2640/512.png,512,512,154902,270b80338b3b9aaa2f0ce96e99eb8ea0416e62575c309d6088e4307fb233eaa0
🙅🏿‍♀,No Gesture,People & Body,1f645_1f3ff_200d_2640,People Body/no-gesture__1f645_1f3ff_200d_2640.png,https://fonts.gstatic.com/s/e/noto3demoji/latest/1f645_1f3ff_200d_2640/512.png,512,512,150880,9fe2a91d38933a6dcbdd3da5f501eb16551877564653ac9ceccc1cffb264ecbe
🙆,Gesture Ok,People & Body,1f646,People Body/gesture-ok__1f646.png,https://fonts.gstatic.com/s/e/noto3demoji/latest/1f646/512.png,512,512,157700,bce9adfeb7578a36a3dd56d988b061cfb5c2a1dc3987fd645e54495f4cc30321
🙆🏻,Gesture Ok,People & Body,1f646_1f3fb,People Body/gesture-ok__1f646_1f3fb.png,https://fonts.gstatic.com/s/e/noto3demoji/latest/1f646_1f3fb/512.png,512,512,172209,ba5e9fc626ada1518294b54c05e16c2823a43580ab829d5c06f3439284eaed15
🙆🏼,Gesture Ok,People & Body,1f646_1f3fc,People Body/gesture-ok__1f646_1f3fc.png,https://fonts.gstatic.com/s/e/noto3demoji/latest/1f646_1f3fc/512.png,512,512,172026,5fb5a87e46eabc8b2aa04379183e4d18a613e560364a1d7409d78cfec399c8bd
🙆🏽,Gesture Ok,People & Body,1f646_1f3fd,People Body/gesture-ok__1f646_1f3fd.png,https://fonts.gstatic.com/s/e/noto3demoji/latest/1f646_1f3fd/512.png,512,512,163208,c70dc87382dad312cf7d8de2be0f96198d4699ee61aeede0157e5954b84c0c11
🙆🏾,Gesture Ok,People & Body,1f646_1f3fe,People Body/gesture-ok__1f646_1f3fe.png,https://fonts.gstatic.com/s/e/noto3demoji/latest/1f646_1f3fe/512.png,512,512,161501,1f773a315fb83d2264fdc290bbe71cc1003a52456c1c0275f4791964e6527804
🙆🏿,Gesture Ok,People & Body,1f646_1f3ff,People Body/gesture-ok__1f646_1f3ff.png,https://fonts.gstatic.com/s/e/noto3demoji/latest/1f646_1f3ff/512.png,512,512,159439,63ea8d89c73bd12119b3c48cfb1b0d237768362b4d6e8e6ae0820193f2cd0c95
🙆‍♂,Gesture Ok,People & Body,1f646_200d_2642,People Body/gesture-ok__1f646_200d_2642.png,https://fonts.gstatic.com/s/e/noto3demoji/latest/1f646_200d_2642/512.png,512,512,167537,b93409a8dcee9923873512da07d4100bc313ebefeea3db4f6c30cb21f939d45b
🙆🏻‍♂,Gesture Ok,People & Body,1f646_1f3fb_200d_2642,People Body/gesture-ok__1f646_1f3fb_200d_2642.png,https://fonts.gstatic.com/s/e/noto3demoji/latest/1f646_1f3fb_200d_2642/512.png,512,512,176120,d7ac3d43e16dad54479c5280311f31298885061693fdf2368653d1e5b2f966be
🙆🏼‍♂,Gesture Ok,People & Body,1f646_1f3fc_200d_2642,People Body/gesture-ok__1f646_1f3fc_200d_2642.png,https://fonts.gstatic.com/s/e/noto3demoji/latest/1f646_1f3fc_200d_2642/512.png,512,512,174178,9780cc2ac6cd8749e285f810a3b32f0a63f1f4d09345784740c683b9139457f5
🙆🏽‍♂,Gesture Ok,People & Body,1f646_1f3fd_200d_2642,People Body/gesture-ok__1f646_1f3fd_200d_2642.png,https://fonts.gstatic.com/s/e/noto3demoji/latest/1f646_1f3fd_200d_2642/512.png,512,512,167459,1f2f5eb94d0b612abb57fb13e54ad97a57587b9c4b91fb86469d9e79c4d1d613
🙆🏾‍♂,Gesture Ok,People & Body,1f646_1f3fe_200d_2642,People Body/gesture-ok__1f646_1f3fe_200d_2642.png,https://fonts.gstatic.com/s/e/noto3demoji/latest/1f646_1f3fe_200d_2642/512.png,512,512,167961,1fb206e5fa1bc6f970f7b5fe8827c6c46f4d3554e89ab4327aa22de8bd3b3452
🙆🏿‍♂,Gesture Ok,People & Body,1f646_1f3ff_200d_2642,People Body/gesture-ok__1f646_1f3ff_200d_2642.png,https://fonts.gstatic.com/s/e/noto3demoji/latest/1f646_1f3ff_200d_2642/512.png,512,512,165049,902fcfcdc0de85ed32748f22347140d3a89703b8659869862c6079598e0cc434
🙆‍♀,Gesture Ok,People & Body,1f646_200d_2640,People Body/gesture-ok__1f646_200d_2640.png,https://fonts.gstatic.com/s/e/noto3demoji/latest/1f646_200d_2640/512.png,512,512,171546,172756f677398b715637df948c7f88052bde28525f8cec615addd5501fd0ad1e
🙆🏻‍♀,Gesture Ok,People & Body,1f646_1f3fb_200d_2640,People Body/gesture-ok__1f646_1f3fb_200d_2640.png,https://fonts.gstatic.com/s/e/noto3demoji/latest/1f646_1f3fb_200d_2640/512.png,512,512,179528,49fd98861d20eec8a7edc3a368ca922a0aa3fff782870793a77975da8235fee3
🙆🏼‍♀,Gesture Ok,People & Body,1f646_1f3fc_200d_2640,People Body/gesture-ok__1f646_1f3fc_200d_2640.png,https://fonts.gstatic.com/s/e/noto3demoji/latest/1f646_1f3fc_200d_2640/512.png,512,512,180137,f16e9e2438ebe730142e4832a2e4249f1e18e9bfcf27e66cc89bf3afe034a2ae
🙆🏽‍♀,Gesture Ok,People & Body,1f646_1f3fd_200d_2640,People Body/gesture-ok__1f646_1f3fd_200d_2640.png,https://fonts.gstatic.com/s/e/noto3demoji/latest/1f646_1f3fd_200d_2640/512.png,512,512,171294,ebb5f192f49d93b110ed6aa79f7f316465ebf9249c285d51ab5b304c3390dd6c
🙆🏾‍♀,Gesture Ok,People & Body,1f646_1f3fe_200d_2640,People Body/gesture-ok__1f646_1f3fe_200d_2640.png,https://fonts.gstatic.com/s/e/noto3demoji/latest/1f646_1f3fe_200d_2640/512.png,512,512,172122,008f056f994a51801c6f249a9e5774366977afb245d911e1afa682926e774cc0
🙆🏿‍♀,Gesture Ok,People & Body,1f646_1f3ff_200d_2640,People Body/gesture-ok__1f646_1f3ff_200d_2640.png,https://fonts.gstatic.com/s/e/noto3demoji/latest/1f646_1f3ff_200d_2640/512.png,512,512,167561,cf4aa9b2bbaabbba8b378eddf92c2d03de13a8076a407073343428c70a0bf3e9
💁,Tipping Hand,People & Body,1f481,People Body/tipping-hand__1f481.png,https://fonts.gstatic.com/s/e/noto3demoji/latest/1f481/512.png,512,512,151008,72e07bcf93a3309a6d42aee155e84a3d2c21980ad9b22b768e0fb562e36fb24c
💁🏻,Tipping Hand,People & Body,1f481_1f3fb,People Body/tipping-hand__1f481_1f3fb.png,https://fonts.gstatic.com/s/e/noto3demoji/latest/1f481_1f3fb/512.png,512,512,165141,dd9f7001831df21dd5e606d21e1441832ab279a3bb11ad042bb5b39c980c46f4
💁🏼,Tipping Hand,People & Body,1f481_1f3fc,People Body/tipping-hand__1f481_1f3fc.png,https://fonts.gstatic.com/s/e/noto3demoji/latest/1f481_1f3fc/512.png,512,512,166808,d2ebf1799dab9611c765aad5dd3155f022addbdc8554fccf5c854cd99fb83f3e
💁🏽,Tipping Hand,People & Body,1f481_1f3fd,People Body/tipping-hand__1f481_1f3fd.png,https://fonts.gstatic.com/s/e/noto3demoji/latest/1f481_1f3fd/512.png,512,512,154993,eb781622c148739c272b4cfb8051f93d13f44dc61f6e672bb36527e3f755e112
💁🏾,Tipping Hand,People & Body,1f481_1f3fe,People Body/tipping-hand__1f481_1f3fe.png,https://fonts.gstatic.com/s/e/noto3demoji/latest/1f481_1f3fe/512.png,512,512,154109,76f95280d90ef48782de09ac769961284a231fd8c1aace2350fde000d1b15716
💁🏿,Tipping Hand,People & Body,1f481_1f3ff,People Body/tipping-hand__1f481_1f3ff.png,https://fonts.gstatic.com/s/e/noto3demoji/latest/1f481_1f3ff/512.png,512,512,150224,21b4de296251ab16bc50441631ca8792b51b4258db282a4d1bf6013354b22d6f
💁‍♂,Tipping Hand,People & Body,1f481_200d_2642,People Body/tipping-hand__1f481_200d_2642.png,https://fonts.gstatic.com/s/e/noto3demoji/latest/1f481_200d_2642/512.png,512,512,124130,8af4b7ca5cf547158700e206e69480d453fd35236b03cfed9833dab8a37e975e
💁🏻‍♂,Tipping Hand,People & Body,1f481_1f3fb_200d_2642,People Body/tipping-hand__1f481_1f3fb_200d_2642.png,https://fonts.gstatic.com/s/e/noto3demoji/latest/1f481_1f3fb_200d_2642/512.png,512,512,135245,ca14d10403bedbca16a7da49455a3e701a140922d7210a6ffa36f0648804b75c
💁🏼‍♂,Tipping Hand,People & Body,1f481_1f3fc_200d_2642,People Body/tipping-hand__1f481_1f3fc_200d_2642.png,https://fonts.gstatic.com/s/e/noto3demoji/latest/1f481_1f3fc_200d_2642/512.png,512,512,134352,f13c81df06467804f63a316544402344203d42322a7d3e5f12edddf80be6f162
💁🏽‍♂,Tipping Hand,People & Body,1f481_1f3fd_200d_2642,People Body/tipping-hand__1f481_1f3fd_200d_2642.png,https://fonts.gstatic.com/s/e/noto3demoji/latest/1f481_1f3fd_200d_2642/512.png,512,512,126853,cee3247572bdf7d8f621e0926f3959df8e3a9ed8a0e94febc5f0091a8439d1cb
💁🏾‍♂,Tipping Hand,People & Body,1f481_1f3fe_200d_2642,People Body/tipping-hand__1f481_1f3fe_200d_2642.png,https://fonts.gstatic.com/s/e/noto3demoji/latest/1f481_1f3fe_200d_2642/512.png,512,512,127322,aaddd0b024b499ae5d145e7d29e56cbe0821f1dbce902352b9e9db5dc49cbf28
💁🏿‍♂,Tipping Hand,People & Body,1f481_1f3ff_200d_2642,People Body/tipping-hand__1f481_1f3ff_200d_2642.png,https://fonts.gstatic.com/s/e/noto3demoji/latest/1f481_1f3ff_200d_2642/512.png,512,512,123148,5f5e38ae065cf11559900464b75717dffd7986b9e9edf3175c37577d57059c2e
💁‍♀,Tipping Hand,People & Body,1f481_200d_2640,People Body/tipping-hand__1f481_200d_2640.png,https://fonts.gstatic.com/s/e/noto3demoji/latest/1f481_200d_2640/512.png,512,512,147343,a3f1297f5584d748a9ffae8fbd247c72fd8314f79da55dfec7ad9f0571cbd03b
💁🏻‍♀,Tipping Hand,People & Body,1f481_1f3fb_200d_2640,People Body/tipping-hand__1f481_1f3fb_200d_2640.png,https://fonts.gstatic.com/s/e/noto3demoji/latest/1f481_1f3fb_200d_2640/512.png,512,512,158106,87e031d169b347c848347de7e730b18c46f10b80bb5c684d3cd3628304dc51fc
💁🏼‍♀,Tipping Hand,People & Body,1f481_1f3fc_200d_2640,People Body/tipping-hand__1f481_1f3fc_200d_2640.png,https://fonts.gstatic.com/s/e/noto3demoji/latest/1f481_1f3fc_200d_2640/512.png,512,512,158839,7b56a8a52a7defabf328561c9056315cd689fe6cfd343123b8fac7e057fdf355
💁🏽‍♀,Tipping Hand,People & Body,1f481_1f3fd_200d_2640,People Body/tipping-hand__1f481_1f3fd_200d_2640.png,https://fonts.gstatic.com/s/e/noto3demoji/latest/1f481_1f3fd_200d_2640/512.png,512,512,148515,d04a30d6346c7752893908dd5d651797412a44314c9f3b2ceafe9160879a7016
💁🏾‍♀,Tipping Hand,People & Body,1f481_1f3fe_200d_2640,People Body/tipping-hand__1f481_1f3fe_200d_2640.png,https://fonts.gstatic.com/s/e/noto3demoji/latest/1f481_1f3fe_200d_2640/512.png,512,512,148763,9ef9040794df67894ef9481b211f89ae9e78c14c8c83df6279c605b93434baf3
💁🏿‍♀,Tipping Hand,People & Body,1f481_1f3ff_200d_2640,People Body/tipping-hand__1f481_1f3ff_200d_2640.png,https://fonts.gstatic.com/s/e/noto3demoji/latest/1f481_1f3ff_200d_2640/512.png,512,512,144166,37d6078734b13e9436e6fe4cf8964db8e505e9cac86ea0c19b5612129c3bc0b0
🙋,Raising Hand,People & Body,1f64b,People Body/raising-hand__1f64b.png,https://fonts.gstatic.com/s/e/noto3demoji/latest/1f64b/512.png,512,512,167263,4db51e1c56d361d6c5f5970dcb3b80d4958d99a08207aa3afd0a50a72dd6b648
🙋🏻,Raising Hand,People & Body,1f64b_1f3fb,People Body/raising-hand__1f64b_1f3fb.png,https://fonts.gstatic.com/s/e/noto3demoji/latest/1f64b_1f3fb/512.png,512,512,181506,89d1ed50a653464200db2605777d718c9c352386a16fe8b042dbec7c33c37fe4
🙋🏼,Raising Hand,People & Body,1f64b_1f3fc,People Body/raising-hand__1f64b_1f3fc.png,https://fonts.gstatic.com/s/e/noto3demoji/latest/1f64b_1f3fc/512.png,512,512,183204,c1347ad7613b3c5de95bf45114578a18757781b2e07dba06d5cbcace5704f766
🙋🏽,Raising Hand,People & Body,1f64b_1f3fd,People Body/raising-hand__1f64b_1f3fd.png,https://fonts.gstatic.com/s/e/noto3demoji/latest/1f64b_1f3fd/512.png,512,512,171851,d1ca7850bd5c1cd7d3b22bbbe9264d300f075803faadd92fcf593941fd64f977
🙋🏾,Raising Hand,People & Body,1f64b_1f3fe,People Body/raising-hand__1f64b_1f3fe.png,https://fonts.gstatic.com/s/e/noto3demoji/latest/1f64b_1f3fe/512.png,512,512,171573,797310d90ef305c3d4dc0bcd53864be291f30fa31aca2e49fcf89130fe98c5d2
🙋🏿,Raising Hand,People & Body,1f64b_1f3ff,People Body/raising-hand__1f64b_1f3ff.png,https://fonts.gstatic.com/s/e/noto3demoji/latest/1f64b_1f3ff/512.png,512,512,167824,305a429e892c079657d37dd2c628d35a046ff1cfcf4c3f630d3428f03697415c
🙋‍♂,Raising Hand,People & Body,1f64b_200d_2642,People Body/raising-hand__1f64b_200d_2642.png,https://fonts.gstatic.com/s/e/noto3demoji/latest/1f64b_200d_2642/512.png,512,512,153956,a033f62c733e0d02b48709e653fb4d9a478422012edc7ce27a3c88e8151b61e8
🙋🏻‍♂,Raising Hand,People & Body,1f64b_1f3fb_200d_2642,People Body/raising-hand__1f64b_1f3fb_200d_2642.png,https://fonts.gstatic.com/s/e/noto3demoji/latest/1f64b_1f3fb_200d_2642/512.png,512,512,165905,5fba980583182c09f1587a09fe11624f29c55a083faf568fdf8cfd99b9552ffd
🙋🏼‍♂,Raising Hand,People & Body,1f64b_1f3fc_200d_2642,People Body/raising-hand__1f64b_1f3fc_200d_2642.png,https://fonts.gstatic.com/s/e/noto3demoji/latest/1f64b_1f3fc_200d_2642/512.png,512,512,164828,f71bdf97d24744c31bdb52872d0d8badd924c37d58a3a6e1520098192d095277
🙋🏽‍♂,Raising Hand,People & Body,1f64b_1f3fd_200d_2642,People Body/raising-hand__1f64b_1f3fd_200d_2642.png,https://fonts.gstatic.com/s/e/noto3demoji/latest/1f64b_1f3fd_200d_2642/512.png,512,512,156481,944fa85742fa0610af68c01561a3317a559330118a7a1936d1d83597e49d7472
🙋🏾‍♂,Raising Hand,People & Body,1f64b_1f3fe_200d_2642,People Body/raising-hand__1f64b_1f3fe_200d_2642.png,https://fonts.gstatic.com/s/e/noto3demoji/latest/1f64b_1f3fe_200d_2642/512.png,512,512,157490,7e68c188e6bebcd7db8bf955783b1cab4d81582a8c4a4629aee9193cf01bee5a
🙋🏿‍♂,Raising Hand,People & Body,1f64b_1f3ff_200d_2642,People Body/raising-hand__1f64b_1f3ff_200d_2642.png,https://fonts.gstatic.com/s/e/noto3demoji/latest/1f64b_1f3ff_200d_2642/512.png,512,512,153819,f6e069bfbefbea02d00d037920340b6eaedbde4c2e4291e21cf1e86d2dd0424a
🙋‍♀,Raising Hand,People & Body,1f64b_200d_2640,People Body/raising-hand__1f64b_200d_2640.png,https://fonts.gstatic.com/s/e/noto3demoji/latest/1f64b_200d_2640/512.png,512,512,175811,25667f6f4720687b255bf9251aed9acc04ebe09252cb92d1f0a3a7d5432c6c7f
🙋🏻‍♀,Raising Hand,People & Body,1f64b_1f3fb_200d_2640,People Body/raising-hand__1f64b_1f3fb_200d_2640.png,https://fonts.gstatic.com/s/e/noto3demoji/latest/1f64b_1f3fb_200d_2640/512.png,512,512,187226,cda1406adf45a9e3a2d63a6d833df93218fc9c0896b1357523dc065da545b18e
🙋🏼‍♀,Raising Hand,People & Body,1f64b_1f3fc_200d_2640,People Body/raising-hand__1f64b_1f3fc_200d_2640.png,https://fonts.gstatic.com/s/e/noto3demoji/latest/1f64b_1f3fc_200d_2640/512.png,512,512,188108,dc350e974c57834a86896c0314d13c6d8210c70a6b386d9cf87997b8a2e949bd
🙋🏽‍♀,Raising Hand,People & Body,1f64b_1f3fd_200d_2640,People Body/raising-hand__1f64b_1f3fd_200d_2640.png,https://fonts.gstatic.com/s/e/noto3demoji/latest/1f64b_1f3fd_200d_2640/512.png,512,512,177053,8f067baf6873a1541f4eb735015fbdae09bfe5ebfda9e6c38965c41293de6d6a
🙋🏾‍♀,Raising Hand,People & Body,1f64b_1f3fe_200d_2640,People Body/raising-hand__1f64b_1f3fe_200d_2640.png,https://fonts.gstatic.com/s/e/noto3demoji/latest/1f64b_1f3fe_200d_2640/512.png,512,512,177565,a16256474750c049fcfe0558c3e2bb76b161f3a648581d0a0a4748be5e4cb37e
🙋🏿‍♀,Raising Hand,People & Body,1f64b_1f3ff_200d_2640,People Body/raising-hand__1f64b_1f3ff_200d_2640.png,https://fonts.gstatic.com/s/e/noto3demoji/latest/1f64b_1f3ff_200d_2640/512.png,512,512,173842,bc564254f94cf42f2a1757fa7335b0e62b7381d8374d39ce67190c4ac625e4b1
🧏,Deaf,People & Body,1f9cf,People Body/deaf__1f9cf.png,https://fonts.gstatic.com/s/e/noto3demoji/latest/1f9cf/512.png,512,512,135209,fdd7636d2e6cc9a3fc071e8680ec36a73adc4ce9374e93ce483f17ec924cfb85
🧏🏻,Deaf,People & Body,1f9cf_1f3fb,People Body/deaf__1f9cf_1f3fb.png,https://fonts.gstatic.com/s/e/noto3demoji/latest/1f9cf_1f3fb/512.png,512,512,154634,ebb5b633fc3d17f7d28391319da9e1496788dd265582905ea3840dacc1762632
🧏🏼,Deaf,People & Body,1f9cf_1f3fc,People Body/deaf__1f9cf_1f3fc.png,https://fonts.gstatic.com/s/e/noto3demoji/latest/1f9cf_1f3fc/512.png,512,512,152657,d51c7da94071a604ea2fa53324690c995101789fe9b4b8693581ab5ad6dcf2fd
🧏🏽,Deaf,People & Body,1f9cf_1f3fd,People Body/deaf__1f9cf_1f3fd.png,https://fonts.gstatic.com/s/e/noto3demoji/latest/1f9cf_1f3fd/512.png,512,512,143238,5d3ab3289a50a1555da4ae0aafd2e734b57e393b05bb96260170b59ea7f1a568
🧏🏾,Deaf,People & Body,1f9cf_1f3fe,People Body/deaf__1f9cf_1f3fe.png,https://fonts.gstatic.com/s/e/noto3demoji/latest/1f9cf_1f3fe/512.png,512,512,143647,84f3c2feb32d17879137e447d2918d6cbffb5a43b1abc65c011fa43edd688f62
🧏🏿,Deaf,People & Body,1f9cf_1f3ff,People Body/deaf__1f9cf_1f3ff.png,https://fonts.gstatic.com/s/e/noto3demoji/latest/1f9cf_1f3ff/512.png,512,512,140864,e79b70dbff270be1d048df353c75da444db036da45c838b8173b4fe7909ee498
🧏‍♂,Deaf,People & Body,1f9cf_200d_2642,People Body/deaf__1f9cf_200d_2642.png,https://fonts.gstatic.com/s/e/noto3demoji/latest/1f9cf_200d_2642/512.png,512,512,120947,f88c90b97ccc3ed0a269f99025867034294fb47031d5414586041767a98d54d5
🧏🏻‍♂,Deaf,People & Body,1f9cf_1f3fb_200d_2642,People Body/deaf__1f9cf_1f3fb_200d_2642.png,https://fonts.gstatic.com/s/e/noto3demoji/latest/1f9cf_1f3fb_200d_2642/512.png,512,512,137395,eab6fbff15e515a8baa0b65af63e3e8485bc9934592d3380058fec6f2ed4a9e4
🧏🏼‍♂,Deaf,People & Body,1f9cf_1f3fc_200d_2642,People Body/deaf__1f9cf_1f3fc_200d_2642.png,https://fonts.gstatic.com/s/e/noto3demoji/latest/1f9cf_1f3fc_200d_2642/512.png,512,512,135006,ff125686e96f533d0b99a03f5c126422a59811372d332ec0d8a00d4b389df6f5
🧏🏽‍♂,Deaf,People & Body,1f9cf_1f3fd_200d_2642,People Body/deaf__1f9cf_1f3fd_200d_2642.png,https://fonts.gstatic.com/s/e/noto3demoji/latest/1f9cf_1f3fd_200d_2642/512.png,512,512,128767,9abd42f05a1a2a506ba9b89490c9770deea43b735c8125d34e29b574a6003cfc
🧏🏾‍♂,Deaf,People & Body,1f9cf_1f3fe_200d_2642,People Body/deaf__1f9cf_1f3fe_200d_2642.png,https://fonts.gstatic.com/s/e/noto3demoji/latest/1f9cf_1f3fe_200d_2642/512.png,512,512,129064,cfe887d45c1016b43a709f609aa0e4289315659b032e83a19e332da55475fe07
🧏🏿‍♂,Deaf,People & Body,1f9cf_1f3ff_200d_2642,People Body/deaf__1f9cf_1f3ff_200d_2642.png,https://fonts.gstatic.com/s/e/noto3demoji/latest/1f9cf_1f3ff_200d_2642/512.png,512,512,127299,1d62a5d730a6503861e13ec39aa29ffcd2775f1ddc6d9354b5805b611608f0aa
🧏‍♀,Deaf,People & Body,1f9cf_200d_2640,People Body/deaf__1f9cf_200d_2640.png,https://fonts.gstatic.com/s/e/noto3demoji/latest/1f9cf_200d_2640/512.png,512,512,142004,b8a1707361c311d42a3379d07fb46d870d230fd80178731c40e0da081b950a04
🧏🏻‍♀,Deaf,People & Body,1f9cf_1f3fb_200d_2640,People Body/deaf__1f9cf_1f3fb_200d_2640.png,https://fonts.gstatic.com/s/e/noto3demoji/latest/1f9cf_1f3fb_200d_2640/512.png,512,512,158764,5bd20ec7f68695b74436f6c0b2db2d6295bc36c956c5fb932a9bfcf1cec950d4
🧏🏼‍♀,Deaf,People & Body,1f9cf_1f3fc_200d_2640,People Body/deaf__1f9cf_1f3fc_200d_2640.png,https://fonts.gstatic.com/s/e/noto3demoji/latest/1f9cf_1f3fc_200d_2640/512.png,512,512,156827,55d791ffdaa774e1283e24e140ec09cff26f8518036aee5670c5b1693788fed0
🧏🏽‍♀,Deaf,People & Body,1f9cf_1f3fd_200d_2640,People Body/deaf__1f9cf_1f3fd_200d_2640.png,https://fonts.gstatic.com/s/e/noto3demoji/latest/1f9cf_1f3fd_200d_2640/512.png,512,512,147173,6f4e004e6f07c3d9394e8475f6c4f70a4d06b1fdf8c749606045e1c445b8a205
🧏🏾‍♀,Deaf,People & Body,1f9cf_1f3fe_200d_2640,People Body/deaf__1f9cf_1f3fe_200d_2640.png,https://fonts.gstatic.com/s/e/noto3demoji/latest/1f9cf_1f3fe_200d_2640/512.png,512,512,147512,39aaf7230ed756ec517dca412e6001b4249710bb42f51842e339be6e41b50360
🧏🏿‍♀,Deaf,People & Body,1f9cf_1f3ff_200d_2640,People Body/deaf__1f9cf_1f3ff_200d_2640.png,https://fonts.gstatic.com/s/e/noto3demoji/latest/1f9cf_1f3ff_200d_2640/512.png,512,512,144447,8feb20c8a8eed093d4bad7fd23e3fd22b66067e3ed9aaa8a3d4dc45b57301550
🙇,Bow,People & Body,1f647,People Body/bow__1f647.png,https://fonts.gstatic.com/s/e/noto3demoji/latest/1f647/512.png,512,512,135252,e0e7ed06aaac4343f7e7638ff2eb6a9fda43533031748735b81ecfea94c5d657
🙇🏻,Bow,People & Body,1f647_1f3fb,People Body/bow__1f647_1f3fb.png,https://fonts.gstatic.com/s/e/noto3demoji/latest/1f647_1f3fb/512.png,512,512,142267,e2b98a2d9176d5f15d4bde1ca5d4abbfd2d961a42f9bfd0d77841859cc868084
🙇🏼,Bow,People & Body,1f647_1f3fc,People Body/bow__1f647_1f3fc.png,https://fonts.gstatic.com/s/e/noto3demoji/latest/1f647_1f3fc/512.png,512,512,141773,99d6f2df88453d9952d1e447446c40f68bbee9c90e2b630bfcfb9ce9358cc968
🙇🏽,Bow,People & Body,1f647_1f3fd,People Body/bow__1f647_1f3fd.png,https://fonts.gstatic.com/s/e/noto3demoji/latest/1f647_1f3fd/512.png,512,512,135960,d008a058fa75165a4029ea2243442ca24161bd76aa93c184576d48f7f025059d
🙇🏾,Bow,People & Body,1f647_1f3fe,People Body/bow__1f647_1f3fe.png,https://fonts.gstatic.com/s/e/noto3demoji/latest/1f647_1f3fe/512.png,512,512,133468,7618eb68a0a67a78a6b7be6bfd14bfaa7d6f8b494388ab3d6d28bc44ed66be63
🙇🏿,Bow,People & Body,1f647_1f3ff,People Body/bow__1f647_1f3ff.png,https://fonts.gstatic.com/s/e/noto3demoji/latest/1f647_1f3ff/512.png,512,512,130497,08b6709c5ae110d4d2da385c878672a6aa49a53499eafe1e0c94f5f82db121ae
🙇‍♂,Bow,People & Body,1f647_200d_2642,People Body/bow__1f647_200d_2642.png,https://fonts.gstatic.com/s/e/noto3demoji/latest/1f647_200d_2642/512.png,512,512,140793,52172a2c3e097b69526d781f276a03e45c3b5fe162c896b459b4ed42e5821048
🙇🏻‍♂,Bow,People & Body,1f647_1f3fb_200d_2642,People Body/bow__1f647_1f3fb_200d_2642.png,https://fonts.gstatic.com/s/e/noto3demoji/latest/1f647_1f3fb_200d_2642/512.png,512,512,142519,f1b3a1f97124d4ffe6cea2af819d9f69b8cf7c1f0407a7f3683a5a708117da71
🙇🏼‍♂,Bow,People & Body,1f647_1f3fc_200d_2642,People Body/bow__1f647_1f3fc_200d_2642.png,https://fonts.gstatic.com/s/e/noto3demoji/latest/1f647_1f3fc_200d_2642/512.png,512,512,140141,14b3744eb57725ed9d103b6109e1c8e559cf6a4723f0e43bcb7d467328d0d0e6
🙇🏽‍♂,Bow,People & Body,1f647_1f3fd_200d_2642,People Body/bow__1f647_1f3fd_200d_2642.png,https://fonts.gstatic.com/s/e/noto3demoji/latest/1f647_1f3fd_200d_2642/512.png,512,512,133902,d38c2460d97e7884e6171e78c58eccf10bd84910586e729d2c5e9d784b2c1c99
🙇🏾‍♂,Bow,People & Body,1f647_1f3fe_200d_2642,People Body/bow__1f647_1f3fe_200d_2642.png,https://fonts.gstatic.com/s/e/noto3demoji/latest/1f647_1f3fe_200d_2642/512.png,512,512,132350,99b5164aaaca713da18af96eeefb8d43820e02e5dc60d3b68bf2c30fa3dab6c1
🙇🏿‍♂,Bow,People & Body,1f647_1f3ff_200d_2642,People Body/bow__1f647_1f3ff_200d_2642.png,https://fonts.gstatic.com/s/e/noto3demoji/latest/1f647_1f3ff_200d_2642/512.png,512,512,128599,6c1b72d4e782aa4e9d26b14b6fa1ecfd8a3ef706bb18eb02c281ef836bed7222
🙇‍♀,Bow,People & Body,1f647_200d_2640,People Body/bow__1f647_200d_2640.png,https://fonts.gstatic.com/s/e/noto3demoji/latest/1f647_200d_2640/512.png,512,512,140746,3d1e669f27fcee8beed2e7790709b5116dd7b47dee0ad1b8b34473bdf9050a6e
🙇🏻‍♀,Bow,People & Body,1f647_1f3fb_200d_2640,People Body/bow__1f647_1f3fb_200d_2640.png,https://fonts.gstatic.com/s/e/noto3demoji/latest/1f647_1f3fb_200d_2640/512.png,512,512,143670,12add76852628771432528b8423bae7dc040c760c5d615e582973068e21faa2b
🙇🏼‍♀,Bow,People & Body,1f647_1f3fc_200d_2640,People Body/bow__1f647_1f3fc_200d_2640.png,https://fonts.gstatic.com/s/e/noto3demoji/latest/1f647_1f3fc_200d_2640/512.png,512,512,142285,f862ab99bdddca5614e6646144d5ff7103f8ce8a92461158a81accc26d7b128f
🙇🏽‍♀,Bow,People & Body,1f647_1f3fd_200d_2640,People Body/bow__1f647_1f3fd_200d_2640.png,https://fonts.gstatic.com/s/e/noto3demoji/latest/1f647_1f3fd_200d_2640/512.png,512,512,137080,9c066e0fbb509eb582e145520a617478f362cb6c7b86d1816ba9bd08d7d95e6d
🙇🏾‍♀,Bow,People & Body,1f647_1f3fe_200d_2640,People Body/bow__1f647_1f3fe_200d_2640.png,https://fonts.gstatic.com/s/e/noto3demoji/latest/1f647_1f3fe_200d_2640/512.png,512,512,136086,56fd794a87a508322ab9da19e49ca2bc0ff947a03f0abd607f4f0f2d453d5243
🙇🏿‍♀,Bow,People & Body,1f647_1f3ff_200d_2640,People Body/bow__1f647_1f3ff_200d_2640.png,https://fonts.gstatic.com/s/e/noto3demoji/latest/1f647_1f3ff_200d_2640/512.png,512,512,133103,695714cf95583e44733cfdd4cc056572e36fa4682ed552ec601eae69a9dbbcfd
🤦,Facepalm,People & Body,1f926,People Body/facepalm__1f926.png,https://fonts.gstatic.com/s/e/noto3demoji/latest/1f926/512.png,512,512,140511,921c14fa0e08c5e6fba70ff0492fcf08deeffe45df06729dd73271d3d91443ad
🤦🏻,Facepalm,People & Body,1f926_1f3fb,People Body/facepalm__1f926_1f3fb.png,https://fonts.gstatic.com/s/e/noto3demoji/latest/1f926_1f3fb/512.png,512,512,152331,3327d3a52598b4c950bac6daafcd4208e3e625cfb6db1c7cd593dd1cbc90ae7e
🤦🏼,Facepalm,People & Body,1f926_1f3fc,People Body/facepalm__1f926_1f3fc.png,https://fonts.gstatic.com/s/e/noto3demoji/latest/1f926_1f3fc/512.png,512,512,152624,50bd9aed9a040f8e2db2c7f3aa403ca5b4a4d9de412aa2970da14c0e9b56aa9a
🤦🏽,Facepalm,People & Body,1f926_1f3fd,People Body/facepalm__1f926_1f3fd.png,https://fonts.gstatic.com/s/e/noto3demoji/latest/1f926_1f3fd/512.png,512,512,143752,ab6bcfc713cbc8bac3ab18eaa9f5db793230b6bb8f28d9b452f8d68a700204ec
🤦🏾,Facepalm,People & Body,1f926_1f3fe,People Body/facepalm__1f926_1f3fe.png,https://fonts.gstatic.com/s/e/noto3demoji/latest/1f926_1f3fe/512.png,512,512,141770,6492a3c1031363b13b5e39cdd308781259b05e424c1dd7a487dca40d4910d3b2
🤦🏿,Facepalm,People & Body,1f926_1f3ff,People Body/facepalm__1f926_1f3ff.png,https://fonts.gstatic.com/s/e/noto3demoji/latest/1f926_1f3ff/512.png,512,512,137008,388eac016613a973f5295bb97568121087f27f8c69ef07a6ab6d2fb461624dcd
🤦‍♂,Facepalm,People & Body,1f926_200d_2642,People Body/facepalm__1f926_200d_2642.png,https://fonts.gstatic.com/s/e/noto3demoji/latest/1f926_200d_2642/512.png,512,512,126117,2defaa48b15a5cea6a23509dab1dd8ffa0d2604d2016e73886c088e86d9d52ad
🤦🏻‍♂,Facepalm,People & Body,1f926_1f3fb_200d_2642,People Body/facepalm__1f926_1f3fb_200d_2642.png,https://fonts.gstatic.com/s/e/noto3demoji/latest/1f926_1f3fb_200d_2642/512.png,512,512,135026,6c3e61fbb0ce0a7acbf06190186c27e63198985511bb366b99407e3f74a31d4f
🤦🏼‍♂,Facepalm,People & Body,1f926_1f3fc_200d_2642,People Body/facepalm__1f926_1f3fc_200d_2642.png,https://fonts.gstatic.com/s/e/noto3demoji/latest/1f926_1f3fc_200d_2642/512.png,512,512,133249,906aee541b1e0bc34a8ac3b06c18a0adb21e90e72accd5150dcfbdcce20ee7c6
🤦🏽‍♂,Facepalm,People & Body,1f926_1f3fd_200d_2642,People Body/facepalm__1f926_1f3fd_200d_2642.png,https://fonts.gstatic.com/s/e/noto3demoji/latest/1f926_1f3fd_200d_2642/512.png,512,512,126676,5e890be8d8cd6ea37034f78620514976d9bba54be97b3efddab4afa1d1d638d5
🤦🏾‍♂,Facepalm,People & Body,1f926_1f3fe_200d_2642,People Body/facepalm__1f926_1f3fe_200d_2642.png,https://fonts.gstatic.com/s/e/noto3demoji/latest/1f926_1f3fe_200d_2642/512.png,512,512,127197,6756a14658f0acdd4297b1acb3c951ad0028e71034d651b210978f22d3eed8f9
🤦🏿‍♂,Facepalm,People & Body,1f926_1f3ff_200d_2642,People Body/facepalm__1f926_1f3ff_200d_2642.png,https://fonts.gstatic.com/s/e/noto3demoji/latest/1f926_1f3ff_200d_2642/512.png,512,512,121374,5b41492bf794354d22a30907a125c0f54e36d36b34fd891c0313d7fbd34317ff
🤦‍♀,Facepalm,People & Body,1f926_200d_2640,People Body/facepalm__1f926_200d_2640.png,https://fonts.gstatic.com/s/e/noto3demoji/latest/1f926_200d_2640/512.png,512,512,147188,f70150bfc509adebe4bbbffbdb5249e039c41c4c2ba5574c0cc7e542f1c9bb6e
🤦🏻‍♀,Facepalm,People & Body,1f926_1f3fb_200d_2640,People Body/facepalm__1f926_1f3fb_200d_2640.png,https://fonts.gstatic.com/s/e/noto3demoji/latest/1f926_1f3fb_200d_2640/512.png,512,512,155008,8e6daf8429e9991a3cab2a6034e73bf5cda5a681d316eb200509aa60a1d3cf80
🤦🏼‍♀,Facepalm,People & Body,1f926_1f3fc_200d_2640,People Body/facepalm__1f926_1f3fc_200d_2640.png,https://fonts.gstatic.com/s/e/noto3demoji/latest/1f926_1f3fc_200d_2640/512.png,512,512,157405,d7115bc54da1113485ae0632b7abf04fe6ba37407df1eb31074c495f7d43f7df
🤦🏽‍♀,Facepalm,People & Body,1f926_1f3fd_200d_2640,People Body/facepalm__1f926_1f3fd_200d_2640.png,https://fonts.gstatic.com/s/e/noto3demoji/latest/1f926_1f3fd_200d_2640/512.png,512,512,147492,ba5ad9b9061a67ae4f1ebe9b9e16032d4a26c6bf7901d941dacd6b14c74159d6
🤦🏾‍♀,Facepalm,People & Body,1f926_1f3fe_200d_2640,People Body/facepalm__1f926_1f3fe_200d_2640.png,https://fonts.gstatic.com/s/e/noto3demoji/latest/1f926_1f3fe_200d_2640/512.png,512,512,147351,b8502f3fab5108f0819b8f950c0d92f8ff9df041efa1e5d65eb42bfc3f1dd5e6
🤦🏿‍♀,Facepalm,People & Body,1f926_1f3ff_200d_2640,People Body/facepalm__1f926_1f3ff_200d_2640.png,https://fonts.gstatic.com/s/e/noto3demoji/latest/1f926_1f3ff_200d_2640/512.png,512,512,141673,151632f0ac98b173d495994a22a070605095896caf4dc03cfad863efd333ebfb
🤷,Shrug,People & Body,1f937,People Body/shrug__1f937.png,https://fonts.gstatic.com/s/e/noto3demoji/latest/1f937/512.png,512,512,136950,18de9664d0db4f720d1d2c7f0843970cbfd0be6ef53e95998b7510de09ce4dfb
🤷🏻,Shrug,People & Body,1f937_1f3fb,People Body/shrug__1f937_1f3fb.png,https://fonts.gstatic.com/s/e/noto3demoji/latest/1f937_1f3fb/512.png,512,512,146684,b7dbc40e0e5cb5a5ac6da10623989986f478c10a294cf4bb2d984387d383d1c8
🤷🏼,Shrug,People & Body,1f937_1f3fc,People Body/shrug__1f937_1f3fc.png,https://fonts.gstatic.com/s/e/noto3demoji/latest/1f937_1f3fc/512.png,512,512,147124,453d00dded1bd38556e85f109bf828de918880e3a930d02e8063530f91f6da7a
🤷🏽,Shrug,People & Body,1f937_1f3fd,People Body/shrug__1f937_1f3fd.png,https://fonts.gstatic.com/s/e/noto3demoji/latest/1f937_1f3fd/512.png,512,512,138744,3e0b2fd647827058bbc0b67418636b85960b48b6e3a58204ebc78eb1a6f3c0a4
🤷🏾,Shrug,People & Body,1f937_1f3fe,People Body/shrug__1f937_1f3fe.png,https://fonts.gstatic.com/s/e/noto3demoji/latest/1f937_1f3fe/512.png,512,512,137872,3a0cac74808a5c0b3adfa4dcfab14e7d0cc7143183193c51c26dd40086ac1842
🤷🏿,Shrug,People & Body,1f937_1f3ff,People Body/shrug__1f937_1f3ff.png,https://fonts.gstatic.com/s/e/noto3demoji/latest/1f937_1f3ff/512.png,512,512,136101,d475c1f83024f5f75bff6721fb6c09693f84009557ac8992b21beef020ff42c4
🤷‍♂,Shrug,People & Body,1f937_200d_2642,People Body/shrug__1f937_200d_2642.png,https://fonts.gstatic.com/s/e/noto3demoji/latest/1f937_200d_2642/512.png,512,512,134384,8b6d94d70ef38a840ec115ddac92b0fc07f4ff1781bc3b8dddc2d14dad803878
🤷🏻‍♂,Shrug,People & Body,1f937_1f3fb_200d_2642,People Body/shrug__1f937_1f3fb_200d_2642.png,https://fonts.gstatic.com/s/e/noto3demoji/latest/1f937_1f3fb_200d_2642/512.png,512,512,139490,f566b7d59c0b8924ef1a7f031a535e260521c8b61b3651ed555b7c8a8fb73720
🤷🏼‍♂,Shrug,People & Body,1f937_1f3fc_200d_2642,People Body/shrug__1f937_1f3fc_200d_2642.png,https://fonts.gstatic.com/s/e/noto3demoji/latest/1f937_1f3fc_200d_2642/512.png,512,512,139124,68641d6fdfd82c28366fdc08ab45a9bb0663fda017c5d80b1e64564bd604348a
🤷🏽‍♂,Shrug,People & Body,1f937_1f3fd_200d_2642,People Body/shrug__1f937_1f3fd_200d_2642.png,https://fonts.gstatic.com/s/e/noto3demoji/latest/1f937_1f3fd_200d_2642/512.png,512,512,132923,12e6179b6b008799a1a0d36d67e490a5719a4dd62fd6b4117ce8448a67d16383
🤷🏾‍♂,Shrug,People & Body,1f937_1f3fe_200d_2642,People Body/shrug__1f937_1f3fe_200d_2642.png,https://fonts.gstatic.com/s/e/noto3demoji/latest/1f937_1f3fe_200d_2642/512.png,512,512,133793,ff5a7aa64810e8d65eced126e9d603fd5fb6bb58a1040deb8deadb6317700586
🤷🏿‍♂,Shrug,People & Body,1f937_1f3ff_200d_2642,People Body/shrug__1f937_1f3ff_200d_2642.png,https://fonts.gstatic.com/s/e/noto3demoji/latest/1f937_1f3ff_200d_2642/512.png,512,512,130122,6ececaaa1aa89346141ffcd086623ad404ebbf61796246f849f804d6879dc1ff
🤷‍♀,Shrug,People & Body,1f937_200d_2640,People Body/shrug__1f937_200d_2640.png,https://fonts.gstatic.com/s/e/noto3demoji/latest/1f937_200d_2640/512.png,512,512,148378,eaaee0dc943af0130ea395fd5d2f85375459a238e231d999c82ac7d988f954cd
🤷🏻‍♀,Shrug,People & Body,1f937_1f3fb_200d_2640,People Body/shrug__1f937_1f3fb_200d_2640.png,https://fonts.gstatic.com/s/e/noto3demoji/latest/1f937_1f3fb_200d_2640/512.png,512,512,152835,9b96d85055d722377cad689a4db0cbc366767c28747984fa845abcee2a3287ae
🤷🏼‍♀,Shrug,People & Body,1f937_1f3fc_200d_2640,People Body/shrug__1f937_1f3fc_200d_2640.png,https://fonts.gstatic.com/s/e/noto3demoji/latest/1f937_1f3fc_200d_2640/512.png,512,512,153755,28dc6da5395a6f6672f2683eb65476cf877630e95c04c5def5c363575a3faba6
🤷🏽‍♀,Shrug,People & Body,1f937_1f3fd_200d_2640,People Body/shrug__1f937_1f3fd_200d_2640.png,https://fonts.gstatic.com/s/e/noto3demoji/latest/1f937_1f3fd_200d_2640/512.png,512,512,147086,094b551e7b8ceb516a0cea0e11326d6be6b9fce06ef8bf8514ce86a003089a8d
🤷🏾‍♀,Shrug,People & Body,1f937_1f3fe_200d_2640,People Body/shrug__1f937_1f3fe_200d_2640.png,https://fonts.gstatic.com/s/e/noto3demoji/latest/1f937_1f3fe_200d_2640/512.png,512,512,148121,1f8b02511907de30325acf7afd91f7d68d0295524366aebb7d0971f621adc12d
🤷🏿‍♀,Shrug,People & Body,1f937_1f3ff_200d_2640,People Body/shrug__1f937_1f3ff_200d_2640.png,https://fonts.gstatic.com/s/e/noto3demoji/latest/1f937_1f3ff_200d_2640/512.png,512,512,145162,f9feb3bbfd7bee3c81763c5744f5f9666c1ec28509ec7d8e8e40a7419d31a3ea
🧑‍⚕,Health Worker,People & Body,1f9d1_200d_2695,People Body/health-worker__1f9d1_200d_2695.png,https://fonts.gstatic.com/s/e/noto3demoji/latest/1f9d1_200d_2695/512.png,512,512,163767,6a8f90834768efb09e9dc04ba8429465a7ad490fb9b5bd51f00fbb8bee3d71ea
🧑🏻‍⚕,Health Worker,People & Body,1f9d1_1f3fb_200d_2695,People Body/health-worker__1f9d1_1f3fb_200d_2695.png,https://fonts.gstatic.com/s/e/noto3demoji/latest/1f9d1_1f3fb_200d_2695/512.png,512,512,174757,b1d1a6da3d70e71d9b847776d4fe53df94d2de73c03f51fd2988891da449bc98
🧑🏼‍⚕,Health Worker,People & Body,1f9d1_1f3fc_200d_2695,People Body/health-worker__1f9d1_1f3fc_200d_2695.png,https://fonts.gstatic.com/s/e/noto3demoji/latest/1f9d1_1f3fc_200d_2695/512.png,512,512,178407,b4ef6461445f007144b7be436361bb6c7bb5f8bbb8b7ef8e217582bd1a72d5fd
🧑🏽‍⚕,Health Worker,People & Body,1f9d1_1f3fd_200d_2695,People Body/health-worker__1f9d1_1f3fd_200d_2695.png,https://fonts.gstatic.com/s/e/noto3demoji/latest/1f9d1_1f3fd_200d_2695/512.png,512,512,168627,c968449672d534814a38b98dfd2419b0b31e81086b981782dac7683749377514
🧑🏾‍⚕,Health Worker,People & Body,1f9d1_1f3fe_200d_2695,People Body/health-worker__1f9d1_1f3fe_200d_2695.png,https://fonts.gstatic.com/s/e/noto3demoji/latest/1f9d1_1f3fe_200d_2695/512.png,512,512,169234,c6b220959fbd7da000d3f7869a96b90fb32e298327188deb23918cea1b07f7bd
🧑🏿‍⚕,Health Worker,People & Body,1f9d1_1f3ff_200d_2695,People Body/health-worker__1f9d1_1f3ff_200d_2695.png,https://fonts.gstatic.com/s/e/noto3demoji/latest/1f9d1_1f3ff_200d_2695/512.png,512,512,163829,c41bf357df6f196a1359b8e9a32f12c458173ddba7645fce4dd2c7508f0bf480
👨‍⚕,Health Worker,People & Body,1f468_200d_2695,People Body/health-worker__1f468_200d_2695.png,https://fonts.gstatic.com/s/e/noto3demoji/latest/1f468_200d_2695/512.png,512,512,134848,cb22525ffb18452bfe3f68e5cb3e04242dfc992c05dec3b165594b7491a4bffd
👨🏻‍⚕,Health Worker,People & Body,1f468_1f3fb_200d_2695,People Body/health-worker__1f468_1f3fb_200d_2695.png,https://fonts.gstatic.com/s/e/noto3demoji/latest/1f468_1f3fb_200d_2695/512.png,512,512,145803,4c68075150eccfecde7336c113a25939fea538f02ee5c431ab4aedb8400988c0
👨🏼‍⚕,Health Worker,People & Body,1f468_1f3fc_200d_2695,People Body/health-worker__1f468_1f3fc_200d_2695.png,https://fonts.gstatic.com/s/e/noto3demoji/latest/1f468_1f3fc_200d_2695/512.png,512,512,145498,c49d6e727a9cf92b4579861f50670913f910dcf32b44d36b75577d49a41953d4
👨🏽‍⚕,Health Worker,People & Body,1f468_1f3fd_200d_2695,People Body/health-worker__1f468_1f3fd_200d_2695.png,https://fonts.gstatic.com/s/e/noto3demoji/latest/1f468_1f3fd_200d_2695/512.png,512,512,139595,303700be5223385e9d5ef7a4a83627cd91372e4b7c1016013e5009833ca29790
👨🏾‍⚕,Health Worker,People & Body,1f468_1f3fe_200d_2695,People Body/health-worker__1f468_1f3fe_200d_2695.png,https://fonts.gstatic.com/s/e/noto3demoji/latest/1f468_1f3fe_200d_2695/512.png,512,512,140560,1d60197b456556b26803ee14b1f7b8c19af9afbf173a90029c16ceb247242606
👨🏿‍⚕,Health Worker,People & Body,1f468_1f3ff_200d_2695,People Body/health-worker__1f468_1f3ff_200d_2695.png,https://fonts.gstatic.com/s/e/noto3demoji/latest/1f468_1f3ff_200d_2695/512.png,512,512,137812,087e1407a1ca1721415297386e880308c18607abacb8ec6248d86eb40ef8f81a
👩‍⚕,Health Worker,People & Body,1f469_200d_2695,People Body/health-worker__1f469_200d_2695.png,https://fonts.gstatic.com/s/e/noto3demoji/latest/1f469_200d_2695/512.png,512,512,160290,6f727791c2c47921e1b182cf5eb04125eb4f4470651b59a2e2ba0d1bb82f8483
👩🏻‍⚕,Health Worker,People & Body,1f469_1f3fb_200d_2695,People Body/health-worker__1f469_1f3fb_200d_2695.png,https://fonts.gstatic.com/s/e/noto3demoji/latest/1f469_1f3fb_200d_2695/512.png,512,512,169953,a117296591bd9fda56133390351a08c071ab8d082bc35041cdbd3abe31f5c251
👩🏼‍⚕,Health Worker,People & Body,1f469_1f3fc_200d_2695,People Body/health-worker__1f469_1f3fc_200d_2695.png,https://fonts.gstatic.com/s/e/noto3demoji/latest/1f469_1f3fc_200d_2695/512.png,512,512,172410,4df5cf3d1c501010c5c9e5f9ad2369e9588157f8464dfbf558953ca41933a5ba
👩🏽‍⚕,Health Worker,People & Body,1f469_1f3fd_200d_2695,People Body/health-worker__1f469_1f3fd_200d_2695.png,https://fonts.gstatic.com/s/e/noto3demoji/latest/1f469_1f3fd_200d_2695/512.png,512,512,163407,877bfdd19beefd136255d0a8351b0a15452c764a90f0069317b56544ebc599dc
👩🏾‍⚕,Health Worker,People & Body,1f469_1f3fe_200d_2695,People Body/health-worker__1f469_1f3fe_200d_2695.png,https://fonts.gstatic.com/s/e/noto3demoji/latest/1f469_1f3fe_200d_2695/512.png,512,512,163498,d8f8ed2ba87a47bd120d166b3ec9e75346eb86991c142b67f91e53c262b66462
👩🏿‍⚕,Health Worker,People & Body,1f469_1f3ff_200d_2695,People Body/health-worker__1f469_1f3ff_200d_2695.png,https://fonts.gstatic.com/s/e/noto3demoji/latest/1f469_1f3ff_200d_2695/512.png,512,512,158399,85387368767679e7d7c9301a4b2d84b95c14f0d364f1daa7efce756c540437a7
🧑‍🎓,Student,People & Body,1f9d1_200d_1f393,People Body/student__1f9d1_200d_1f393.png,https://fonts.gstatic.com/s/e/noto3demoji/latest/1f9d1_200d_1f393/512.png,512,512,152309,8ae3ae78cfd1d5f5c684204c187a0219b2a2ed40135aab9f6b5c44989f4bd83c
🧑🏻‍🎓,Student,People & Body,1f9d1_1f3fb_200d_1f393,People Body/student__1f9d1_1f3fb_200d_1f393.png,https://fonts.gstatic.com/s/e/noto3demoji/latest/1f9d1_1f3fb_200d_1f393/512.png,512,512,161852,c7a07acee4a271ff61f2297215c46fe59b7bf05f29f28b9365852acc3aaee9ac
🧑🏼‍🎓,Student,People & Body,1f9d1_1f3fc_200d_1f393,People Body/student__1f9d1_1f3fc_200d_1f393.png,https://fonts.gstatic.com/s/e/noto3demoji/latest/1f9d1_1f3fc_200d_1f393/512.png,512,512,163099,34a5d9c51fabe1558656b9ccb82c10b510793c9b6547080f0598316e08a2feb1
🧑🏽‍🎓,Student,People & Body,1f9d1_1f3fd_200d_1f393,People Body/student__1f9d1_1f3fd_200d_1f393.png,https://fonts.gstatic.com/s/e/noto3demoji/latest/1f9d1_1f3fd_200d_1f393/512.png,512,512,156010,007471105027d9a77748c9ac6ae0834f3cf78313be457ca6f600dbd2e3329e5a
🧑🏾‍🎓,Student,People & Body,1f9d1_1f3fe_200d_1f393,People Body/student__1f9d1_1f3fe_200d_1f393.png,https://fonts.gstatic.com/s/e/noto3demoji/latest/1f9d1_1f3fe_200d_1f393/512.png,512,512,155425,62b747d576fd2a332d07403b51f0b8a66db46eb83ce668aff01a3324c2d7bf53
🧑🏿‍🎓,Student,People & Body,1f9d1_1f3ff_200d_1f393,People Body/student__1f9d1_1f3ff_200d_1f393.png,https://fonts.gstatic.com/s/e/noto3demoji/latest/1f9d1_1f3ff_200d_1f393/512.png,512,512,151389,8016add0568e4eb84b47bd5b387e5deab4338396f1c4444e5cf6b08078580bc4
👨‍🎓,Student,People & Body,1f468_200d_1f393,People Body/student__1f468_200d_1f393.png,https://fonts.gstatic.com/s/e/noto3demoji/latest/1f468_200d_1f393/512.png,512,512,133032,7263ca2503a36bfc9e9cbc987b7cb8d6ae89086d2e82dbbaf62a005cbafbc64e
👨🏻‍🎓,Student,People & Body,1f468_1f3fb_200d_1f393,People Body/student__1f468_1f3fb_200d_1f393.png,https://fonts.gstatic.com/s/e/noto3demoji/latest/1f468_1f3fb_200d_1f393/512.png,512,512,142664,0945d510946a8b1ee1ad3ae6d66d31b5897367d7a4ed5ea8da64b7391ca34c61
👨🏼‍🎓,Student,People & Body,1f468_1f3fc_200d_1f393,People Body/student__1f468_1f3fc_200d_1f393.png,https://fonts.gstatic.com/s/e/noto3demoji/latest/1f468_1f3fc_200d_1f393/512.png,512,512,141238,41a6383b4803826210be2134883c44022b088d6bf7bcba28d37d929944d3cde5
👨🏽‍🎓,Student,People & Body,1f468_1f3fd_200d_1f393,People Body/student__1f468_1f3fd_200d_1f393.png,https://fonts.gstatic.com/s/e/noto3demoji/latest/1f468_1f3fd_200d_1f393/512.png,512,512,136836,1130fa60e9087d5bd860ff19c4a6815cdbaa0aafdaccf8e97b768e19ba48caa8
👨🏾‍🎓,Student,People & Body,1f468_1f3fe_200d_1f393,People Body/student__1f468_1f3fe_200d_1f393.png,https://fonts.gstatic.com/s/e/noto3demoji/latest/1f468_1f3fe_200d_1f393/512.png,512,512,135939,11f2a355d1f946abafacb252cdb1802884088b1dedb720c191b9a743b56997a7
👨🏿‍🎓,Student,People & Body,1f468_1f3ff_200d_1f393,People Body/student__1f468_1f3ff_200d_1f393.png,https://fonts.gstatic.com/s/e/noto3demoji/latest/1f468_1f3ff_200d_1f393/512.png,512,512,134039,5d0c169ac8ba61522578f8c7a83cc33634cc115686277fa139affb6b96a75ff7
👩‍🎓,Student,People & Body,1f469_200d_1f393,People Body/student__1f469_200d_1f393.png,https://fonts.gstatic.com/s/e/noto3demoji/latest/1f469_200d_1f393/512.png,512,512,153410,1d5d0ac88378470d92be38519616e0813e12a72b408fd94692ca5ba35df57036
👩🏻‍🎓,Student,People & Body,1f469_1f3fb_200d_1f393,People Body/student__1f469_1f3fb_200d_1f393.png,https://fonts.gstatic.com/s/e/noto3demoji/latest/1f469_1f3fb_200d_1f393/512.png,512,512,162895,beedfd9f1e9324b9c6f551bf4a84eba6d9c26df2b1faf5ecb5810c7619424fcf
👩🏼‍🎓,Student,People & Body,1f469_1f3fc_200d_1f393,People Body/student__1f469_1f3fc_200d_1f393.png,https://fonts.gstatic.com/s/e/noto3demoji/latest/1f469_1f3fc_200d_1f393/512.png,512,512,163388,b64e391db251015823ad9b68453d2258b46c7434104450893fd207e2c42d6662
👩🏽‍🎓,Student,People & Body,1f469_1f3fd_200d_1f393,People Body/student__1f469_1f3fd_200d_1f393.png,https://fonts.gstatic.com/s/e/noto3demoji/latest/1f469_1f3fd_200d_1f393/512.png,512,512,155891,00a4af8d4231e8e083043aaf9ce4e062be4aff25cdde6f5d0e2ea5e665f4506e
👩🏾‍🎓,Student,People & Body,1f469_1f3fe_200d_1f393,People Body/student__1f469_1f3fe_200d_1f393.png,https://fonts.gstatic.com/s/e/noto3demoji/latest/1f469_1f3fe_200d_1f393/512.png,512,512,154558,fa155548d00010960225e4e3c4cf900b5d33499202ce231e795953629130f2b5
👩🏿‍🎓,Student,People & Body,1f469_1f3ff_200d_1f393,People Body/student__1f469_1f3ff_200d_1f393.png,https://fonts.gstatic.com/s/e/noto3demoji/latest/1f469_1f3ff_200d_1f393/512.png,512,512,150867,a893f6be726632ea843b85d8de24f3aa0e4b7513c1199ffa7000f1c397ad0377
🧑‍🏫,Teacher,People & Body,1f9d1_200d_1f3eb,People Body/teacher__1f9d1_200d_1f3eb.png,https://fonts.gstatic.com/s/e/noto3demoji/latest/1f9d1_200d_1f3eb/512.png,512,512,196116,842096ab98d60ef9377ca4493a81cfecbbee6d22a8e88bbe5e7466912ab611f6
🧑🏻‍🏫,Teacher,People & Body,1f9d1_1f3fb_200d_1f3eb,People Body/teacher__1f9d1_1f3fb_200d_1f3eb.png,https://fonts.gstatic.com/s/e/noto3demoji/latest/1f9d1_1f3fb_200d_1f3eb/512.png,512,512,205940,68b1e8eb69b698c9989881849b674e8ff9deb988ccdc20fc05f1df4832e8f017
🧑🏼‍🏫,Teacher,People & Body,1f9d1_1f3fc_200d_1f3eb,People Body/teacher__1f9d1_1f3fc_200d_1f3eb.png,https://fonts.gstatic.com/s/e/noto3demoji/latest/1f9d1_1f3fc_200d_1f3eb/512.png,512,512,209318,c4df3c96ecee24b1955168f314b2e7c84df903d7b5a84c0f7f800c679baa6359
🧑🏽‍🏫,Teacher,People & Body,1f9d1_1f3fd_200d_1f3eb,People Body/teacher__1f9d1_1f3fd_200d_1f3eb.png,https://fonts.gstatic.com/s/e/noto3demoji/latest/1f9d1_1f3fd_200d_1f3eb/512.png,512,512,198881,065d9301ada802842b84d6e05f1304671c9c0dc9ef0f2e3a51329983b531a820
🧑🏾‍🏫,Teacher,People & Body,1f9d1_1f3fe_200d_1f3eb,People Body/teacher__1f9d1_1f3fe_200d_1f3eb.png,https://fonts.gstatic.com/s/e/noto3demoji/latest/1f9d1_1f3fe_200d_1f3eb/512.png,512,512,197640,132b230d6bc1ab0041f9f603325aaa124ee9bb02c4304beed18647b31dfe7248
🧑🏿‍🏫,Teacher,People & Body,1f9d1_1f3ff_200d_1f3eb,People Body/teacher__1f9d1_1f3ff_200d_1f3eb.png,https://fonts.gstatic.com/s/e/noto3demoji/latest/1f9d1_1f3ff_200d_1f3eb/512.png,512,512,191436,42e9e84f35c0b51a1433a72ac5cecb9294d02904dbd62407ea75128eff52347a
👨‍🏫,Teacher,People & Body,1f468_200d_1f3eb,People Body/teacher__1f468_200d_1f3eb.png,https://fonts.gstatic.com/s/e/noto3demoji/latest/1f468_200d_1f3eb/512.png,512,512,183803,1ae3bb76c9aabca0ba3ca56b84ac9fd21643c895fcc61b78dddf32febaf2db34
👨🏻‍🏫,Teacher,People & Body,1f468_1f3fb_200d_1f3eb,People Body/teacher__1f468_1f3fb_200d_1f3eb.png,https://fonts.gstatic.com/s/e/noto3demoji/latest/1f468_1f3fb_200d_1f3eb/512.png,512,512,192407,c317759633563e7bf53c4a7763d773095663fbc0655aafd6d482ca250bbcdc4c
👨🏼‍🏫,Teacher,People & Body,1f468_1f3fc_200d_1f3eb,People Body/teacher__1f468_1f3fc_200d_1f3eb.png,https://fonts.gstatic.com/s/e/noto3demoji/latest/1f468_1f3fc_200d_1f3eb/512.png,512,512,191460,ec73bdef8485bffb86c9c217636a619d6a17dea498d4c0713505ab5fb45fdd86
👨🏽‍🏫,Teacher,People & Body,1f468_1f3fd_200d_1f3eb,People Body/teacher__1f468_1f3fd_200d_1f3eb.png,https://fonts.gstatic.com/s/e/noto3demoji/latest/1f468_1f3fd_200d_1f3eb/512.png,512,512,184817,e20a3ac165af112e9f4d04f53fce4ddcc490f9ee3698ad8b40121dc32a7233da
👨🏾‍🏫,Teacher,People & Body,1f468_1f3fe_200d_1f3eb,People Body/teacher__1f468_1f3fe_200d_1f3eb.png,https://fonts.gstatic.com/s/e/noto3demoji/latest/1f468_1f3fe_200d_1f3eb/512.png,512,512,184861,c2f00a15bda8bab9405979df15aca59b0bfdd05b255461f68c85b13d475a30df
👨🏿‍🏫,Teacher,People & Body,1f468_1f3ff_200d_1f3eb,People Body/teacher__1f468_1f3ff_200d_1f3eb.png,https://fonts.gstatic.com/s/e/noto3demoji/latest/1f468_1f3ff_200d_1f3eb/512.png,512,512,180491,afda5916869c6d396dc0cc92e894d3bfdf6b0dd47502a75240eed150f56d5eba
👩‍🏫,Teacher,People & Body,1f469_200d_1f3eb,People Body/teacher__1f469_200d_1f3eb.png,https://fonts.gstatic.com/s/e/noto3demoji/latest/1f469_200d_1f3eb/512.png,512,512,193109,38f90fa2166ceea0da498d5ffc71437d13679a21c01b191cabd83714e1b65778
👩🏻‍🏫,Teacher,People & Body,1f469_1f3fb_200d_1f3eb,People Body/teacher__1f469_1f3fb_200d_1f3eb.png,https://fonts.gstatic.com/s/e/noto3demoji/latest/1f469_1f3fb_200d_1f3eb/512.png,512,512,201964,ceb495c5f9c9e9733ead1df52c927eadb4c7b3b546560a3126cbcb0ebb5eb388
👩🏼‍🏫,Teacher,People & Body,1f469_1f3fc_200d_1f3eb,People Body/teacher__1f469_1f3fc_200d_1f3eb.png,https://fonts.gstatic.com/s/e/noto3demoji/latest/1f469_1f3fc_200d_1f3eb/512.png,512,512,202920,7315002aa6b09effdbef790ec107487b83d8cae1c6b6ad3cd7ea97206bc98c3a
👩🏽‍🏫,Teacher,People & Body,1f469_1f3fd_200d_1f3eb,People Body/teacher__1f469_1f3fd_200d_1f3eb.png,https://fonts.gstatic.com/s/e/noto3demoji/latest/1f469_1f3fd_200d_1f3eb/512.png,512,512,193754,0e296f134b3761a9c57eadaf6540626678ec3e2d8f6d833eb2f12d3bfee41a14
👩🏾‍🏫,Teacher,People & Body,1f469_1f3fe_200d_1f3eb,People Body/teacher__1f469_1f3fe_200d_1f3eb.png,https://fonts.gstatic.com/s/e/noto3demoji/latest/1f469_1f3fe_200d_1f3eb/512.png,512,512,191323,7302317dcf6c522cb2cbb3bddf933b64bccb86347b980222023cf6a593be3739
👩🏿‍🏫,Teacher,People & Body,1f469_1f3ff_200d_1f3eb,People Body/teacher__1f469_1f3ff_200d_1f3eb.png,https://fonts.gstatic.com/s/e/noto3demoji/latest/1f469_1f3ff_200d_1f3eb/512.png,512,512,186646,38ffb6b290e8c276e8bc69939e105b803d30f3445740ab0e8a433b4f89e65565
🧑‍⚖,Judge,People & Body,1f9d1_200d_2696,People Body/judge__1f9d1_200d_2696.png,https://fonts.gstatic.com/s/e/noto3demoji/latest/1f9d1_200d_2696/512.png,512,512,167092,30f44387f7215e2debb9d1ee6b03640ab64847de395b27760d123d4c9a702c7e
🧑🏻‍⚖,Judge,People & Body,1f9d1_1f3fb_200d_2696,People Body/judge__1f9d1_1f3fb_200d_2696.png,https://fonts.gstatic.com/s/e/noto3demoji/latest/1f9d1_1f3fb_200d_2696/512.png,512,512,177179,6320004c623128d0d8496d983fa2555508be589569a7ce57650ec44ab76f61ae
🧑🏼‍⚖,Judge,People & Body,1f9d1_1f3fc_200d_2696,People Body/judge__1f9d1_1f3fc_200d_2696.png,https://fonts.gstatic.com/s/e/noto3demoji/latest/1f9d1_1f3fc_200d_2696/512.png,512,512,180365,65618010de0997619b52fe3071d10e09be3946a349ca3bdd7d4ab07a72854d3d
🧑🏽‍⚖,Judge,People & Body,1f9d1_1f3fd_200d_2696,People Body/judge__1f9d1_1f3fd_200d_2696.png,https://fonts.gstatic.com/s/e/noto3demoji/latest/1f9d1_1f3fd_200d_2696/512.png,512,512,171850,f932a161b91c52ea1476e98f03ac4e8e6192cd7e5c688dc84cb5401c751c2a64
🧑🏾‍⚖,Judge,People & Body,1f9d1_1f3fe_200d_2696,People Body/judge__1f9d1_1f3fe_200d_2696.png,https://fonts.gstatic.com/s/e/noto3demoji/latest/1f9d1_1f3fe_200d_2696/512.png,512,512,172179,03826e8611e4ce298d0301f257a6913415852e062ac4342426d50e1848fff5ab
🧑🏿‍⚖,Judge,People & Body,1f9d1_1f3ff_200d_2696,People Body/judge__1f9d1_1f3ff_200d_2696.png,https://fonts.gstatic.com/s/e/noto3demoji/latest/1f9d1_1f3ff_200d_2696/512.png,512,512,166591,6049477a223d593959172d4ff5a4217240735de0074fe1319c51160309255fa8
👨‍⚖,Judge,People & Body,1f468_200d_2696,People Body/judge__1f468_200d_2696.png,https://fonts.gstatic.com/s/e/noto3demoji/latest/1f468_200d_2696/512.png,512,512,142044,608c52af6aa6bdf0a986fc1bd71b6dc4fb7b4d1c82b3c918965a764d74de45e7
👨🏻‍⚖,Judge,People & Body,1f468_1f3fb_200d_2696,People Body/judge__1f468_1f3fb_200d_2696.png,https://fonts.gstatic.com/s/e/noto3demoji/latest/1f468_1f3fb_200d_2696/512.png,512,512,152159,6101ad5c5c42e3f44c6d8b9a41223333a108c9276ccbbd500114eba3fbf279a0
👨🏼‍⚖,Judge,People & Body,1f468_1f3fc_200d_2696,People Body/judge__1f468_1f3fc_200d_2696.png,https://fonts.gstatic.com/s/e/noto3demoji/latest/1f468_1f3fc_200d_2696/512.png,512,512,152034,ce6c6665efddb7e79edd4c0ad7fdff6fcacd7e00d4638e0584e7a5edb4d48a51
👨🏽‍⚖,Judge,People & Body,1f468_1f3fd_200d_2696,People Body/judge__1f468_1f3fd_200d_2696.png,https://fonts.gstatic.com/s/e/noto3demoji/latest/1f468_1f3fd_200d_2696/512.png,512,512,146050,c882995bcf7484c0846ac05b413895ca9f1d0521670a880dd8b3b2afd19d2af5
👨🏾‍⚖,Judge,People & Body,1f468_1f3fe_200d_2696,People Body/judge__1f468_1f3fe_200d_2696.png,https://fonts.gstatic.com/s/e/noto3demoji/latest/1f468_1f3fe_200d_2696/512.png,512,512,147492,6c748c2135bf4dfd8fb9aa8222f641f9a39b9b24ba987bd68f94dc39e46bf18e
👨🏿‍⚖,Judge,People & Body,1f468_1f3ff_200d_2696,People Body/judge__1f468_1f3ff_200d_2696.png,https://fonts.gstatic.com/s/e/noto3demoji/latest/1f468_1f3ff_200d_2696/512.png,512,512,144515,1d7b95d3ec3b3f63ccc5e18b6c39f7f93ac8419d33b1f95a4b8215abe788762b
👩‍⚖,Judge,People & Body,1f469_200d_2696,People Body/judge__1f469_200d_2696.png,https://fonts.gstatic.com/s/e/noto3demoji/latest/1f469_200d_2696/512.png,512,512,160721,0e6e0c561d883fba07b177f4f9d7dff5d07daef62576cb62795b2c9a575a9f0d
👩🏻‍⚖,Judge,People & Body,1f469_1f3fb_200d_2696,People Body/judge__1f469_1f3fb_200d_2696.png,https://fonts.gstatic.com/s/e/noto3demoji/latest/1f469_1f3fb_200d_2696/512.png,512,512,169807,2239b85d2d09d91653018c6af831a847a58f8ac8341dfbdbef55249794df3f74
👩🏼‍⚖,Judge,People & Body,1f469_1f3fc_200d_2696,People Body/judge__1f469_1f3fc_200d_2696.png,https://fonts.gstatic.com/s/e/noto3demoji/latest/1f469_1f3fc_200d_2696/512.png,512,512,171018,d22b4c174ff8c2285dde5069d9ffa942f69fc02f8784ebe9bcc7d79b7bb1b9ed
👩🏽‍⚖,Judge,People & Body,1f469_1f3fd_200d_2696,People Body/judge__1f469_1f3fd_200d_2696.png,https://fonts.gstatic.com/s/e/noto3demoji/latest/1f469_1f3fd_200d_2696/512.png,512,512,163247,bc3e4c3239c54c0c3b5838c2df2aeec77cee8b128060a2542f617f0f0e37ed0d
👩🏾‍⚖,Judge,People & Body,1f469_1f3fe_200d_2696,People Body/judge__1f469_1f3fe_200d_2696.png,https://fonts.gstatic.com/s/e/noto3demoji/latest/1f469_1f3fe_200d_2696/512.png,512,512,163008,a6b40d94ecb1f3b931aba2c07ccd2073fedb2e1b6ef9b5beeed97aed5b424733
👩🏿‍⚖,Judge,People & Body,1f469_1f3ff_200d_2696,People Body/judge__1f469_1f3ff_200d_2696.png,https://fonts.gstatic.com/s/e/noto3demoji/latest/1f469_1f3ff_200d_2696/512.png,512,512,157769,4800c352c2091c7fd04b4f0b634e67da2ff3847e397cb5c2dde733c599455247
🧑‍🌾,Farmer,People & Body,1f9d1_200d_1f33e,People Body/farmer__1f9d1_200d_1f33e.png,https://fonts.gstatic.com/s/e/noto3demoji/latest/1f9d1_200d_1f33e/512.png,512,512,204371,71e8c709fdf5cd412210bfa92e31134f73aeb42cffb607e3cbcaa570caac6703
🧑🏻‍🌾,Farmer,People & Body,1f9d1_1f3fb_200d_1f33e,People Body/farmer__1f9d1_1f3fb_200d_1f33e.png,https://fonts.gstatic.com/s/e/noto3demoji/latest/1f9d1_1f3fb_200d_1f33e/512.png,512,512,213882,d29f7831b1bb38517593accdcf6c8c8df7ca8d2bad809f2184eefc7392820dee
🧑🏼‍🌾,Farmer,People & Body,1f9d1_1f3fc_200d_1f33e,People Body/farmer__1f9d1_1f3fc_200d_1f33e.png,https://fonts.gstatic.com/s/e/noto3demoji/latest/1f9d1_1f3fc_200d_1f33e/512.png,512,512,214316,dfe487bc3511cc5d98ba199e0dfd759b97e1ad2b779915d53228229b5f4a7ad7
🧑🏽‍🌾,Farmer,People & Body,1f9d1_1f3fd_200d_1f33e,People Body/farmer__1f9d1_1f3fd_200d_1f33e.png,https://fonts.gstatic.com/s/e/noto3demoji/latest/1f9d1_1f3fd_200d_1f33e/512.png,512,512,208300,0284733cbf018f7d91a4b792771f1539b41c16a8dd4e8754b3fe8ef66e797e1a
🧑🏾‍🌾,Farmer,People & Body,1f9d1_1f3fe_200d_1f33e,People Body/farmer__1f9d1_1f3fe_200d_1f33e.png,https://fonts.gstatic.com/s/e/noto3demoji/latest/1f9d1_1f3fe_200d_1f33e/512.png,512,512,207951,bff897b95cf354dc0763e79a52e84a37b63ebbde9b9cb1f4c42fb62074ba356f
🧑🏿‍🌾,Farmer,People & Body,1f9d1_1f3ff_200d_1f33e,People Body/farmer__1f9d1_1f3ff_200d_1f33e.png,https://fonts.gstatic.com/s/e/noto3demoji/latest/1f9d1_1f3ff_200d_1f33e/512.png,512,512,205451,ac4bf4a4a5bd6cc87f221d7f88b7532fdcef03f94ba7a61d52356a37b74e7d32
👨‍🌾,Farmer,People & Body,1f468_200d_1f33e,People Body/farmer__1f468_200d_1f33e.png,https://fonts.gstatic.com/s/e/noto3demoji/latest/1f468_200d_1f33e/512.png,512,512,195089,e8de5cb89f8fe1730859afb2a8c7a38abc1071669e316d6a44f0eab85d06f40f
👨🏻‍🌾,Farmer,People & Body,1f468_1f3fb_200d_1f33e,People Body/farmer__1f468_1f3fb_200d_1f33e.png,https://fonts.gstatic.com/s/e/noto3demoji/latest/1f468_1f3fb_200d_1f33e/512.png,512,512,204053,4f98352fa24a6c3716bc9a1d6ba7011eb0ff900470b9f186568b88f8af365337
👨🏼‍🌾,Farmer,People & Body,1f468_1f3fc_200d_1f33e,People Body/farmer__1f468_1f3fc_200d_1f33e.png,https://fonts.gstatic.com/s/e/noto3demoji/latest/1f468_1f3fc_200d_1f33e/512.png,512,512,202369,a6c623745599cae5155f8881437727750f852039cc90687da4c2e81eb8814a05
👨🏽‍🌾,Farmer,People & Body,1f468_1f3fd_200d_1f33e,People Body/farmer__1f468_1f3fd_200d_1f33e.png,https://fonts.gstatic.com/s/e/noto3demoji/latest/1f468_1f3fd_200d_1f33e/512.png,512,512,198801,cc4d1cc872edb88e807257b57d6e77caa74c2edc0e1e6cb4b3c3a3dbc3290d38
👨🏾‍🌾,Farmer,People & Body,1f468_1f3fe_200d_1f33e,People Body/farmer__1f468_1f3fe_200d_1f33e.png,https://fonts.gstatic.com/s/e/noto3demoji/latest/1f468_1f3fe_200d_1f33e/512.png,512,512,198675,ea0f955e72848133111228eac6681a1fa809260282a229a68acf491c1d1525a1
👨🏿‍🌾,Farmer,People & Body,1f468_1f3ff_200d_1f33e,People Body/farmer__1f468_1f3ff_200d_1f33e.png,https://fonts.gstatic.com/s/e/noto3demoji/latest/1f468_1f3ff_200d_1f33e/512.png,512,512,197387,d374ba1e208fcd69caad9e3e83cb50490014780949ddd4405f9ef4731c88f37e
👩‍🌾,Farmer,People & Body,1f469_200d_1f33e,People Body/farmer__1f469_200d_1f33e.png,https://fonts.gstatic.com/s/e/noto3demoji/latest/1f469_200d_1f33e/512.png,512,512,206758,81558050d357c7e572dd2929bdd02c5f4afc86b00a68f3b7370b4bd6c157784a
👩🏻‍🌾,Farmer,People & Body,1f469_1f3fb_200d_1f33e,People Body/farmer__1f469_1f3fb_200d_1f33e.png,https://fonts.gstatic.com/s/e/noto3demoji/latest/1f469_1f3fb_200d_1f33e/512.png,512,512,215480,1f15efb9ac43231883247a6363dfbc0beb1ac63110c87260f76c505964d724a2
👩🏼‍🌾,Farmer,People & Body,1f469_1f3fc_200d_1f33e,People Body/farmer__1f469_1f3fc_200d_1f33e.png,https://fonts.gstatic.com/s/e/noto3demoji/latest/1f469_1f3fc_200d_1f33e/512.png,512,512,215285,d7b0ae99ef3f3d7ffe3bc0a5b5b9cbc6b035f4c771575a508262b5dfe07352ba
👩🏽‍🌾,Farmer,People & Body,1f469_1f3fd_200d_1f33e,People Body/farmer__1f469_1f3fd_200d_1f33e.png,https://fonts.gstatic.com/s/e/noto3demoji/latest/1f469_1f3fd_200d_1f33e/512.png,512,512,209544,a3f63600278e12715f99ac39fe36ee86726910aedd5e93899cab583a201eafa5
👩🏾‍🌾,Farmer,People & Body,1f469_1f3fe_200d_1f33e,People Body/farmer__1f469_1f3fe_200d_1f33e.png,https://fonts.gstatic.com/s/e/noto3demoji/latest/1f469_1f3fe_200d_1f33e/512.png,512,512,208435,645f6c5bd3d7fc9e6eccb742173172511890077dcad2920754ce6c2befc47c46
👩🏿‍🌾,Farmer,People & Body,1f469_1f3ff_200d_1f33e,People Body/farmer__1f469_1f3ff_200d_1f33e.png,https://fonts.gstatic.com/s/e/noto3demoji/latest/1f469_1f3ff_200d_1f33e/512.png,512,512,206059,f06b673c28c7177b4066f6432e3a0cc99c3240074d24fbb480c735a08b2a75c0
🧑‍🍳,Cook,People & Body,1f9d1_200d_1f373,People Body/cook__1f9d1_200d_1f373.png,https://fonts.gstatic.com/s/e/noto3demoji/latest/1f9d1_200d_1f373/512.png,512,512,173648,3650b3898aa74c54ab6ea789ba58591f11e235da27ad8b5dd329f6913a6127e4
🧑🏻‍🍳,Cook,People & Body,1f9d1_1f3fb_200d_1f373,People Body/cook__1f9d1_1f3fb_200d_1f373.png,https://fonts.gstatic.com/s/e/noto3demoji/latest/1f9d1_1f3fb_200d_1f373/512.png,512,512,181743,f8c5f253046fc9898572a51302c478f9b1c32f07eaadcf496c51414f1114d8e1
🧑🏼‍🍳,Cook,People & Body,1f9d1_1f3fc_200d_1f373,People Body/cook__1f9d1_1f3fc_200d_1f373.png,https://fonts.gstatic.com/s/e/noto3demoji/latest/1f9d1_1f3fc_200d_1f373/512.png,512,512,182044,cf3d5da07bf429390caff22b320f4debd32dbc68f6028623b8b70069a65902ca
🧑🏽‍🍳,Cook,People & Body,1f9d1_1f3fd_200d_1f373,People Body/cook__1f9d1_1f3fd_200d_1f373.png,https://fonts.gstatic.com/s/e/noto3demoji/latest/1f9d1_1f3fd_200d_1f373/512.png,512,512,177559,03e8e0c2e23d46d3b0e2fefd8c03346833925f62c9715878f8b429a41689490d
🧑🏾‍🍳,Cook,People & Body,1f9d1_1f3fe_200d_1f373,People Body/cook__1f9d1_1f3fe_200d_1f373.png,https://fonts.gstatic.com/s/e/noto3demoji/latest/1f9d1_1f3fe_200d_1f373/512.png,512,512,177569,1805e5afdce1fcf71657230859ae0c3c115aeda7593d19a8cbccfb7ef1ca82c3
🧑🏿‍🍳,Cook,People & Body,1f9d1_1f3ff_200d_1f373,People Body/cook__1f9d1_1f3ff_200d_1f373.png,https://fonts.gstatic.com/s/e/noto3demoji/latest/1f9d1_1f3ff_200d_1f373/512.png,512,512,174983,feb352e52838d5a1f4ec3193b23d457b8634760c22389f47c6ffb0089ad457ec
👨‍🍳,Cook,People & Body,1f468_200d_1f373,People Body/cook__1f468_200d_1f373.png,https://fonts.gstatic.com/s/e/noto3demoji/latest/1f468_200d_1f373/512.png,512,512,161284,e65fd41c271a342c87657a66d68848a1f45c8a877427c4fa504fc4034486282e
👨🏻‍🍳,Cook,People & Body,1f468_1f3fb_200d_1f373,People Body/cook__1f468_1f3fb_200d_1f373.png,https://fonts.gstatic.com/s/e/noto3demoji/latest/1f468_1f3fb_200d_1f373/512.png,512,512,169737,c3bd2a9e39ebd77ebabd6b12f0833b6302ab6dfa552e18618168726f52f3e919
👨🏼‍🍳,Cook,People & Body,1f468_1f3fc_200d_1f373,People Body/cook__1f468_1f3fc_200d_1f373.png,https://fonts.gstatic.com/s/e/noto3demoji/latest/1f468_1f3fc_200d_1f373/512.png,512,512,167661,4b8061d8821d2c33ede398a6aa7c799cad17426b9f4d0bbd7fd7fd57f7fe5c38
👨🏽‍🍳,Cook,People & Body,1f468_1f3fd_200d_1f373,People Body/cook__1f468_1f3fd_200d_1f373.png,https://fonts.gstatic.com/s/e/noto3demoji/latest/1f468_1f3fd_200d_1f373/512.png,512,512,164561,bf5473b93f26031275dd125ed5dfc853b61cca438574d63b32bec7735f6c5449
👨🏾‍🍳,Cook,People & Body,1f468_1f3fe_200d_1f373,People Body/cook__1f468_1f3fe_200d_1f373.png,https://fonts.gstatic.com/s/e/noto3demoji/latest/1f468_1f3fe_200d_1f373/512.png,512,512,165059,b37944274bb4c40a2f8a4de35a8fb50e8ad831b9005230e8cc418ecec8c29dbb
👨🏿‍🍳,Cook,People & Body,1f468_1f3ff_200d_1f373,People Body/cook__1f468_1f3ff_200d_1f373.png,https://fonts.gstatic.com/s/e/noto3demoji/latest/1f468_1f3ff_200d_1f373/512.png,512,512,162909,6bc35a5bb3acfe86464674a97e3ab1088a4fe0eeb74c23fe6dacd783ad0b943b
👩‍🍳,Cook,People & Body,1f469_200d_1f373,People Body/cook__1f469_200d_1f373.png,https://fonts.gstatic.com/s/e/noto3demoji/latest/1f469_200d_1f373/512.png,512,512,175620,4411aa8b46d7f630f7baa8ffd215d44efdcf4289db6d24e393e52a442dc123f0
👩🏻‍🍳,Cook,People & Body,1f469_1f3fb_200d_1f373,People Body/cook__1f469_1f3fb_200d_1f373.png,https://fonts.gstatic.com/s/e/noto3demoji/latest/1f469_1f3fb_200d_1f373/512.png,512,512,183275,cb95ac41ea4dc4b30f18adc16663561746397622890d21f33cdffa8d4102e229
👩🏼‍🍳,Cook,People & Body,1f469_1f3fc_200d_1f373,People Body/cook__1f469_1f3fc_200d_1f373.png,https://fonts.gstatic.com/s/e/noto3demoji/latest/1f469_1f3fc_200d_1f373/512.png,512,512,183740,d56737ecf0444f9ac454a7fce99f114ec06051d259d9abb9992ca251f60c2f42
👩🏽‍🍳,Cook,People & Body,1f469_1f3fd_200d_1f373,People Body/cook__1f469_1f3fd_200d_1f373.png,https://fonts.gstatic.com/s/e/noto3demoji/latest/1f469_1f3fd_200d_1f373/512.png,512,512,178242,07dfb9d81fae66a0eed3bf79e1685c92c4e167141938a0e27fa02c1141d01e17
👩🏾‍🍳,Cook,People & Body,1f469_1f3fe_200d_1f373,People Body/cook__1f469_1f3fe_200d_1f373.png,https://fonts.gstatic.com/s/e/noto3demoji/latest/1f469_1f3fe_200d_1f373/512.png,512,512,178562,33e6c55affaf2f624cd5035fae7de0231d611c65b20adf875e14731c0d8c8b77
👩🏿‍🍳,Cook,People & Body,1f469_1f3ff_200d_1f373,People Body/cook__1f469_1f3ff_200d_1f373.png,https://fonts.gstatic.com/s/e/noto3demoji/latest/1f469_1f3ff_200d_1f373/512.png,512,512,174980,d4137059aede875eccaf315b815045856c4308cfae5adac889f6490edf98887b
🧑‍🔧,Mechanic,People & Body,1f9d1_200d_1f527,People Body/mechanic__1f9d1_200d_1f527.png,https://fonts.gstatic.com/s/e/noto3demoji/latest/1f9d1_200d_1f527/512.png,512,512,168213,0263d9d250a2efad00ac0fcff825f4c5a1a4dbc7a9c024a81cec78a1091f31b9
🧑🏻‍🔧,Mechanic,People & Body,1f9d1_1f3fb_200d_1f527,People Body/mechanic__1f9d1_1f3fb_200d_1f527.png,https://fonts.gstatic.com/s/e/noto3demoji/latest/1f9d1_1f3fb_200d_1f527/512.png,512,512,176625,37d9a207236aa471cde11f0d22de981128068959a5420a3fa886bd30690cb3fb
🧑🏼‍🔧,Mechanic,People & Body,1f9d1_1f3fc_200d_1f527,People Body/mechanic__1f9d1_1f3fc_200d_1f527.png,https://fonts.gstatic.com/s/e/noto3demoji/latest/1f9d1_1f3fc_200d_1f527/512.png,512,512,177504,629adcaee260ad8038d82d04e49a8c6fc8b5ecd020bf7932d947157404f0a0a3
🧑🏽‍🔧,Mechanic,People & Body,1f9d1_1f3fd_200d_1f527,People Body/mechanic__1f9d1_1f3fd_200d_1f527.png,https://fonts.gstatic.com/s/e/noto3demoji/latest/1f9d1_1f3fd_200d_1f527/512.png,512,512,171176,d3920d46bdf6cf7376f86098753e05f8df0a1eb6910166373988e8a0b210edfa
🧑🏾‍🔧,Mechanic,People & Body,1f9d1_1f3fe_200d_1f527,People Body/mechanic__1f9d1_1f3fe_200d_1f527.png,https://fonts.gstatic.com/s/e/noto3demoji/latest/1f9d1_1f3fe_200d_1f527/512.png,512,512,170681,bd2f36b34b7d70a41a1fe2b2a6addcf176fadfa83d899f5e44249c498ee08c44
🧑🏿‍🔧,Mechanic,People & Body,1f9d1_1f3ff_200d_1f527,People Body/mechanic__1f9d1_1f3ff_200d_1f527.png,https://fonts.gstatic.com/s/e/noto3demoji/latest/1f9d1_1f3ff_200d_1f527/512.png,512,512,166395,22dfcc90fd3591da2ea41d16a5037c014d3e7a105d54143fd47e82d7e8c8aaaa
👨‍🔧,Mechanic,People & Body,1f468_200d_1f527,People Body/mechanic__1f468_200d_1f527.png,https://fonts.gstatic.com/s/e/noto3demoji/latest/1f468_200d_1f527/512.png,512,512,154386,9865de26f61a4fb6ee109eee7f2fa032a9d5dbf9a38586b46e84a8d0452a921c
👨🏻‍🔧,Mechanic,People & Body,1f468_1f3fb_200d_1f527,People Body/mechanic__1f468_1f3fb_200d_1f527.png,https://fonts.gstatic.com/s/e/noto3demoji/latest/1f468_1f3fb_200d_1f527/512.png,512,512,162330,8b0891d64cd0bf677abce8c9484a783d7c171dd309455bd11ee21253d4573a94
👨🏼‍🔧,Mechanic,People & Body,1f468_1f3fc_200d_1f527,People Body/mechanic__1f468_1f3fc_200d_1f527.png,https://fonts.gstatic.com/s/e/noto3demoji/latest/1f468_1f3fc_200d_1f527/512.png,512,512,161727,a7ba4ee7075b7bcf79ab5ff8f1a79c7d124188c23c0b988c409c111945afd0e3
👨🏽‍🔧,Mechanic,People & Body,1f468_1f3fd_200d_1f527,People Body/mechanic__1f468_1f3fd_200d_1f527.png,https://fonts.gstatic.com/s/e/noto3demoji/latest/1f468_1f3fd_200d_1f527/512.png,512,512,156913,c4f7751443e23f992bec2d9c34efaaaaa634510663babf76d55d495013974b02
👨🏾‍🔧,Mechanic,People & Body,1f468_1f3fe_200d_1f527,People Body/mechanic__1f468_1f3fe_200d_1f527.png,https://fonts.gstatic.com/s/e/noto3demoji/latest/1f468_1f3fe_200d_1f527/512.png,512,512,156780,aea0f3713570d1c4a2915d9eac1420a6d7f05cacf94c8b3a08709a82ffa81f9d
👨🏿‍🔧,Mechanic,People & Body,1f468_1f3ff_200d_1f527,People Body/mechanic__1f468_1f3ff_200d_1f527.png,https://fonts.gstatic.com/s/e/noto3demoji/latest/1f468_1f3ff_200d_1f527/512.png,512,512,153791,9a8842924feccaacc06124c03f027e2647c271020251275f9ab84acc45ee7486
👩‍🔧,Mechanic,People & Body,1f469_200d_1f527,People Body/mechanic__1f469_200d_1f527.png,https://fonts.gstatic.com/s/e/noto3demoji/latest/1f469_200d_1f527/512.png,512,512,169159,ffaf6ddf8bdae45ab420d3bc380f4ecb70d627f262c5e62710f62dc9c0a40211
👩🏻‍🔧,Mechanic,People & Body,1f469_1f3fb_200d_1f527,People Body/mechanic__1f469_1f3fb_200d_1f527.png,https://fonts.gstatic.com/s/e/noto3demoji/latest/1f469_1f3fb_200d_1f527/512.png,512,512,177261,35ccea7a28b4a27822c81d3850b64b9d8c1914de56e962c8e6f6a446544a30ee
👩🏼‍🔧,Mechanic,People & Body,1f469_1f3fc_200d_1f527,People Body/mechanic__1f469_1f3fc_200d_1f527.png,https://fonts.gstatic.com/s/e/noto3demoji/latest/1f469_1f3fc_200d_1f527/512.png,512,512,177663,bfd3fb7914f51009c30e5cdc468801eb8ccd811491b1320f17b6b5f8fcab38b2
👩🏽‍🔧,Mechanic,People & Body,1f469_1f3fd_200d_1f527,People Body/mechanic__1f469_1f3fd_200d_1f527.png,https://fonts.gstatic.com/s/e/noto3demoji/latest/1f469_1f3fd_200d_1f527/512.png,512,512,170258,ee1759532da609fa08b09e1c62782698df9ae2e852b2d585627e4fe0b0a49a54
👩🏾‍🔧,Mechanic,People & Body,1f469_1f3fe_200d_1f527,People Body/mechanic__1f469_1f3fe_200d_1f527.png,https://fonts.gstatic.com/s/e/noto3demoji/latest/1f469_1f3fe_200d_1f527/512.png,512,512,169674,30af1e2f9cc4a0a1c178bc78bb2903fb0ed3ddb8a3830fce3306668d9a4f8f6d
👩🏿‍🔧,Mechanic,People & Body,1f469_1f3ff_200d_1f527,People Body/mechanic__1f469_1f3ff_200d_1f527.png,https://fonts.gstatic.com/s/e/noto3demoji/latest/1f469_1f3ff_200d_1f527/512.png,512,512,166118,90a21518f8aa4cb453e82bf4fe8acbf411935db6b1381a2a62e5d1f14b18f820
🧑‍🏭,Factory Worker,People & Body,1f9d1_200d_1f3ed,People Body/factory-worker__1f9d1_200d_1f3ed.png,https://fonts.gstatic.com/s/e/noto3demoji/latest/1f9d1_200d_1f3ed/512.png,512,512,176874,526ae4c63018b2f5bd8a1c837b2c16a7379c455fda743538e496710209056683
🧑🏻‍🏭,Factory Worker,People & Body,1f9d1_1f3fb_200d_1f3ed,People Body/factory-worker__1f9d1_1f3fb_200d_1f3ed.png,https://fonts.gstatic.com/s/e/noto3demoji/latest/1f9d1_1f3fb_200d_1f3ed/512.png,512,512,186493,277b86d6a8841b4f18e1ebbdb8dc49f136cc2328398d20a754640d40b972c710
🧑🏼‍🏭,Factory Worker,People & Body,1f9d1_1f3fc_200d_1f3ed,People Body/factory-worker__1f9d1_1f3fc_200d_1f3ed.png,https://fonts.gstatic.com/s/e/noto3demoji/latest/1f9d1_1f3fc_200d_1f3ed/512.png,512,512,186027,c2e036cd608e945d1e71eb79f3974b6e552e9cce22585d38ae3ecf67ae5b92cd
🧑🏽‍🏭,Factory Worker,People & Body,1f9d1_1f3fd_200d_1f3ed,People Body/factory-worker__1f9d1_1f3fd_200d_1f3ed.png,https://fonts.gstatic.com/s/e/noto3demoji/latest/1f9d1_1f3fd_200d_1f3ed/512.png,512,512,180293,f91a228e75e325e9c6b5280376c9f74974d7c63b4de16e6280693b67bdefde6a
🧑🏾‍🏭,Factory Worker,People & Body,1f9d1_1f3fe_200d_1f3ed,People Body/factory-worker__1f9d1_1f3fe_200d_1f3ed.png,https://fonts.gstatic.com/s/e/noto3demoji/latest/1f9d1_1f3fe_200d_1f3ed/512.png,512,512,179482,fce92ee41c12bd1b4f3c9ad914cafb8203d9716dc87748227b10cc6181667579
🧑🏿‍🏭,Factory Worker,People & Body,1f9d1_1f3ff_200d_1f3ed,People Body/factory-worker__1f9d1_1f3ff_200d_1f3ed.png,https://fonts.gstatic.com/s/e/noto3demoji/latest/1f9d1_1f3ff_200d_1f3ed/512.png,512,512,176131,4b66580cfa5b952d1d244ffc2e81e44987657af5f3f60a85b0eb794846ac32ac
👨‍🏭,Factory Worker,People & Body,1f468_200d_1f3ed,People Body/factory-worker__1f468_200d_1f3ed.png,https://fonts.gstatic.com/s/e/noto3demoji/latest/1f468_200d_1f3ed/512.png,512,512,165482,a0d8dc189142b9de017aaa5ec0e6cc5f53ed2a14e7cdd4705972ce648602142c
👨🏻‍🏭,Factory Worker,People & Body,1f468_1f3fb_200d_1f3ed,People Body/factory-worker__1f468_1f3fb_200d_1f3ed.png,https://fonts.gstatic.com/s/e/noto3demoji/latest/1f468_1f3fb_200d_1f3ed/512.png,512,512,174032,911eadd5d6fe1178e62f71d8fb5bd76eba6706bbdade5a6d9a9fe1f8334e040d
👨🏼‍🏭,Factory Worker,People & Body,1f468_1f3fc_200d_1f3ed,People Body/factory-worker__1f468_1f3fc_200d_1f3ed.png,https://fonts.gstatic.com/s/e/noto3demoji/latest/1f468_1f3fc_200d_1f3ed/512.png,512,512,172205,ea2a12a1ce9e4ff355c1e95b10502489c495964e772d1219bd7051e04a6cf37a
👨🏽‍🏭,Factory Worker,People & Body,1f468_1f3fd_200d_1f3ed,People Body/factory-worker__1f468_1f3fd_200d_1f3ed.png,https://fonts.gstatic.com/s/e/noto3demoji/latest/1f468_1f3fd_200d_1f3ed/512.png,512,512,167637,80149f383e31ea21ced7f97422c2e3e8dd0322270148d97f30bd2c161f246fe4
👨🏾‍🏭,Factory Worker,People & Body,1f468_1f3fe_200d_1f3ed,People Body/factory-worker__1f468_1f3fe_200d_1f3ed.png,https://fonts.gstatic.com/s/e/noto3demoji/latest/1f468_1f3fe_200d_1f3ed/512.png,512,512,167390,06f261c77769d582300052d4591f7f928b604972c62d997ec931ade6d54f9727
👨🏿‍🏭,Factory Worker,People & Body,1f468_1f3ff_200d_1f3ed,People Body/factory-worker__1f468_1f3ff_200d_1f3ed.png,https://fonts.gstatic.com/s/e/noto3demoji/latest/1f468_1f3ff_200d_1f3ed/512.png,512,512,165203,90e56c72ea04fd45b9d09273ba8e5f59d03c0215816bf4971fe173308782cb7c
👩‍🏭,Factory Worker,People & Body,1f469_200d_1f3ed,People Body/factory-worker__1f469_200d_1f3ed.png,https://fonts.gstatic.com/s/e/noto3demoji/latest/1f469_200d_1f3ed/512.png,512,512,178216,f823d387ad72f087ebf85989bfed1d98094d8e99223d65f715afaddeda73f347
👩🏻‍🏭,Factory Worker,People & Body,1f469_1f3fb_200d_1f3ed,People Body/factory-worker__1f469_1f3fb_200d_1f3ed.png,https://fonts.gstatic.com/s/e/noto3demoji/latest/1f469_1f3fb_200d_1f3ed/512.png,512,512,187232,244d9dc5b4615a9afa18a12784af7a3be58a8491dc2ce255a3b5091d3f128872
👩🏼‍🏭,Factory Worker,People & Body,1f469_1f3fc_200d_1f3ed,People Body/factory-worker__1f469_1f3fc_200d_1f3ed.png,https://fonts.gstatic.com/s/e/noto3demoji/latest/1f469_1f3fc_200d_1f3ed/512.png,512,512,186988,c87f6482fd5fb0aa067140b44fca6f0da81484deb62ea66352c8cf7f1b0ece1b
👩🏽‍🏭,Factory Worker,People & Body,1f469_1f3fd_200d_1f3ed,People Body/factory-worker__1f469_1f3fd_200d_1f3ed.png,https://fonts.gstatic.com/s/e/noto3demoji/latest/1f469_1f3fd_200d_1f3ed/512.png,512,512,180193,c2946c4f6391a48c2bbddbe0ff2d82986bbf2d361a28f4bb1d6e6580e2545f0c
👩🏾‍🏭,Factory Worker,People & Body,1f469_1f3fe_200d_1f3ed,People Body/factory-worker__1f469_1f3fe_200d_1f3ed.png,https://fonts.gstatic.com/s/e/noto3demoji/latest/1f469_1f3fe_200d_1f3ed/512.png,512,512,178769,713266de9453857dc6c4fbf2c5bb083336eef76e06ab902f20401bab80da95af
👩🏿‍🏭,Factory Worker,People & Body,1f469_1f3ff_200d_1f3ed,People Body/factory-worker__1f469_1f3ff_200d_1f3ed.png,https://fonts.gstatic.com/s/e/noto3demoji/latest/1f469_1f3ff_200d_1f3ed/512.png,512,512,175856,564ac6f5070d8f0f4822518caad7a1d019bb00afe395d7f717095d776efd3c46
🧑‍💼,Office Worker,People & Body,1f9d1_200d_1f4bc,People Body/office-worker__1f9d1_200d_1f4bc.png,https://fonts.gstatic.com/s/e/noto3demoji/latest/1f9d1_200d_1f4bc/512.png,512,512,150825,3395cb9c9fa4fd7d16d80d9c40763a85f0cb648fda81d79967da2ce2be57881f
🧑🏻‍💼,Office Worker,People & Body,1f9d1_1f3fb_200d_1f4bc,People Body/office-worker__1f9d1_1f3fb_200d_1f4bc.png,https://fonts.gstatic.com/s/e/noto3demoji/latest/1f9d1_1f3fb_200d_1f4bc/512.png,512,512,161993,85f001e07bb6a39f70471c907840a1339b4d8ff4f2c9dff856f96ed1bb9aebe8
🧑🏼‍💼,Office Worker,People & Body,1f9d1_1f3fc_200d_1f4bc,People Body/office-worker__1f9d1_1f3fc_200d_1f4bc.png,https://fonts.gstatic.com/s/e/noto3demoji/latest/1f9d1_1f3fc_200d_1f4bc/512.png,512,512,165236,64a09f5398263528be82f83fd86c49de75949e17d3c789b2d624c88df4a87c95
🧑🏽‍💼,Office Worker,People & Body,1f9d1_1f3fd_200d_1f4bc,People Body/office-worker__1f9d1_1f3fd_200d_1f4bc.png,https://fonts.gstatic.com/s/e/noto3demoji/latest/1f9d1_1f3fd_200d_1f4bc/512.png,512,512,156398,4b6ac613dec4233402ebb8675dc73986a6778116eb20cf0eea8faa527bfd681a
🧑🏾‍💼,Office Worker,People & Body,1f9d1_1f3fe_200d_1f4bc,People Body/office-worker__1f9d1_1f3fe_200d_1f4bc.png,https://fonts.gstatic.com/s/e/noto3demoji/latest/1f9d1_1f3fe_200d_1f4bc/512.png,512,512,156932,d24e6dd8416abe7cc5644648366cd809cf53ab7dab1aff9272602aadb66e4305
🧑🏿‍💼,Office Worker,People & Body,1f9d1_1f3ff_200d_1f4bc,People Body/office-worker__1f9d1_1f3ff_200d_1f4bc.png,https://fonts.gstatic.com/s/e/noto3demoji/latest/1f9d1_1f3ff_200d_1f4bc/512.png,512,512,151559,bad486860dddbd61f28c5abc703e15b0c5c8dc77a687e6b8616e2998f3da0a21
👨‍💼,Office Worker,People & Body,1f468_200d_1f4bc,People Body/office-worker__1f468_200d_1f4bc.png,https://fonts.gstatic.com/s/e/noto3demoji/latest/1f468_200d_1f4bc/512.png,512,512,118315,59a6afde3f34390b1a7aef39838cc2e992e0c6e1bb0a986d2236cd009a112deb
👨🏻‍💼,Office Worker,People & Body,1f468_1f3fb_200d_1f4bc,People Body/office-worker__1f468_1f3fb_200d_1f4bc.png,https://fonts.gstatic.com/s/e/noto3demoji/latest/1f468_1f3fb_200d_1f4bc/512.png,512,512,130041,00839a706160f94e2afb7248187e4f2247907802fc16ab08ff0da052c91ffe1c
👨🏼‍💼,Office Worker,People & Body,1f468_1f3fc_200d_1f4bc,People Body/office-worker__1f468_1f3fc_200d_1f4bc.png,https://fonts.gstatic.com/s/e/noto3demoji/latest/1f468_1f3fc_200d_1f4bc/512.png,512,512,129056,3bca6670910257c712fc17699ccdf4b7b60e17bb86ea92bafc4b7ea848ca02d1
👨🏽‍💼,Office Worker,People & Body,1f468_1f3fd_200d_1f4bc,People Body/office-worker__1f468_1f3fd_200d_1f4bc.png,https://fonts.gstatic.com/s/e/noto3demoji/latest/1f468_1f3fd_200d_1f4bc/512.png,512,512,123692,b1b9a3bb37afbb44178f512a959b76da0e73ddfe80d3c872be115d06ae4e9e8b
👨🏾‍💼,Office Worker,People & Body,1f468_1f3fe_200d_1f4bc,People Body/office-worker__1f468_1f3fe_200d_1f4bc.png,https://fonts.gstatic.com/s/e/noto3demoji/latest/1f468_1f3fe_200d_1f4bc/512.png,512,512,125007,79f369328e704a7469c36367e229caa494e4d25834e0401113356a7c50f6b6c8
👨🏿‍💼,Office Worker,People & Body,1f468_1f3ff_200d_1f4bc,People Body/office-worker__1f468_1f3ff_200d_1f4bc.png,https://fonts.gstatic.com/s/e/noto3demoji/latest/1f468_1f3ff_200d_1f4bc/512.png,512,512,121223,e7d88432e7539e0f35df76ca48d46c6e63e6c5bbb145eb8a6b05ee1b7d59f4d8
👩‍💼,Office Worker,People & Body,1f469_200d_1f4bc,People Body/office-worker__1f469_200d_1f4bc.png,https://fonts.gstatic.com/s/e/noto3demoji/latest/1f469_200d_1f4bc/512.png,512,512,147608,0fcd055cdca361a86038f37a1b4eb3aa6d6b78a380b737372c2c79acbb92c553
👩🏻‍💼,Office Worker,People & Body,1f469_1f3fb_200d_1f4bc,People Body/office-worker__1f469_1f3fb_200d_1f4bc.png,https://fonts.gstatic.com/s/e/noto3demoji/latest/1f469_1f3fb_200d_1f4bc/512.png,512,512,157452,378ab24e5ed6393aff6e5eb03fa1ab8aa2ad7ec1a314a13c05a394b87c0d2108
👩🏼‍💼,Office Worker,People & Body,1f469_1f3fc_200d_1f4bc,People Body/office-worker__1f469_1f3fc_200d_1f4bc.png,https://fonts.gstatic.com/s/e/noto3demoji/latest/1f469_1f3fc_200d_1f4bc/512.png,512,512,159524,2671108806042820eb57be0fcece158c18e97fc8d1fe39a8aa122d1e34acb022
👩🏽‍💼,Office Worker,People & Body,1f469_1f3fd_200d_1f4bc,People Body/office-worker__1f469_1f3fd_200d_1f4bc.png,https://fonts.gstatic.com/s/e/noto3demoji/latest/1f469_1f3fd_200d_1f4bc/512.png,512,512,151271,66e19c6b257993c5264a8a8460d4d52e7c09f748bbab20b628c6c17bc35b92c0
👩🏾‍💼,Office Worker,People & Body,1f469_1f3fe_200d_1f4bc,People Body/office-worker__1f469_1f3fe_200d_1f4bc.png,https://fonts.gstatic.com/s/e/noto3demoji/latest/1f469_1f3fe_200d_1f4bc/512.png,512,512,151349,3d0e6fe0fbc9430041dd2fca6cbf1e0619367026df2b9fd9450194400bde0995
👩🏿‍💼,Office Worker,People & Body,1f469_1f3ff_200d_1f4bc,People Body/office-worker__1f469_1f3ff_200d_1f4bc.png,https://fonts.gstatic.com/s/e/noto3demoji/latest/1f469_1f3ff_200d_1f4bc/512.png,512,512,146212,c0d05da67017fcee13cebe3f849ed50f1738f9e062aedaba6293809bfee61d43
🧑‍🔬,Scientist,People & Body,1f9d1_200d_1f52c,People Body/scientist__1f9d1_200d_1f52c.png,https://fonts.gstatic.com/s/e/noto3demoji/latest/1f9d1_200d_1f52c/512.png,512,512,190415,06290775b5dba9a00ef9b56787b539c5c06be393cbaac60079b122bb278e31a2
🧑🏻‍🔬,Scientist,People & Body,1f9d1_1f3fb_200d_1f52c,People Body/scientist__1f9d1_1f3fb_200d_1f52c.png,https://fonts.gstatic.com/s/e/noto3demoji/latest/1f9d1_1f3fb_200d_1f52c/512.png,512,512,197706,0aac0733f7deb0cead46735df9199174ff785dc52f4ff8385194b2606a9406b1
🧑🏼‍🔬,Scientist,People & Body,1f9d1_1f3fc_200d_1f52c,People Body/scientist__1f9d1_1f3fc_200d_1f52c.png,https://fonts.gstatic.com/s/e/noto3demoji/latest/1f9d1_1f3fc_200d_1f52c/512.png,512,512,201621,625690a9bbd8aeeda04e8f3992d856e5918b3ce9614c627b225f831e1385e4cd
🧑🏽‍🔬,Scientist,People & Body,1f9d1_1f3fd_200d_1f52c,People Body/scientist__1f9d1_1f3fd_200d_1f52c.png,https://fonts.gstatic.com/s/e/noto3demoji/latest/1f9d1_1f3fd_200d_1f52c/512.png,512,512,193227,bb39d3f34cb663dc40d54c4d1eb8163627dd3aa831dd5cf2ff268206395bc4f9
🧑🏾‍🔬,Scientist,People & Body,1f9d1_1f3fe_200d_1f52c,People Body/scientist__1f9d1_1f3fe_200d_1f52c.png,https://fonts.gstatic.com/s/e/noto3demoji/latest/1f9d1_1f3fe_200d_1f52c/512.png,512,512,193122,9653b0997d8b98b3a6b3cd59a30a4caddce52f938e59e9a4550447c5bf024000
🧑🏿‍🔬,Scientist,People & Body,1f9d1_1f3ff_200d_1f52c,People Body/scientist__1f9d1_1f3ff_200d_1f52c.png,https://fonts.gstatic.com/s/e/noto3demoji/latest/1f9d1_1f3ff_200d_1f52c/512.png,512,512,187983,1ce8f85ca5fbef7f5f65f9406920d0c56cfbd7293bc9c94c229a339caf90053a
👨‍🔬,Scientist,People & Body,1f468_200d_1f52c,People Body/scientist__1f468_200d_1f52c.png,https://fonts.gstatic.com/s/e/noto3demoji/latest/1f468_200d_1f52c/512.png,512,512,166121,2cd6ed2bc8bd5031e9de1bd0819bfc4645fe092b982e95fc4c1fd1f665c88300
👨🏻‍🔬,Scientist,People & Body,1f468_1f3fb_200d_1f52c,People Body/scientist__1f468_1f3fb_200d_1f52c.png,https://fonts.gstatic.com/s/e/noto3demoji/latest/1f468_1f3fb_200d_1f52c/512.png,512,512,174116,9b1fb0b643fca3ccfceae9b8c2b2cbf294abd252d67d093a1329d41c251ee135
👨🏼‍🔬,Scientist,People & Body,1f468_1f3fc_200d_1f52c,People Body/scientist__1f468_1f3fc_200d_1f52c.png,https://fonts.gstatic.com/s/e/noto3demoji/latest/1f468_1f3fc_200d_1f52c/512.png,512,512,174666,985bd3f26dbee94dafca23dfef11869b80df0a5b5acb86077d53704996eddff4
👨🏽‍🔬,Scientist,People & Body,1f468_1f3fd_200d_1f52c,People Body/scientist__1f468_1f3fd_200d_1f52c.png,https://fonts.gstatic.com/s/e/noto3demoji/latest/1f468_1f3fd_200d_1f52c/512.png,512,512,169234,9c28a2249e7447c9e95d11eadf5e7e226f00fd5689a9fd9310ecd58295874b03
👨🏾‍🔬,Scientist,People & Body,1f468_1f3fe_200d_1f52c,People Body/scientist__1f468_1f3fe_200d_1f52c.png,https://fonts.gstatic.com/s/e/noto3demoji/latest/1f468_1f3fe_200d_1f52c/512.png,512,512,170275,35c022afb2c29bfafc75a7961de2bce5c692d2e7a3aa20a718709204b94eaf33
👨🏿‍🔬,Scientist,People & Body,1f468_1f3ff_200d_1f52c,People Body/scientist__1f468_1f3ff_200d_1f52c.png,https://fonts.gstatic.com/s/e/noto3demoji/latest/1f468_1f3ff_200d_1f52c/512.png,512,512,166627,441f1eee54b7a2335bf011053a258c4163557a19579bf6247a56322babb46a59
👩‍🔬,Scientist,People & Body,1f469_200d_1f52c,People Body/scientist__1f469_200d_1f52c.png,https://fonts.gstatic.com/s/e/noto3demoji/latest/1f469_200d_1f52c/512.png,512,512,184401,d4fab6949add68c7f471c021f2fa1f5658199856f218af9e366806abee24efed
👩🏻‍🔬,Scientist,People & Body,1f469_1f3fb_200d_1f52c,People Body/scientist__1f469_1f3fb_200d_1f52c.png,https://fonts.gstatic.com/s/e/noto3demoji/latest/1f469_1f3fb_200d_1f52c/512.png,512,512,190357,cd5e617c3bd95a86ea04c6ff758d2c658b5e069bded54d3d6fc2ebfaed487f58
👩🏼‍🔬,Scientist,People & Body,1f469_1f3fc_200d_1f52c,People Body/scientist__1f469_1f3fc_200d_1f52c.png,https://fonts.gstatic.com/s/e/noto3demoji/latest/1f469_1f3fc_200d_1f52c/512.png,512,512,193272,9539d3439c41873eb8a4adc6bed4418ee4fca8c06181c3d1d4c20e605503f5a4
👩🏽‍🔬,Scientist,People & Body,1f469_1f3fd_200d_1f52c,People Body/scientist__1f469_1f3fd_200d_1f52c.png,https://fonts.gstatic.com/s/e/noto3demoji/latest/1f469_1f3fd_200d_1f52c/512.png,512,512,185980,ab40b52081d29fe15f050a81cb99f444322aae0e38b541c98e3f99cf48d30b3f
👩🏾‍🔬,Scientist,People & Body,1f469_1f3fe_200d_1f52c,People Body/scientist__1f469_1f3fe_200d_1f52c.png,https://fonts.gstatic.com/s/e/noto3demoji/latest/1f469_1f3fe_200d_1f52c/512.png,512,512,184981,05589903b0e448e2ebb1bd246586652603faaa185d449040146946c234e97087
👩🏿‍🔬,Scientist,People & Body,1f469_1f3ff_200d_1f52c,People Body/scientist__1f469_1f3ff_200d_1f52c.png,https://fonts.gstatic.com/s/e/noto3demoji/latest/1f469_1f3ff_200d_1f52c/512.png,512,512,180626,2379008a3a57e4463752aef0bcce6f73a0e5e703c4075410df6c51cc80b08a51
🧑‍💻,Technologist,People & Body,1f9d1_200d_1f4bb,People Body/technologist__1f9d1_200d_1f4bb.png,https://fonts.gstatic.com/s/e/noto3demoji/latest/1f9d1_200d_1f4bb/512.png,512,512,144966,de61b9775d31f4a9816d819a52640e21abd705eebf3fedc8d158cbaffd438b97
🧑🏻‍💻,Technologist,People & Body,1f9d1_1f3fb_200d_1f4bb,People Body/technologist__1f9d1_1f3fb_200d_1f4bb.png,https://fonts.gstatic.com/s/e/noto3demoji/latest/1f9d1_1f3fb_200d_1f4bb/512.png,512,512,149955,4b38f5d16ef4f2946ef24f67fb6d87c8fc69d3a38a4be023f07e8c79c8d3bf4a
🧑🏼‍💻,Technologist,People & Body,1f9d1_1f3fc_200d_1f4bb,People Body/technologist__1f9d1_1f3fc_200d_1f4bb.png,https://fonts.gstatic.com/s/e/noto3demoji/latest/1f9d1_1f3fc_200d_1f4bb/512.png,512,512,152628,bb973bab2a505a4ac39a0dd90e3a865b49134a816ef51d73095cbbd6888ca518
🧑🏽‍💻,Technologist,People & Body,1f9d1_1f3fd_200d_1f4bb,People Body/technologist__1f9d1_1f3fd_200d_1f4bb.png,https://fonts.gstatic.com/s/e/noto3demoji/latest/1f9d1_1f3fd_200d_1f4bb/512.png,512,512,144559,e75163a314bfdfa054b3f3bc97922cc7a218f6d0bc9dc477de3b17a5801996b8
🧑🏾‍💻,Technologist,People & Body,1f9d1_1f3fe_200d_1f4bb,People Body/technologist__1f9d1_1f3fe_200d_1f4bb.png,https://fonts.gstatic.com/s/e/noto3demoji/latest/1f9d1_1f3fe_200d_1f4bb/512.png,512,512,144824,c474ea46c8a4daf00bbf7c2b60f8714794a636732275cf88ea4eaa0e0c30736a
🧑🏿‍💻,Technologist,People & Body,1f9d1_1f3ff_200d_1f4bb,People Body/technologist__1f9d1_1f3ff_200d_1f4bb.png,https://fonts.gstatic.com/s/e/noto3demoji/latest/1f9d1_1f3ff_200d_1f4bb/512.png,512,512,142278,c2861f3c777c62a43d4f8a6d3bc6a255231a2e1171c91f6acf1d9640af138cb7
👨‍💻,Technologist,People & Body,1f468_200d_1f4bb,People Body/technologist__1f468_200d_1f4bb.png,https://fonts.gstatic.com/s/e/noto3demoji/latest/1f468_200d_1f4bb/512.png,512,512,127653,42eef4131110f8e06787a0eb4de99800e6994610399bc64c8ba33e714cc71e94
👨🏻‍💻,Technologist,People & Body,1f468_1f3fb_200d_1f4bb,People Body/technologist__1f468_1f3fb_200d_1f4bb.png,https://fonts.gstatic.com/s/e/noto3demoji/latest/1f468_1f3fb_200d_1f4bb/512.png,512,512,132952,dc40c186b7f8bce3127dc9cf6a9f10018f0c230705c571aaffd2fcc7ed0b2cb3
👨🏼‍💻,Technologist,People & Body,1f468_1f3fc_200d_1f4bb,People Body/technologist__1f468_1f3fc_200d_1f4bb.png,https://fonts.gstatic.com/s/e/noto3demoji/latest/1f468_1f3fc_200d_1f4bb/512.png,512,512,132684,bcf57e145d9109a4255a490c7abd9fe9e115dc3bbae3652be11dfea8bc8a8d5a
👨🏽‍💻,Technologist,People & Body,1f468_1f3fd_200d_1f4bb,People Body/technologist__1f468_1f3fd_200d_1f4bb.png,https://fonts.gstatic.com/s/e/noto3demoji/latest/1f468_1f3fd_200d_1f4bb/512.png,512,512,128455,e01e9ece32669e536ce89275c00ada3c66c6ddb6d2eb2ccaecde10c1ba5909fa
👨🏾‍💻,Technologist,People & Body,1f468_1f3fe_200d_1f4bb,People Body/technologist__1f468_1f3fe_200d_1f4bb.png,https://fonts.gstatic.com/s/e/noto3demoji/latest/1f468_1f3fe_200d_1f4bb/512.png,512,512,128947,feb53f357c9e56ad68b91a0a5b8a6bbca2f2bd19cf8313b4b6b6f95c38902d83
👨🏿‍💻,Technologist,People & Body,1f468_1f3ff_200d_1f4bb,People Body/technologist__1f468_1f3ff_200d_1f4bb.png,https://fonts.gstatic.com/s/e/noto3demoji/latest/1f468_1f3ff_200d_1f4bb/512.png,512,512,126908,d252f3d9f9ed4ade09096b99ffc1a2420be1f58c3cc2c2fd69871ccb2e655486
👩‍💻,Technologist,People & Body,1f469_200d_1f4bb,People Body/technologist__1f469_200d_1f4bb.png,https://fonts.gstatic.com/s/e/noto3demoji/latest/1f469_200d_1f4bb/512.png,512,512,138402,dba2645d8676f07edf276640f2fa67c544cdc711008f7266736fbb6b7da559db
👩🏻‍💻,Technologist,People & Body,1f469_1f3fb_200d_1f4bb,People Body/technologist__1f469_1f3fb_200d_1f4bb.png,https://fonts.gstatic.com/s/e/noto3demoji/latest/1f469_1f3fb_200d_1f4bb/512.png,512,512,140962,2c3d350e71f5c2d0a3f497a5cee1343bec429bccbfbd7fb55d68cbc87f3d8664
👩🏼‍💻,Technologist,People & Body,1f469_1f3fc_200d_1f4bb,People Body/technologist__1f469_1f3fc_200d_1f4bb.png,https://fonts.gstatic.com/s/e/noto3demoji/latest/1f469_1f3fc_200d_1f4bb/512.png,512,512,142401,eb0960862a8bbac4f0b85809b72b828aab64e15563b6f975831c840c315de68e
👩🏽‍💻,Technologist,People & Body,1f469_1f3fd_200d_1f4bb,People Body/technologist__1f469_1f3fd_200d_1f4bb.png,https://fonts.gstatic.com/s/e/noto3demoji/latest/1f469_1f3fd_200d_1f4bb/512.png,512,512,138556,a19413d82cf9b7d28f4805e6b964216ff6a07d565abacfa8407c030489c2bb82
👩🏾‍💻,Technologist,People & Body,1f469_1f3fe_200d_1f4bb,People Body/technologist__1f469_1f3fe_200d_1f4bb.png,https://fonts.gstatic.com/s/e/noto3demoji/latest/1f469_1f3fe_200d_1f4bb/512.png,512,512,136996,151d6ec2210aef90b8c38c672f11d9822863b7170cf19327f350b616b3049227
👩🏿‍💻,Technologist,People & Body,1f469_1f3ff_200d_1f4bb,People Body/technologist__1f469_1f3ff_200d_1f4bb.png,https://fonts.gstatic.com/s/e/noto3demoji/latest/1f469_1f3ff_200d_1f4bb/512.png,512,512,135138,4e953fb6c257a3e9963ec92e1d99cb0b7c3c1a59729e9780ab4772c2c7da6df6
🧑‍🎤,Singer,People & Body,1f9d1_200d_1f3a4,People Body/singer__1f9d1_200d_1f3a4.png,https://fonts.gstatic.com/s/e/noto3demoji/latest/1f9d1_200d_1f3a4/512.png,512,512,157191,784f9c401737ce1bbb8c50f178b16c1eecb71932d3ab98f0bc5dba3ec07af87e
🧑🏻‍🎤,Singer,People & Body,1f9d1_1f3fb_200d_1f3a4,People Body/singer__1f9d1_1f3fb_200d_1f3a4.png,https://fonts.gstatic.com/s/e/noto3demoji/latest/1f9d1_1f3fb_200d_1f3a4/512.png,512,512,167171,fb03e9f206b1d0408a3e6b289796118e1da5f46dbd47209a0d4f60c237f9f86f
🧑🏼‍🎤,Singer,People & Body,1f9d1_1f3fc_200d_1f3a4,People Body/singer__1f9d1_1f3fc_200d_1f3a4.png,https://fonts.gstatic.com/s/e/noto3demoji/latest/1f9d1_1f3fc_200d_1f3a4/512.png,512,512,165597,c1434a70930c9afdcc8b78325475a027e844e27e94aeb1d7fcbc69b1cb9d0650
🧑🏽‍🎤,Singer,People & Body,1f9d1_1f3fd_200d_1f3a4,People Body/singer__1f9d1_1f3fd_200d_1f3a4.png,https://fonts.gstatic.com/s/e/noto3demoji/latest/1f9d1_1f3fd_200d_1f3a4/512.png,512,512,160906,851c4260b8e97120472c2cd890bb896b1fdebed8fd87727243104f295a40d878
🧑🏾‍🎤,Singer,People & Body,1f9d1_1f3fe_200d_1f3a4,People Body/singer__1f9d1_1f3fe_200d_1f3a4.png,https://fonts.gstatic.com/s/e/noto3demoji/latest/1f9d1_1f3fe_200d_1f3a4/512.png,512,512,159753,35543314e33e2856e0d583b338f1c18f1f4efb09d37e9ac39ddefca7557a3238
🧑🏿‍🎤,Singer,People & Body,1f9d1_1f3ff_200d_1f3a4,People Body/singer__1f9d1_1f3ff_200d_1f3a4.png,https://fonts.gstatic.com/s/e/noto3demoji/latest/1f9d1_1f3ff_200d_1f3a4/512.png,512,512,158852,be78b5ea18b1ecc8a2c53ceae130edbcd931179978b1f37ae3c1288ade16750c
👨‍🎤,Singer,People & Body,1f468_200d_1f3a4,People Body/singer__1f468_200d_1f3a4.png,https://fonts.gstatic.com/s/e/noto3demoji/latest/1f468_200d_1f3a4/512.png,512,512,162286,9d077e816cf413d835ff4557d2dbe9f5d95536530cb181cbee54061865278226
👨🏻‍🎤,Singer,People & Body,1f468_1f3fb_200d_1f3a4,People Body/singer__1f468_1f3fb_200d_1f3a4.png,https://fonts.gstatic.com/s/e/noto3demoji/latest/1f468_1f3fb_200d_1f3a4/512.png,512,512,170037,5ecc9de4a61127670797f66f46fc9f461d9131c1124c2c2c807f982c2a0e39ad
👨🏼‍🎤,Singer,People & Body,1f468_1f3fc_200d_1f3a4,People Body/singer__1f468_1f3fc_200d_1f3a4.png,https://fonts.gstatic.com/s/e/noto3demoji/latest/1f468_1f3fc_200d_1f3a4/512.png,512,512,168737,06aa3bd0402e6942ab591ed75e765307f98a2cf8e3305c55d36abb87e8b529ec
👨🏽‍🎤,Singer,People & Body,1f468_1f3fd_200d_1f3a4,People Body/singer__1f468_1f3fd_200d_1f3a4.png,https://fonts.gstatic.com/s/e/noto3demoji/latest/1f468_1f3fd_200d_1f3a4/512.png,512,512,164570,6ea330ba011f81e5c42c3ed499de8a06016ebbe6b4ff9cf399d071743c5f96b0
👨🏾‍🎤,Singer,People & Body,1f468_1f3fe_200d_1f3a4,People Body/singer__1f468_1f3fe_200d_1f3a4.png,https://fonts.gstatic.com/s/e/noto3demoji/latest/1f468_1f3fe_200d_1f3a4/512.png,512,512,163766,4f6be9769b42df266fbd04fb6ea0b65986db3653f9c1ea59d5f3ed0a8f091645
👨🏿‍🎤,Singer,People & Body,1f468_1f3ff_200d_1f3a4,People Body/singer__1f468_1f3ff_200d_1f3a4.png,https://fonts.gstatic.com/s/e/noto3demoji/latest/1f468_1f3ff_200d_1f3a4/512.png,512,512,162194,7fd70cbe49bae0cdb33a50ac02f1eabd48930e5168afc8a24ff10e4cf10858a7
👩‍🎤,Singer,People & Body,1f469_200d_1f3a4,People Body/singer__1f469_200d_1f3a4.png,https://fonts.gstatic.com/s/e/noto3demoji/latest/1f469_200d_1f3a4/512.png,512,512,180221,4eff7e9947aeeaa68320f533317d1a88fedd7789ae4f82253d6e1138006f44bc
👩🏻‍🎤,Singer,People & Body,1f469_1f3fb_200d_1f3a4,People Body/singer__1f469_1f3fb_200d_1f3a4.png,https://fonts.gstatic.com/s/e/noto3demoji/latest/1f469_1f3fb_200d_1f3a4/512.png,512,512,185759,b311040929ba3f0b1114572ec4c74a3c27df412a28aecd5b2c20a2f8dbf7b634
👩🏼‍🎤,Singer,People & Body,1f469_1f3fc_200d_1f3a4,People Body/singer__1f469_1f3fc_200d_1f3a4.png,https://fonts.gstatic.com/s/e/noto3demoji/latest/1f469_1f3fc_200d_1f3a4/512.png,512,512,184055,d0f26d60bcb294aee76021e2d7af3914db1b8204b09f87c2cc5aab3cacad3f3f
👩🏽‍🎤,Singer,People & Body,1f469_1f3fd_200d_1f3a4,People Body/singer__1f469_1f3fd_200d_1f3a4.png,https://fonts.gstatic.com/s/e/noto3demoji/latest/1f469_1f3fd_200d_1f3a4/512.png,512,512,179555,5150f37f0f5391c4895a8ad98a19dd07838932f06ae86db99a3211c645dd1e9a
👩🏾‍🎤,Singer,People & Body,1f469_1f3fe_200d_1f3a4,People Body/singer__1f469_1f3fe_200d_1f3a4.png,https://fonts.gstatic.com/s/e/noto3demoji/latest/1f469_1f3fe_200d_1f3a4/512.png,512,512,179436,082bf168d646d1a058713192269e6e6c504a6a5f917c80f45ca7a32bdb0b600d
👩🏿‍🎤,Singer,People & Body,1f469_1f3ff_200d_1f3a4,People Body/singer__1f469_1f3ff_200d_1f3a4.png,https://fonts.gstatic.com/s/e/noto3demoji/latest/1f469_1f3ff_200d_1f3a4/512.png,512,512,176664,5030b0dbf8d0c76cb656cf389e8b0f328b7a79fd4f0eb1481260802ab2e91623
🧑‍🎨,Artist,People & Body,1f9d1_200d_1f3a8,People Body/artist__1f9d1_200d_1f3a8.png,https://fonts.gstatic.com/s/e/noto3demoji/latest/1f9d1_200d_1f3a8/512.png,512,512,181554,3ec361460a387ea9e24e1530c36f2b21fc12b4a97f5a344d82c388c8a5bac68f
🧑🏻‍🎨,Artist,People & Body,1f9d1_1f3fb_200d_1f3a8,People Body/artist__1f9d1_1f3fb_200d_1f3a8.png,https://fonts.gstatic.com/s/e/noto3demoji/latest/1f9d1_1f3fb_200d_1f3a8/512.png,512,512,190923,fb02b84636d983561043f79d2d1b9c437b06d9a1cd62391cc2b3178e84e4ae5f
🧑🏼‍🎨,Artist,People & Body,1f9d1_1f3fc_200d_1f3a8,People Body/artist__1f9d1_1f3fc_200d_1f3a8.png,https://fonts.gstatic.com/s/e/noto3demoji/latest/1f9d1_1f3fc_200d_1f3a8/512.png,512,512,192308,783d33926aad4132b4970158baab5ab71689b04837e59822711084ade747734f
🧑🏽‍🎨,Artist,People & Body,1f9d1_1f3fd_200d_1f3a8,People Body/artist__1f9d1_1f3fd_200d_1f3a8.png,https://fonts.gstatic.com/s/e/noto3demoji/latest/1f9d1_1f3fd_200d_1f3a8/512.png,512,512,185661,b5107888b2cf107c263aa24639ee462e88a78792a2bb4c6fa25cbcbce23a28c9
🧑🏾‍🎨,Artist,People & Body,1f9d1_1f3fe_200d_1f3a8,People Body/artist__1f9d1_1f3fe_200d_1f3a8.png,https://fonts.gstatic.com/s/e/noto3demoji/latest/1f9d1_1f3fe_200d_1f3a8/512.png,512,512,184557,323f893b2a223a59c7d32833fe00ec61083292fa3cdb74df4df442f1040e3263
🧑🏿‍🎨,Artist,People & Body,1f9d1_1f3ff_200d_1f3a8,People Body/artist__1f9d1_1f3ff_200d_1f3a8.png,https://fonts.gstatic.com/s/e/noto3demoji/latest/1f9d1_1f3ff_200d_1f3a8/512.png,512,512,181175,b1162cadb9498c322192826a1778bc17d2d56ded9ebd1f6aee86fd8326395434
👨‍🎨,Artist,People & Body,1f468_200d_1f3a8,People Body/artist__1f468_200d_1f3a8.png,https://fonts.gstatic.com/s/e/noto3demoji/latest/1f468_200d_1f3a8/512.png,512,512,165302,44a3aab57c0375b12a5bece1aea18eaea933b888afbf0ff73bafeaf671779c38
👨🏻‍🎨,Artist,People & Body,1f468_1f3fb_200d_1f3a8,People Body/artist__1f468_1f3fb_200d_1f3a8.png,https://fonts.gstatic.com/s/e/noto3demoji/latest/1f468_1f3fb_200d_1f3a8/512.png,512,512,174672,f99db5102e2b091b4d251e35c146ee224d25150028437f5aae07c40073cc139f
👨🏼‍🎨,Artist,People & Body,1f468_1f3fc_200d_1f3a8,People Body/artist__1f468_1f3fc_200d_1f3a8.png,https://fonts.gstatic.com/s/e/noto3demoji/latest/1f468_1f3fc_200d_1f3a8/512.png,512,512,173937,020926ef49294131127854e3a1fdd84ef3fcbae059e0042cbc7c96505613cfa1
👨🏽‍🎨,Artist,People & Body,1f468_1f3fd_200d_1f3a8,People Body/artist__1f468_1f3fd_200d_1f3a8.png,https://fonts.gstatic.com/s/e/noto3demoji/latest/1f468_1f3fd_200d_1f3a8/512.png,512,512,169171,d1a7cf083eb4d76dbeb1ad15358664d6de3426b7eafa170758eda1f2d71efc17
👨🏾‍🎨,Artist,People & Body,1f468_1f3fe_200d_1f3a8,People Body/artist__1f468_1f3fe_200d_1f3a8.png,https://fonts.gstatic.com/s/e/noto3demoji/latest/1f468_1f3fe_200d_1f3a8/512.png,512,512,168588,39bb7378089002eff6eaef3f9c64611867197c07271d30f96d67b9b3ec332c5f
👨🏿‍🎨,Artist,People & Body,1f468_1f3ff_200d_1f3a8,People Body/artist__1f468_1f3ff_200d_1f3a8.png,https://fonts.gstatic.com/s/e/noto3demoji/latest/1f468_1f3ff_200d_1f3a8/512.png,512,512,166158,c40e0027c533c0eb2743dfe4060871d51b4a608f37631b3fac486c4b4cc6712b
👩‍🎨,Artist,People & Body,1f469_200d_1f3a8,People Body/artist__1f469_200d_1f3a8.png,https://fonts.gstatic.com/s/e/noto3demoji/latest/1f469_200d_1f3a8/512.png,512,512,184287,754699e9473fb077500c842f351ab7bdc81ab14ff909f38a70453023463bf073
👩🏻‍🎨,Artist,People & Body,1f469_1f3fb_200d_1f3a8,People Body/artist__1f469_1f3fb_200d_1f3a8.png,https://fonts.gstatic.com/s/e/noto3demoji/latest/1f469_1f3fb_200d_1f3a8/512.png,512,512,192960,3d5f2bb69e1ca41b5fb7601f40f13a7c2a1cce4a09e32b8a1ba172a716c34a05
👩🏼‍🎨,Artist,People & Body,1f469_1f3fc_200d_1f3a8,People Body/artist__1f469_1f3fc_200d_1f3a8.png,https://fonts.gstatic.com/s/e/noto3demoji/latest/1f469_1f3fc_200d_1f3a8/512.png,512,512,193628,a2e1e415fc5e334d401b920d1a4d1c065b06275dbcb7eb3d5bb15b8515c4b50a
👩🏽‍🎨,Artist,People & Body,1f469_1f3fd_200d_1f3a8,People Body/artist__1f469_1f3fd_200d_1f3a8.png,https://fonts.gstatic.com/s/e/noto3demoji/latest/1f469_1f3fd_200d_1f3a8/512.png,512,512,186932,502861784f7608f09641344800f9dc38a789f7458990960344b56e65fb1f8f45
👩🏾‍🎨,Artist,People & Body,1f469_1f3fe_200d_1f3a8,People Body/artist__1f469_1f3fe_200d_1f3a8.png,https://fonts.gstatic.com/s/e/noto3demoji/latest/1f469_1f3fe_200d_1f3a8/512.png,512,512,186143,051672ec8429b1413a9b2c260d672be73d4154615b4feec411f92c2db5e41b1f
👩🏿‍🎨,Artist,People & Body,1f469_1f3ff_200d_1f3a8,People Body/artist__1f469_1f3ff_200d_1f3a8.png,https://fonts.gstatic.com/s/e/noto3demoji/latest/1f469_1f3ff_200d_1f3a8/512.png,512,512,182681,548ec547dd51e2edf662240c88c4e00b0e444921ebe98d0954f105a348a6dd6b
🧑‍✈,Pilot,People & Body,1f9d1_200d_2708,People Body/pilot__1f9d1_200d_2708.png,https://fonts.gstatic.com/s/e/noto3demoji/latest/1f9d1_200d_2708/512.png,512,512,158253,76eb4614792870fd3ac4b0c900f5819a66dda4b6bb03ba42c6e41e440aaec650
🧑🏻‍✈,Pilot,People & Body,1f9d1_1f3fb_200d_2708,People Body/pilot__1f9d1_1f3fb_200d_2708.png,https://fonts.gstatic.com/s/e/noto3demoji/latest/1f9d1_1f3fb_200d_2708/512.png,512,512,166257,3cb3324f73c67828b94a448153e3f35f3cd76f6db5fbf08d342b7ff72ecc95e7
🧑🏼‍✈,Pilot,People & Body,1f9d1_1f3fc_200d_2708,People Body/pilot__1f9d1_1f3fc_200d_2708.png,https://fonts.gstatic.com/s/e/noto3demoji/latest/1f9d1_1f3fc_200d_2708/512.png,512,512,166471,c0bf39d8cdceb0bd7dcc6bd0aa7fcf9add3103588c6356aebbfcbcabd9df8219
🧑🏽‍✈,Pilot,People & Body,1f9d1_1f3fd_200d_2708,People Body/pilot__1f9d1_1f3fd_200d_2708.png,https://fonts.gstatic.com/s/e/noto3demoji/latest/1f9d1_1f3fd_200d_2708/512.png,512,512,160210,1994c87838141ea2a929b6990872ce7e3f208eb6f25e38efe12870d7a7817a72
🧑🏾‍✈,Pilot,People & Body,1f9d1_1f3fe_200d_2708,People Body/pilot__1f9d1_1f3fe_200d_2708.png,https://fonts.gstatic.com/s/e/noto3demoji/latest/1f9d1_1f3fe_200d_2708/512.png,512,512,158624,e117688caa413bc7c2af4ccf5bf07d359136ede0042e963f506168141307fa84
🧑🏿‍✈,Pilot,People & Body,1f9d1_1f3ff_200d_2708,People Body/pilot__1f9d1_1f3ff_200d_2708.png,https://fonts.gstatic.com/s/e/noto3demoji/latest/1f9d1_1f3ff_200d_2708/512.png,512,512,154522,fafade0655324089fd316bd43836a2f48909ebcc98cbc01ceafd2284fb968ace
👨‍✈,Pilot,People & Body,1f468_200d_2708,People Body/pilot__1f468_200d_2708.png,https://fonts.gstatic.com/s/e/noto3demoji/latest/1f468_200d_2708/512.png,512,512,143117,1ef37580408e21b1a9d815b217f174ef18aa41cf3cfdcca482424b51e22b5d90
👨🏻‍✈,Pilot,People & Body,1f468_1f3fb_200d_2708,People Body/pilot__1f468_1f3fb_200d_2708.png,https://fonts.gstatic.com/s/e/noto3demoji/latest/1f468_1f3fb_200d_2708/512.png,512,512,151084,4da166d338842cd4540278e8aad6fd44113fd012be25b4eab94c998d5fedb911
👨🏼‍✈,Pilot,People & Body,1f468_1f3fc_200d_2708,People Body/pilot__1f468_1f3fc_200d_2708.png,https://fonts.gstatic.com/s/e/noto3demoji/latest/1f468_1f3fc_200d_2708/512.png,512,512,149436,6d4dbae86ab7b8a64e40889d4723143bc2173377ae4fa0b5e2fbd28c81ce9ad3
👨🏽‍✈,Pilot,People & Body,1f468_1f3fd_200d_2708,People Body/pilot__1f468_1f3fd_200d_2708.png,https://fonts.gstatic.com/s/e/noto3demoji/latest/1f468_1f3fd_200d_2708/512.png,512,512,143858,a71e4e9bf1334581632fca4610cdc75f02aed6294e233f4f36771c507943db5b
👨🏾‍✈,Pilot,People & Body,1f468_1f3fe_200d_2708,People Body/pilot__1f468_1f3fe_200d_2708.png,https://fonts.gstatic.com/s/e/noto3demoji/latest/1f468_1f3fe_200d_2708/512.png,512,512,142937,be0babfc29a57c93e6682a83d4053683d0e5218452f68b6e219c8d220f9c6c42
👨🏿‍✈,Pilot,People & Body,1f468_1f3ff_200d_2708,People Body/pilot__1f468_1f3ff_200d_2708.png,https://fonts.gstatic.com/s/e/noto3demoji/latest/1f468_1f3ff_200d_2708/512.png,512,512,139808,144eb71334c24e878a7339da71b5e2d8b66aa2b19c020b150ce4c16e1086ecc0
👩‍✈,Pilot,People & Body,1f469_200d_2708,People Body/pilot__1f469_200d_2708.png,https://fonts.gstatic.com/s/e/noto3demoji/latest/1f469_200d_2708/512.png,512,512,160680,30b15b273528f1bf78513fb00913bc9a1ccae0b102e10f329173f167ef8cf0d6
👩🏻‍✈,Pilot,People & Body,1f469_1f3fb_200d_2708,People Body/pilot__1f469_1f3fb_200d_2708.png,https://fonts.gstatic.com/s/e/noto3demoji/latest/1f469_1f3fb_200d_2708/512.png,512,512,167964,b5065b369de52231b5b91ca4af4df97e10cbc2b46cd966c10f7b7bfb8a984eef
👩🏼‍✈,Pilot,People & Body,1f469_1f3fc_200d_2708,People Body/pilot__1f469_1f3fc_200d_2708.png,https://fonts.gstatic.com/s/e/noto3demoji/latest/1f469_1f3fc_200d_2708/512.png,512,512,168155,b705c07e71e864290260eee2a5adbe203821b28fa1ed5cb8484d5ec7e1075387
👩🏽‍✈,Pilot,People & Body,1f469_1f3fd_200d_2708,People Body/pilot__1f469_1f3fd_200d_2708.png,https://fonts.gstatic.com/s/e/noto3demoji/latest/1f469_1f3fd_200d_2708/512.png,512,512,160932,8f11664be0a52c21ea08f78bc7539d810096feb2a528419d2499de31b7308fb7
👩🏾‍✈,Pilot,People & Body,1f469_1f3fe_200d_2708,People Body/pilot__1f469_1f3fe_200d_2708.png,https://fonts.gstatic.com/s/e/noto3demoji/latest/1f469_1f3fe_200d_2708/512.png,512,512,158773,d27dd3d8586b80abf9ecbacdb794a7720c4bfa4435f3001e872ca9a304dd441a
👩🏿‍✈,Pilot,People & Body,1f469_1f3ff_200d_2708,People Body/pilot__1f469_1f3ff_200d_2708.png,https://fonts.gstatic.com/s/e/noto3demoji/latest/1f469_1f3ff_200d_2708/512.png,512,512,155400,20b4bb1ed3f3b7e74a71a7795bcf1b15658f32e569a519535b3db1c712b77d63
🧑‍🚀,Astronaut,People & Body,1f9d1_200d_1f680,People Body/astronaut__1f9d1_200d_1f680.png,https://fonts.gstatic.com/s/e/noto3demoji/latest/1f9d1_200d_1f680/512.png,512,512,211314,bd174177a51d1764cae8231c6e9d2e799990c12bbbffb70772ac70f539af6c1e
🧑🏻‍🚀,Astronaut,People & Body,1f9d1_1f3fb_200d_1f680,People Body/astronaut__1f9d1_1f3fb_200d_1f680.png,https://fonts.gstatic.com/s/e/noto3demoji/latest/1f9d1_1f3fb_200d_1f680/512.png,512,512,214206,a4fd885ad3b67ee6e859c20a60c1b288f49caf5f61858df02917c01b0ebdb41e
🧑🏼‍🚀,Astronaut,People & Body,1f9d1_1f3fc_200d_1f680,People Body/astronaut__1f9d1_1f3fc_200d_1f680.png,https://fonts.gstatic.com/s/e/noto3demoji/latest/1f9d1_1f3fc_200d_1f680/512.png,512,512,213478,cf3267ad1a4987f157fcb0afd8ce564ace9ee2f0f823a20c573105d316960c18
🧑🏽‍🚀,Astronaut,People & Body,1f9d1_1f3fd_200d_1f680,People Body/astronaut__1f9d1_1f3fd_200d_1f680.png,https://fonts.gstatic.com/s/e/noto3demoji/latest/1f9d1_1f3fd_200d_1f680/512.png,512,512,209829,52eebf4b1ace6d56290495821ad45ce6255bbe07fd9f57b08c50e2f632a4e04f
🧑🏾‍🚀,Astronaut,People & Body,1f9d1_1f3fe_200d_1f680,People Body/astronaut__1f9d1_1f3fe_200d_1f680.png,https://fonts.gstatic.com/s/e/noto3demoji/latest/1f9d1_1f3fe_200d_1f680/512.png,512,512,209922,583df59918869fafc5fca26ba3a18a7fb3a8f11d9217ba9f123f07592a821f0b
🧑🏿‍🚀,Astronaut,People & Body,1f9d1_1f3ff_200d_1f680,People Body/astronaut__1f9d1_1f3ff_200d_1f680.png,https://fonts.gstatic.com/s/e/noto3demoji/latest/1f9d1_1f3ff_200d_1f680/512.png,512,512,207379,7c7399e5c3d52ebb42d800a9db59068130130fc8bf13d4a7905a49c13cf53b48
👨‍🚀,Astronaut,People & Body,1f468_200d_1f680,People Body/astronaut__1f468_200d_1f680.png,https://fonts.gstatic.com/s/e/noto3demoji/latest/1f468_200d_1f680/512.png,512,512,211394,b939274a0548f0ee39c63280c047e7e51bf321c50ee8bb9183d87db65cd2bc91
👨🏻‍🚀,Astronaut,People & Body,1f468_1f3fb_200d_1f680,People Body/astronaut__1f468_1f3fb_200d_1f680.png,https://fonts.gstatic.com/s/e/noto3demoji/latest/1f468_1f3fb_200d_1f680/512.png,512,512,213671,7afdbce893e3fdd61df59107c924ea868236d8fb065c37e46ffe8542b114969d
👨🏼‍🚀,Astronaut,People & Body,1f468_1f3fc_200d_1f680,People Body/astronaut__1f468_1f3fc_200d_1f680.png,https://fonts.gstatic.com/s/e/noto3demoji/latest/1f468_1f3fc_200d_1f680/512.png,512,512,213288,f811dbcd12661aafb03a9c372f9ebc515584f13ad39e16b59b3ca29601c8830d
👨🏽‍🚀,Astronaut,People & Body,1f468_1f3fd_200d_1f680,People Body/astronaut__1f468_1f3fd_200d_1f680.png,https://fonts.gstatic.com/s/e/noto3demoji/latest/1f468_1f3fd_200d_1f680/512.png,512,512,210032,aebee4c9ecc1a08decdb071664ebc5fe403b2f85a7ca77f836c671570f9375fe
👨🏾‍🚀,Astronaut,People & Body,1f468_1f3fe_200d_1f680,People Body/astronaut__1f468_1f3fe_200d_1f680.png,https://fonts.gstatic.com/s/e/noto3demoji/latest/1f468_1f3fe_200d_1f680/512.png,512,512,210018,9d46c5b19a70c1528022890513ae22dee04f2305befc11765b64eb68fe11bc2d
👨🏿‍🚀,Astronaut,People & Body,1f468_1f3ff_200d_1f680,People Body/astronaut__1f468_1f3ff_200d_1f680.png,https://fonts.gstatic.com/s/e/noto3demoji/latest/1f468_1f3ff_200d_1f680/512.png,512,512,207521,2ff04ac4bac26af35f5725d18720833daa0fc4abaf77cc33f5f9264161abd9fa
👩‍🚀,Astronaut,People & Body,1f469_200d_1f680,People Body/astronaut__1f469_200d_1f680.png,https://fonts.gstatic.com/s/e/noto3demoji/latest/1f469_200d_1f680/512.png,512,512,211670,2840a3258ae77332743bcf9751e3fc386e45b4391287df564e3cde62061eefd7
👩🏻‍🚀,Astronaut,People & Body,1f469_1f3fb_200d_1f680,People Body/astronaut__1f469_1f3fb_200d_1f680.png,https://fonts.gstatic.com/s/e/noto3demoji/latest/1f469_1f3fb_200d_1f680/512.png,512,512,213801,ea1818eb4e55031dae68c3d53485d2c7d0826a48efaf7697c7993c257d4e1c84
👩🏼‍🚀,Astronaut,People & Body,1f469_1f3fc_200d_1f680,People Body/astronaut__1f469_1f3fc_200d_1f680.png,https://fonts.gstatic.com/s/e/noto3demoji/latest/1f469_1f3fc_200d_1f680/512.png,512,512,212864,60466c49a35025d1ae47e1724c2e6509a704ff189c759a872ba26bf785613b72
👩🏽‍🚀,Astronaut,People & Body,1f469_1f3fd_200d_1f680,People Body/astronaut__1f469_1f3fd_200d_1f680.png,https://fonts.gstatic.com/s/e/noto3demoji/latest/1f469_1f3fd_200d_1f680/512.png,512,512,209792,0e8c834a57833bd5aa844a9ebebfced74d03e61e74471f2f4c9c4977e9274ec1
👩🏾‍🚀,Astronaut,People & Body,1f469_1f3fe_200d_1f680,People Body/astronaut__1f469_1f3fe_200d_1f680.png,https://fonts.gstatic.com/s/e/noto3demoji/latest/1f469_1f3fe_200d_1f680/512.png,512,512,210152,0d77606a45f673040dcb296394212da9461e9141b497a0e73ceeb07809c4b150
👩🏿‍🚀,Astronaut,People & Body,1f469_1f3ff_200d_1f680,People Body/astronaut__1f469_1f3ff_200d_1f680.png,https://fonts.gstatic.com/s/e/noto3demoji/latest/1f469_1f3ff_200d_1f680/512.png,512,512,207605,3c47650e8b9369c12381061eb3f503d36dadb1d73e974a214d286b0fae59f85e
🧑‍🚒,Firefighter,People & Body,1f9d1_200d_1f692,People Body/firefighter__1f9d1_200d_1f692.png,https://fonts.gstatic.com/s/e/noto3demoji/latest/1f9d1_200d_1f692/512.png,512,512,152605,9ec01ecb1b466a0f180b0c25d9b9c5f1aec18ab7619dfaabbbab3cf9de9281ef
🧑🏻‍🚒,Firefighter,People & Body,1f9d1_1f3fb_200d_1f692,People Body/firefighter__1f9d1_1f3fb_200d_1f692.png,https://fonts.gstatic.com/s/e/noto3demoji/latest/1f9d1_1f3fb_200d_1f692/512.png,512,512,162272,7c1e8a343229f7336cd4872894fdf5071acc9b040de503a176557c15599794a5
🧑🏼‍🚒,Firefighter,People & Body,1f9d1_1f3fc_200d_1f692,People Body/firefighter__1f9d1_1f3fc_200d_1f692.png,https://fonts.gstatic.com/s/e/noto3demoji/latest/1f9d1_1f3fc_200d_1f692/512.png,512,512,161854,98cd9797130a2c25cad8667f8d0a8addabcdd954086660786ba73620c38fdeb3
🧑🏽‍🚒,Firefighter,People & Body,1f9d1_1f3fd_200d_1f692,People Body/firefighter__1f9d1_1f3fd_200d_1f692.png,https://fonts.gstatic.com/s/e/noto3demoji/latest/1f9d1_1f3fd_200d_1f692/512.png,512,512,157061,c3c7b370bde7880d87ddb9e98dbb06f9325e079d8080371ae84a094160c048b9
🧑🏾‍🚒,Firefighter,People & Body,1f9d1_1f3fe_200d_1f692,People Body/firefighter__1f9d1_1f3fe_200d_1f692.png,https://fonts.gstatic.com/s/e/noto3demoji/latest/1f9d1_1f3fe_200d_1f692/512.png,512,512,156633,e5da51f6067d87d3fd7d5458c2b8fb1b5f20f1397feb5a0bcd53c7bbc7d0edab
🧑🏿‍🚒,Firefighter,People & Body,1f9d1_1f3ff_200d_1f692,People Body/firefighter__1f9d1_1f3ff_200d_1f692.png,https://fonts.gstatic.com/s/e/noto3demoji/latest/1f9d1_1f3ff_200d_1f692/512.png,512,512,154103,4fd15bc927b9d736348dc771be71515097ff57edef8e13063dc2d5fa56cf6bad
👨‍🚒,Firefighter,People & Body,1f468_200d_1f692,People Body/firefighter__1f468_200d_1f692.png,https://fonts.gstatic.com/s/e/noto3demoji/latest/1f468_200d_1f692/512.png,512,512,143249,024403586fa529535a28c8e052702c6b8e21243ed3cb545baf013c9a36de118b
👨🏻‍🚒,Firefighter,People & Body,1f468_1f3fb_200d_1f692,People Body/firefighter__1f468_1f3fb_200d_1f692.png,https://fonts.gstatic.com/s/e/noto3demoji/latest/1f468_1f3fb_200d_1f692/512.png,512,512,152763,5189fe045867dd1eaf0498fb2c68f85033b557c9085aed38dc289088daf140c4
👨🏼‍🚒,Firefighter,People & Body,1f468_1f3fc_200d_1f692,People Body/firefighter__1f468_1f3fc_200d_1f692.png,https://fonts.gstatic.com/s/e/noto3demoji/latest/1f468_1f3fc_200d_1f692/512.png,512,512,151245,8f9cde25fd57e4fd7fd851394415499d85b6ecb643605aa0b728f737a6ca24de
👨🏽‍🚒,Firefighter,People & Body,1f468_1f3fd_200d_1f692,People Body/firefighter__1f468_1f3fd_200d_1f692.png,https://fonts.gstatic.com/s/e/noto3demoji/latest/1f468_1f3fd_200d_1f692/512.png,512,512,147509,099e5c04a296cfa82cd8774be28772822ca2742d943049d8110d2aa665b32c55
👨🏾‍🚒,Firefighter,People & Body,1f468_1f3fe_200d_1f692,People Body/firefighter__1f468_1f3fe_200d_1f692.png,https://fonts.gstatic.com/s/e/noto3demoji/latest/1f468_1f3fe_200d_1f692/512.png,512,512,147773,cf3d05e86a0aa5d11be3c83ebc00d9f6316611d01c105eb9a6dae50337662688
👨🏿‍🚒,Firefighter,People & Body,1f468_1f3ff_200d_1f692,People Body/firefighter__1f468_1f3ff_200d_1f692.png,https://fonts.gstatic.com/s/e/noto3demoji/latest/1f468_1f3ff_200d_1f692/512.png,512,512,146117,228e52a125a96337bd45b890e96258c8f0014761f0ff985721e7f73b4cb3acdd
👩‍🚒,Firefighter,People & Body,1f469_200d_1f692,People Body/firefighter__1f469_200d_1f692.png,https://fonts.gstatic.com/s/e/noto3demoji/latest/1f469_200d_1f692/512.png,512,512,152542,f38d917ea4f78da56372e30708c273c567ab4a5584141e2fd6d240ffe1d22f5f
👩🏻‍🚒,Firefighter,People & Body,1f469_1f3fb_200d_1f692,People Body/firefighter__1f469_1f3fb_200d_1f692.png,https://fonts.gstatic.com/s/e/noto3demoji/latest/1f469_1f3fb_200d_1f692/512.png,512,512,161651,03aac95d1e81c5b57cf85155ac85022d1c92aba3d10f5c3577041ed50b4d4739
👩🏼‍🚒,Firefighter,People & Body,1f469_1f3fc_200d_1f692,People Body/firefighter__1f469_1f3fc_200d_1f692.png,https://fonts.gstatic.com/s/e/noto3demoji/latest/1f469_1f3fc_200d_1f692/512.png,512,512,161675,a6bb0a169541bc66a90abc61839666042751b7d93beb94637c21fd76f5ee61ce
👩🏽‍🚒,Firefighter,People & Body,1f469_1f3fd_200d_1f692,People Body/firefighter__1f469_1f3fd_200d_1f692.png,https://fonts.gstatic.com/s/e/noto3demoji/latest/1f469_1f3fd_200d_1f692/512.png,512,512,155276,0b5fed068afc32c8d2aeb3113250321280b468c50ad5655bcbc5f914887f3cea
👩🏾‍🚒,Firefighter,People & Body,1f469_1f3fe_200d_1f692,People Body/firefighter__1f469_1f3fe_200d_1f692.png,https://fonts.gstatic.com/s/e/noto3demoji/latest/1f469_1f3fe_200d_1f692/512.png,512,512,154641,1341dd5bc54e264dfc29861c881c5351db38637aa9f701960e028a8e3eab0971
👩🏿‍🚒,Firefighter,People & Body,1f469_1f3ff_200d_1f692,People Body/firefighter__1f469_1f3ff_200d_1f692.png,https://fonts.gstatic.com/s/e/noto3demoji/latest/1f469_1f3ff_200d_1f692/512.png,512,512,152520,0af8bfafb50ff696ed8ccb3c3dee284e7b4cbbd4dbbbfef6830a0437a79cc77c
👮,Police,People & Body,1f46e,People Body/police__1f46e.png,https://fonts.gstatic.com/s/e/noto3demoji/latest/1f46e/512.png,512,512,159834,677b522544f9f9ac7eacd90777df2db262f9471d405edd16f100cba26bab7e2f
👮🏻,Police,People & Body,1f46e_1f3fb,People Body/police__1f46e_1f3fb.png,https://fonts.gstatic.com/s/e/noto3demoji/latest/1f46e_1f3fb/512.png,512,512,168402,6105df2f49714135f21f56ac874758828c377e21a64e52d7c7a962f7db6649cc
👮🏼,Police,People & Body,1f46e_1f3fc,People Body/police__1f46e_1f3fc.png,https://fonts.gstatic.com/s/e/noto3demoji/latest/1f46e_1f3fc/512.png,512,512,168269,cbfef8a7f8d5c4ea659fde0f9f29ea2a45fd18e41db6b0a64ddef6bff12e228a
👮🏽,Police,People & Body,1f46e_1f3fd,People Body/police__1f46e_1f3fd.png,https://fonts.gstatic.com/s/e/noto3demoji/latest/1f46e_1f3fd/512.png,512,512,162523,c9328f19627fc7a700260a835034bc76d8c4d5efd2342599b6d1dfc65fe4231e
👮🏾,Police,People & Body,1f46e_1f3fe,People Body/police__1f46e_1f3fe.png,https://fonts.gstatic.com/s/e/noto3demoji/latest/1f46e_1f3fe/512.png,512,512,160956,91aadb3508a864c681c9c00749994918eaf4143bf146b00be0a6768244b22418
👮🏿,Police,People & Body,1f46e_1f3ff,People Body/police__1f46e_1f3ff.png,https://fonts.gstatic.com/s/e/noto3demoji/latest/1f46e_1f3ff/512.png,512,512,156977,6c46422bfc3a463f183d04c179e7318b07cc161926407119e759b71feb585573
👮‍♂,Police,People & Body,1f46e_200d_2642,People Body/police__1f46e_200d_2642.png,https://fonts.gstatic.com/s/e/noto3demoji/latest/1f46e_200d_2642/512.png,512,512,143804,a565ee84172ef9614027f0737ab53dfb5c7d0d9d753b5da4ed43b86050843bdb
👮🏻‍♂,Police,People & Body,1f46e_1f3fb_200d_2642,People Body/police__1f46e_1f3fb_200d_2642.png,https://fonts.gstatic.com/s/e/noto3demoji/latest/1f46e_1f3fb_200d_2642/512.png,512,512,151969,a71f227ca29c6656822cd85309379c80969b0b82eb7b4a49aa4ce51d905d0ed0
👮🏼‍♂,Police,People & Body,1f46e_1f3fc_200d_2642,People Body/police__1f46e_1f3fc_200d_2642.png,https://fonts.gstatic.com/s/e/noto3demoji/latest/1f46e_1f3fc_200d_2642/512.png,512,512,150772,1cb35a7872c63108ce53e8cae6c35e90da2c8895500945c1b2948973411ec669
👮🏽‍♂,Police,People & Body,1f46e_1f3fd_200d_2642,People Body/police__1f46e_1f3fd_200d_2642.png,https://fonts.gstatic.com/s/e/noto3demoji/latest/1f46e_1f3fd_200d_2642/512.png,512,512,146655,88351942ac600f1aacd49ab74ef7071ed355cb7cb549e818ded248b1d28c2ade
👮🏾‍♂,Police,People & Body,1f46e_1f3fe_200d_2642,People Body/police__1f46e_1f3fe_200d_2642.png,https://fonts.gstatic.com/s/e/noto3demoji/latest/1f46e_1f3fe_200d_2642/512.png,512,512,145763,af7d10d9cff23eeca4939ef0172a301777547ca06c25bd030bdd0e0e308a3d7a
👮🏿‍♂,Police,People & Body,1f46e_1f3ff_200d_2642,People Body/police__1f46e_1f3ff_200d_2642.png,https://fonts.gstatic.com/s/e/noto3demoji/latest/1f46e_1f3ff_200d_2642/512.png,512,512,143379,996e13f527f0d59b0b1977648347640cafc9b50aa5058a6a57724eea002f5be1
👮‍♀,Police,People & Body,1f46e_200d_2640,People Body/police__1f46e_200d_2640.png,https://fonts.gstatic.com/s/e/noto3demoji/latest/1f46e_200d_2640/512.png,512,512,145981,63bc4fdbaad218dd41cfc5d3c9b35e7ed36a11a213a3a9cd72a64988d8a73d5a
👮🏻‍♀,Police,People & Body,1f46e_1f3fb_200d_2640,People Body/police__1f46e_1f3fb_200d_2640.png,https://fonts.gstatic.com/s/e/noto3demoji/latest/1f46e_1f3fb_200d_2640/512.png,512,512,153108,e2f549fab60382e7f58ac72ec216d5e7c9e4c6598563b68e8444f925ce6d4099
👮🏼‍♀,Police,People & Body,1f46e_1f3fc_200d_2640,People Body/police__1f46e_1f3fc_200d_2640.png,https://fonts.gstatic.com/s/e/noto3demoji/latest/1f46e_1f3fc_200d_2640/512.png,512,512,152425,ef25594d1d098d7ff9fe6ae7e1e07c1de6bfa41e8839cbac9c501b700cca46b6
👮🏽‍♀,Police,People & Body,1f46e_1f3fd_200d_2640,People Body/police__1f46e_1f3fd_200d_2640.png,https://fonts.gstatic.com/s/e/noto3demoji/latest/1f46e_1f3fd_200d_2640/512.png,512,512,148045,ca6cf1bc45d90d5eb7776d362fea639a6bc72c2fde37ce680795fa49ea914f93
👮🏾‍♀,Police,People & Body,1f46e_1f3fe_200d_2640,People Body/police__1f46e_1f3fe_200d_2640.png,https://fonts.gstatic.com/s/e/noto3demoji/latest/1f46e_1f3fe_200d_2640/512.png,512,512,147064,93f009a43319f24c66b9f427b84c9029d4de9f9350b7cbefa04b6f4660c986b6
👮🏿‍♀,Police,People & Body,1f46e_1f3ff_200d_2640,People Body/police__1f46e_1f3ff_200d_2640.png,https://fonts.gstatic.com/s/e/noto3demoji/latest/1f46e_1f3ff_200d_2640/512.png,512,512,144847,e5145abe2470073e814e9ad66dd26b6fe161b62a1412b90e57851950815a8166
🕵,Detective,People & Body,1f575,People Body/detective__1f575.png,https://fonts.gstatic.com/s/e/noto3demoji/latest/1f575/512.png,512,512,186480,11ad631b1a0661ce27d67902976f1609ce7df30f83c9f062bf5e38621be7cfba
🕵🏻,Detective,People & Body,1f575_1f3fb,People Body/detective__1f575_1f3fb.png,https://fonts.gstatic.com/s/e/noto3demoji/latest/1f575_1f3fb/512.png,512,512,193405,d2f1552115f7b1a4bcdafcd55d9afbfd3686083b1a2f106ebc093d9fa3f76d4c
🕵🏼,Detective,People & Body,1f575_1f3fc,People Body/detective__1f575_1f3fc.png,https://fonts.gstatic.com/s/e/noto3demoji/latest/1f575_1f3fc/512.png,512,512,192512,7a88a991c799f4fdd386ca7c82a1b6f9062c900ee2458ce5494785274497f04b
🕵🏽,Detective,People & Body,1f575_1f3fd,People Body/detective__1f575_1f3fd.png,https://fonts.gstatic.com/s/e/noto3demoji/latest/1f575_1f3fd/512.png,512,512,188734,696f0d4a998a310e03b12c3c27808cc0ebe1b108b833584a9c395290ea489202
🕵🏾,Detective,People & Body,1f575_1f3fe,People Body/detective__1f575_1f3fe.png,https://fonts.gstatic.com/s/e/noto3demoji/latest/1f575_1f3fe/512.png,512,512,190455,503d035e276972b5459d3d8dd2337edb23d3184e9e550a9fdb696b6310b2e149
🕵🏿,Detective,People & Body,1f575_1f3ff,People Body/detective__1f575_1f3ff.png,https://fonts.gstatic.com/s/e/noto3demoji/latest/1f575_1f3ff/512.png,512,512,187212,045aaff9ed5d48b8c865e23e8c4a6a6990f0f39ffd68f4600d28ee9755510607
🕵‍♂,Detective,People & Body,1f575_200d_2642,People Body/detective__1f575_200d_2642.png,https://fonts.gstatic.com/s/e/noto3demoji/latest/1f575_200d_2642/512.png,512,512,176693,606ebe993da758fb2579766ac695304acdb8e8c1f1d2606b9a8dfff3e668025b
🕵🏻‍♂,Detective,People & Body,1f575_1f3fb_200d_2642,People Body/detective__1f575_1f3fb_200d_2642.png,https://fonts.gstatic.com/s/e/noto3demoji/latest/1f575_1f3fb_200d_2642/512.png,512,512,182804,2417e3c31aad92d09765aa10d668b4831d662d3d5144a2dbe517b903eee5d593
🕵🏼‍♂,Detective,People & Body,1f575_1f3fc_200d_2642,People Body/detective__1f575_1f3fc_200d_2642.png,https://fonts.gstatic.com/s/e/noto3demoji/latest/1f575_1f3fc_200d_2642/512.png,512,512,181472,6b467c782a89cfddbd06304414a65cc1ace78ac0ea4dd9d537210c4a89948aec
🕵🏽‍♂,Detective,People & Body,1f575_1f3fd_200d_2642,People Body/detective__1f575_1f3fd_200d_2642.png,https://fonts.gstatic.com/s/e/noto3demoji/latest/1f575_1f3fd_200d_2642/512.png,512,512,178370,ccdad96a4f27b4074e535819e7e9d5186a93456576e2bbcfdde3510361905f25
🕵🏾‍♂,Detective,People & Body,1f575_1f3fe_200d_2642,People Body/detective__1f575_1f3fe_200d_2642.png,https://fonts.gstatic.com/s/e/noto3demoji/latest/1f575_1f3fe_200d_2642/512.png,512,512,179697,05f217b259e85ba292fb7499abd3d45460d45c5b4e7c984ad240ef351d1e8b45
🕵🏿‍♂,Detective,People & Body,1f575_1f3ff_200d_2642,People Body/detective__1f575_1f3ff_200d_2642.png,https://fonts.gstatic.com/s/e/noto3demoji/latest/1f575_1f3ff_200d_2642/512.png,512,512,176675,e649597c148d3a306a8c7af96396196c2dd283767bad17b4f138b938f045f4c6
🕵‍♀,Detective,People & Body,1f575_200d_2640,People Body/detective__1f575_200d_2640.png,https://fonts.gstatic.com/s/e/noto3demoji/latest/1f575_200d_2640/512.png,512,512,187653,8cebe04432076d408afbfd15652764824a311a43b1b2df005f00a374961fd85a
🕵🏻‍♀,Detective,People & Body,1f575_1f3fb_200d_2640,People Body/detective__1f575_1f3fb_200d_2640.png,https://fonts.gstatic.com/s/e/noto3demoji/latest/1f575_1f3fb_200d_2640/512.png,512,512,195233,b337d04fa5928268b08ff4fb8bfa92df03e3734325c9465f0830e0cfeb5e821f
🕵🏼‍♀,Detective,People & Body,1f575_1f3fc_200d_2640,People Body/detective__1f575_1f3fc_200d_2640.png,https://fonts.gstatic.com/s/e/noto3demoji/latest/1f575_1f3fc_200d_2640/512.png,512,512,193977,0bff480b79a75bf47fc936d5f145573c6189f9fde6c6bf28798c0a23cc7ee7d5
🕵🏽‍♀,Detective,People & Body,1f575_1f3fd_200d_2640,People Body/detective__1f575_1f3fd_200d_2640.png,https://fonts.gstatic.com/s/e/noto3demoji/latest/1f575_1f3fd_200d_2640/512.png,512,512,189457,7ccdc9b63eb78ea68a3a9990a10f1b2aa3e3a917b0b51ad1150d778094787a1f
🕵🏾‍♀,Detective,People & Body,1f575_1f3fe_200d_2640,People Body/detective__1f575_1f3fe_200d_2640.png,https://fonts.gstatic.com/s/e/noto3demoji/latest/1f575_1f3fe_200d_2640/512.png,512,512,190131,c4d4b13c7c08b8dfbd87d3d419ecef1714896574d0959203640dfc82f3055a5d
🕵🏿‍♀,Detective,People & Body,1f575_1f3ff_200d_2640,People Body/detective__1f575_1f3ff_200d_2640.png,https://fonts.gstatic.com/s/e/noto3demoji/latest/1f575_1f3ff_200d_2640/512.png,512,512,187495,cc15c7d0dd5bffda44cfe60af1b8de5f4b34e7aed0e0a8034c17b7117034930a
💂,Guard,People & Body,1f482,People Body/guard__1f482.png,https://fonts.gstatic.com/s/e/noto3demoji/latest/1f482/512.png,512,512,131842,17be99aca43fcea98623588f8f226880c22964038ab111249e31f13f2d58dbec
💂🏻,Guard,People & Body,1f482_1f3fb,People Body/guard__1f482_1f3fb.png,https://fonts.gstatic.com/s/e/noto3demoji/latest/1f482_1f3fb/512.png,512,512,136824,5d75825450a6ba6aa51175afdc59313326db220a682b7c5cc710dd3115d7e55e
💂🏼,Guard,People & Body,1f482_1f3fc,People Body/guard__1f482_1f3fc.png,https://fonts.gstatic.com/s/e/noto3demoji/latest/1f482_1f3fc/512.png,512,512,135460,50636f74dad750cae90e69bfd864ac39f0931e683e2c176c0522da692af365d2
💂🏽,Guard,People & Body,1f482_1f3fd,People Body/guard__1f482_1f3fd.png,https://fonts.gstatic.com/s/e/noto3demoji/latest/1f482_1f3fd/512.png,512,512,132412,d0f990230bbfe71ddee401f80c8b292aed369b192b6e33abe1e33cc84e6a5746
💂🏾,Guard,People & Body,1f482_1f3fe,People Body/guard__1f482_1f3fe.png,https://fonts.gstatic.com/s/e/noto3demoji/latest/1f482_1f3fe/512.png,512,512,131559,354b3e1724215d5645d2845bdf5e5992785cb14d3d8751a04aa547006ae708f0
💂🏿,Guard,People & Body,1f482_1f3ff,People Body/guard__1f482_1f3ff.png,https://fonts.gstatic.com/s/e/noto3demoji/latest/1f482_1f3ff/512.png,512,512,129997,1cb818177dfbb5aa34dcaf0d3a7f295d7e981456c2f1dc5d9d98e74756c4b154
💂‍♂,Guard,People & Body,1f482_200d_2642,People Body/guard__1f482_200d_2642.png,https://fonts.gstatic.com/s/e/noto3demoji/latest/1f482_200d_2642/512.png,512,512,124424,ee69ef2f3aa0c8a56ec00cdf9b6ac110fcd75767d64ba8660437a72efddaf9fb
💂🏻‍♂,Guard,People & Body,1f482_1f3fb_200d_2642,People Body/guard__1f482_1f3fb_200d_2642.png,https://fonts.gstatic.com/s/e/noto3demoji/latest/1f482_1f3fb_200d_2642/512.png,512,512,128838,3f3abc6d108dd0aedfa0c8e940a2a78d662485d6366570de234475b0de406bea
💂🏼‍♂,Guard,People & Body,1f482_1f3fc_200d_2642,People Body/guard__1f482_1f3fc_200d_2642.png,https://fonts.gstatic.com/s/e/noto3demoji/latest/1f482_1f3fc_200d_2642/512.png,512,512,127882,1c322c7ad76279fb39aeeb90b65daf5c1a3a91a3d16d09f3313cd3a09760dd12
💂🏽‍♂,Guard,People & Body,1f482_1f3fd_200d_2642,People Body/guard__1f482_1f3fd_200d_2642.png,https://fonts.gstatic.com/s/e/noto3demoji/latest/1f482_1f3fd_200d_2642/512.png,512,512,124476,32879f8905bec2124cb67daa122e87ab307de1e6c28e5899d1e49c66b175d1cc
💂🏾‍♂,Guard,People & Body,1f482_1f3fe_200d_2642,People Body/guard__1f482_1f3fe_200d_2642.png,https://fonts.gstatic.com/s/e/noto3demoji/latest/1f482_1f3fe_200d_2642/512.png,512,512,124580,27d2cdbe7372e201496d62b966a5f07447f8d38016c6d01659f4a573d0f87fee
💂🏿‍♂,Guard,People & Body,1f482_1f3ff_200d_2642,People Body/guard__1f482_1f3ff_200d_2642.png,https://fonts.gstatic.com/s/e/noto3demoji/latest/1f482_1f3ff_200d_2642/512.png,512,512,123074,e4316b78c4137f68faf6c4ef05327233c96f2e2a2d5e2cc5e7ad69e64326d3f2
💂‍♀,Guard,People & Body,1f482_200d_2640,People Body/guard__1f482_200d_2640.png,https://fonts.gstatic.com/s/e/noto3demoji/latest/1f482_200d_2640/512.png,512,512,133540,d659cc321c3b941fce3d1489f547dff5c2b6bf80ebdc3cec0b1da6256690aec9
💂🏻‍♀,Guard,People & Body,1f482_1f3fb_200d_2640,People Body/guard__1f482_1f3fb_200d_2640.png,https://fonts.gstatic.com/s/e/noto3demoji/latest/1f482_1f3fb_200d_2640/512.png,512,512,137467,4560dfb2bab4cbdb1e81d2bdb03f64d9417a2d086eb390f33c2d0ccc8ba54487
💂🏼‍♀,Guard,People & Body,1f482_1f3fc_200d_2640,People Body/guard__1f482_1f3fc_200d_2640.png,https://fonts.gstatic.com/s/e/noto3demoji/latest/1f482_1f3fc_200d_2640/512.png,512,512,137003,ce35a0c463cd26198e6459e7a44f9fc9d964c3cb4bffa10f8f43130433175de8
💂🏽‍♀,Guard,People & Body,1f482_1f3fd_200d_2640,People Body/guard__1f482_1f3fd_200d_2640.png,https://fonts.gstatic.com/s/e/noto3demoji/latest/1f482_1f3fd_200d_2640/512.png,512,512,132801,f44c395515da4c9502f54b336f4a4d04ffa8f9d3318435be81f1d491823e9052
💂🏾‍♀,Guard,People & Body,1f482_1f3fe_200d_2640,People Body/guard__1f482_1f3fe_200d_2640.png,https://fonts.gstatic.com/s/e/noto3demoji/latest/1f482_1f3fe_200d_2640/512.png,512,512,132690,14b6f524000c77542bca340f3181cb4558525f4e9d229171cbe8667ae520fba5
💂🏿‍♀,Guard,People & Body,1f482_1f3ff_200d_2640,People Body/guard__1f482_1f3ff_200d_2640.png,https://fonts.gstatic.com/s/e/noto3demoji/latest/1f482_1f3ff_200d_2640/512.png,512,512,130400,0e9d15a13d4bca4b04b5e8350e548f831c9901a9b4e3905dae960dabeb3f6fe0
🥷,Ninja,People & Body,1f977,People Body/ninja__1f977.png,https://fonts.gstatic.com/s/e/noto3demoji/latest/1f977/512.png,512,512,159676,3cb9b1c9c02934a44ce7b89053e57af108446a6b2cc52e4d0179ca6f213f0953
🥷🏻,Ninja,People & Body,1f977_1f3fb,People Body/ninja__1f977_1f3fb.png,https://fonts.gstatic.com/s/e/noto3demoji/latest/1f977_1f3fb/512.png,512,512,161755,30b8dc718d17f416f1157275f8d4ebfeb2db39cb167526443f4997c7e472a01b
🥷🏼,Ninja,People & Body,1f977_1f3fc,People Body/ninja__1f977_1f3fc.png,https://fonts.gstatic.com/s/e/noto3demoji/latest/1f977_1f3fc/512.png,512,512,160461,51f6a926ecbde5f0e4c111f098a62d1088550f4caafe07d404e6808a3a5f0448
🥷🏽,Ninja,People & Body,1f977_1f3fd,People Body/ninja__1f977_1f3fd.png,https://fonts.gstatic.com/s/e/noto3demoji/latest/1f977_1f3fd/512.png,512,512,159233,da9b25b082480767f891370f62cf54bb8c88e2d9e862799ae51f0d5ecc746f22
🥷🏾,Ninja,People & Body,1f977_1f3fe,People Body/ninja__1f977_1f3fe.png,https://fonts.gstatic.com/s/e/noto3demoji/latest/1f977_1f3fe/512.png,512,512,158121,8601e8d71a55279dfc90a1a03913236f54489ea1cc42c51a4809e0971dc1f73f
🥷🏿,Ninja,People & Body,1f977_1f3ff,People Body/ninja__1f977_1f3ff.png,https://fonts.gstatic.com/s/e/noto3demoji/latest/1f977_1f3ff/512.png,512,512,156791,c2ff9d070632dcc8b6e00edad39c60312293e34d2d332302213be166074fc981
👷,Construction Worker,People & Body,1f477,People Body/construction-worker__1f477.png,https://fonts.gstatic.com/s/e/noto3demoji/latest/1f477/512.png,512,512,129823,d29ed289242b7259ed420147b7d46c2a05ba6e716a4bb546edc7e712f2b69f0c
👷🏻,Construction Worker,People & Body,1f477_1f3fb,People Body/construction-worker__1f477_1f3fb.png,https://fonts.gstatic.com/s/e/noto3demoji/latest/1f477_1f3fb/512.png,512,512,141100,3c097fee9275179a9008b17fc29125353c3363d103f45211835d8df3e2d7d658
👷🏼,Construction Worker,People & Body,1f477_1f3fc,People Body/construction-worker__1f477_1f3fc.png,https://fonts.gstatic.com/s/e/noto3demoji/latest/1f477_1f3fc/512.png,512,512,141523,84f1d3fadc179e6b928224aa0cf6672f8dc4570a5e76e33bf6f03e9fd920cd0d
👷🏽,Construction Worker,People & Body,1f477_1f3fd,People Body/construction-worker__1f477_1f3fd.png,https://fonts.gstatic.com/s/e/noto3demoji/latest/1f477_1f3fd/512.png,512,512,134996,cd736951b1219f479f068afc334302bb827a312f838460ca22f5d8bc2d46927e
👷🏾,Construction Worker,People & Body,1f477_1f3fe,People Body/construction-worker__1f477_1f3fe.png,https://fonts.gstatic.com/s/e/noto3demoji/latest/1f477_1f3fe/512.png,512,512,134695,54a21ef687cec8fcb0503813567fb63fcaec430bfcdc4c53278252ca8e819f01
👷🏿,Construction Worker,People & Body,1f477_1f3ff,People Body/construction-worker__1f477_1f3ff.png,https://fonts.gstatic.com/s/e/noto3demoji/latest/1f477_1f3ff/512.png,512,512,131606,abee6a62c3db9df124b910302f50635850dfe24467a763e199dc7e3a8b7d807f
👷‍♂,Construction Worker,People & Body,1f477_200d_2642,People Body/construction-worker__1f477_200d_2642.png,https://fonts.gstatic.com/s/e/noto3demoji/latest/1f477_200d_2642/512.png,512,512,115355,869088d6f82d150807297f60df81773fc9fa2016cb326c4fba1b3346e96be5a0
👷🏻‍♂,Construction Worker,People & Body,1f477_1f3fb_200d_2642,People Body/construction-worker__1f477_1f3fb_200d_2642.png,https://fonts.gstatic.com/s/e/noto3demoji/latest/1f477_1f3fb_200d_2642/512.png,512,512,125242,875cffda93d4748493bd246b96fbea4ce0c8e15fce8f63c9f30edf5718bed6a3
👷🏼‍♂,Construction Worker,People & Body,1f477_1f3fc_200d_2642,People Body/construction-worker__1f477_1f3fc_200d_2642.png,https://fonts.gstatic.com/s/e/noto3demoji/latest/1f477_1f3fc_200d_2642/512.png,512,512,123670,ca837eb801f74c664afd9406c590492cab41e6b8f62ee3873b9f40f290bc51b0
👷🏽‍♂,Construction Worker,People & Body,1f477_1f3fd_200d_2642,People Body/construction-worker__1f477_1f3fd_200d_2642.png,https://fonts.gstatic.com/s/e/noto3demoji/latest/1f477_1f3fd_200d_2642/512.png,512,512,119872,4b0acbddfa633bcea7e32113e62a58950182c3ba1d964001b3449d41f357cb74
👷🏾‍♂,Construction Worker,People & Body,1f477_1f3fe_200d_2642,People Body/construction-worker__1f477_1f3fe_200d_2642.png,https://fonts.gstatic.com/s/e/noto3demoji/latest/1f477_1f3fe_200d_2642/512.png,512,512,119795,bdd9b1ee62ed6e39cf331207db225b2375a1918f0efccf3c0681aa4c8ee09282
👷🏿‍♂,Construction Worker,People & Body,1f477_1f3ff_200d_2642,People Body/construction-worker__1f477_1f3ff_200d_2642.png,https://fonts.gstatic.com/s/e/noto3demoji/latest/1f477_1f3ff_200d_2642/512.png,512,512,117144,fdb2c4886f32100804551300ca418fafdef60c9db8cc0bc4ea01880a871a654f
👷‍♀,Construction Worker,People & Body,1f477_200d_2640,People Body/construction-worker__1f477_200d_2640.png,https://fonts.gstatic.com/s/e/noto3demoji/latest/1f477_200d_2640/512.png,512,512,130959,eed42d75866b71bb3290ce5bfc188ba527dd637e3db653a82e110b5bff8be181
👷🏻‍♀,Construction Worker,People & Body,1f477_1f3fb_200d_2640,People Body/construction-worker__1f477_1f3fb_200d_2640.png,https://fonts.gstatic.com/s/e/noto3demoji/latest/1f477_1f3fb_200d_2640/512.png,512,512,141143,912b201e91645ddf2ec65f67385139f584d107139d4f07a69b3b7db5f6475fa8
👷🏼‍♀,Construction Worker,People & Body,1f477_1f3fc_200d_2640,People Body/construction-worker__1f477_1f3fc_200d_2640.png,https://fonts.gstatic.com/s/e/noto3demoji/latest/1f477_1f3fc_200d_2640/512.png,512,512,140725,dd20e53fb8425d925e7028968a98bf2053035c0ea28cee6add009f6ab23504b6
👷🏽‍♀,Construction Worker,People & Body,1f477_1f3fd_200d_2640,People Body/construction-worker__1f477_1f3fd_200d_2640.png,https://fonts.gstatic.com/s/e/noto3demoji/latest/1f477_1f3fd_200d_2640/512.png,512,512,134241,71ad07aff3b3a7d1cf565ab10d80400ba3547642e269189faed3b981e42d8064
👷🏾‍♀,Construction Worker,People & Body,1f477_1f3fe_200d_2640,People Body/construction-worker__1f477_1f3fe_200d_2640.png,https://fonts.gstatic.com/s/e/noto3demoji/latest/1f477_1f3fe_200d_2640/512.png,512,512,133515,284891b26097b381960f1408c3fe9f61c389414386d2e8ff889d3f2b985339c9
👷🏿‍♀,Construction Worker,People & Body,1f477_1f3ff_200d_2640,People Body/construction-worker__1f477_1f3ff_200d_2640.png,https://fonts.gstatic.com/s/e/noto3demoji/latest/1f477_1f3ff_200d_2640/512.png,512,512,130365,fe3e051a17d7282af9035638ec9d453f01a63a3438dc9e759356b9ec320b91e4
🫅,Royalty,People & Body,1fac5,People Body/royalty__1fac5.png,https://fonts.gstatic.com/s/e/noto3demoji/latest/1fac5/512.png,512,512,145507,ec87f2ea1c0d042d4e3218cdd4e174cee6c63be5700939e0b896a333eee3154d
🫅🏻,Royalty,People & Body,1fac5_1f3fb,People Body/royalty__1fac5_1f3fb.png,https://fonts.gstatic.com/s/e/noto3demoji/latest/1fac5_1f3fb/512.png,512,512,157305,961b0c052e548e175698ec67be1dc347e59a4d105886698ac9a13349da00b13b
🫅🏼,Royalty,People & Body,1fac5_1f3fc,People Body/royalty__1fac5_1f3fc.png,https://fonts.gstatic.com/s/e/noto3demoji/latest/1fac5_1f3fc/512.png,512,512,158574,7af6ea25476cf56805cda68a9ab9c654a3ee06ad1219dd3b4ab56e54863f62d0
🫅🏽,Royalty,People & Body,1fac5_1f3fd,People Body/royalty__1fac5_1f3fd.png,https://fonts.gstatic.com/s/e/noto3demoji/latest/1fac5_1f3fd/512.png,512,512,153456,3921090d22a1c4d4e050d5664b5384eb200c54490c78056b0326081483e91f3a
🫅🏾,Royalty,People & Body,1fac5_1f3fe,People Body/royalty__1fac5_1f3fe.png,https://fonts.gstatic.com/s/e/noto3demoji/latest/1fac5_1f3fe/512.png,512,512,152224,9cd29b23acff7b93a4966f8a876c4ba62d812eb2a519dd62014c3c748e9d3db8
🫅🏿,Royalty,People & Body,1fac5_1f3ff,People Body/royalty__1fac5_1f3ff.png,https://fonts.gstatic.com/s/e/noto3demoji/latest/1fac5_1f3ff/512.png,512,512,148880,dd5801368fe548b4a129ff6ba4b0fe7b06ab99e666a96aeac51613c396f5816e
🤴,Royalty,People & Body,1f934,People Body/royalty__1f934.png,https://fonts.gstatic.com/s/e/noto3demoji/latest/1f934/512.png,512,512,131067,8b43dbf4d2fe7042ef41eb17a9253594154f0a4136fbdb6c1cbb64b1a7186c44
🤴🏻,Royalty,People & Body,1f934_1f3fb,People Body/royalty__1f934_1f3fb.png,https://fonts.gstatic.com/s/e/noto3demoji/latest/1f934_1f3fb/512.png,512,512,144503,87d3e234dc9493a1ff767b5dd4f4ea73b65028c88cb720a25c4967dcc47b0378
🤴🏼,Royalty,People & Body,1f934_1f3fc,People Body/royalty__1f934_1f3fc.png,https://fonts.gstatic.com/s/e/noto3demoji/latest/1f934_1f3fc/512.png,512,512,145702,a726ba88f41d8d6deb5465670dbfeabbf399c8ac77ff76c9b28978355a12edd4
🤴🏽,Royalty,People & Body,1f934_1f3fd,People Body/royalty__1f934_1f3fd.png,https://fonts.gstatic.com/s/e/noto3demoji/latest/1f934_1f3fd/512.png,512,512,140991,9a18ab324c1adbf414c00fa87578366e0ec7590c0b3c45d98a1d9475622fc562
🤴🏾,Royalty,People & Body,1f934_1f3fe,People Body/royalty__1f934_1f3fe.png,https://fonts.gstatic.com/s/e/noto3demoji/latest/1f934_1f3fe/512.png,512,512,141264,0b5cc629449bc11b66c9d4912f517e02c95c4647dab05e11250aa8f73da6bd35
🤴🏿,Royalty,People & Body,1f934_1f3ff,People Body/royalty__1f934_1f3ff.png,https://fonts.gstatic.com/s/e/noto3demoji/latest/1f934_1f3ff/512.png,512,512,138741,6a0505933fd4b278f35841199dd15bf86001ef4598a113482038242fd174ab02
👸,Royalty,People & Body,1f478,People Body/royalty__1f478.png,https://fonts.gstatic.com/s/e/noto3demoji/latest/1f478/512.png,512,512,152919,32e8d11aa18587a0676fc5e63e2d49cf288c935a64b909a7fb2a7144c436e0b2
👸🏻,Royalty,People & Body,1f478_1f3fb,People Body/royalty__1f478_1f3fb.png,https://fonts.gstatic.com/s/e/noto3demoji/latest/1f478_1f3fb/512.png,512,512,163868,a91a759ee1d4789156796973cc58483476beae24725ad6a4569ac631df345bdc
👸🏼,Royalty,People & Body,1f478_1f3fc,People Body/royalty__1f478_1f3fc.png,https://fonts.gstatic.com/s/e/noto3demoji/latest/1f478_1f3fc/512.png,512,512,164600,901fb311450c5b29ad60d103b40e1543e00f1a9344ba5b133b39185032ba4c05
👸🏽,Royalty,People & Body,1f478_1f3fd,People Body/royalty__1f478_1f3fd.png,https://fonts.gstatic.com/s/e/noto3demoji/latest/1f478_1f3fd/512.png,512,512,158906,b5d6ae9e604904dd2e595a81c0ea2b116eb80b93bff53deaaa828de1f176421b
👸🏾,Royalty,People & Body,1f478_1f3fe,People Body/royalty__1f478_1f3fe.png,https://fonts.gstatic.com/s/e/noto3demoji/latest/1f478_1f3fe/512.png,512,512,158007,3fdd074eea2b7ddf3a465a4bcbd7e12021c43a506ea2bfc5d5627b1b4a5ccd97
👸🏿,Royalty,People & Body,1f478_1f3ff,People Body/royalty__1f478_1f3ff.png,https://fonts.gstatic.com/s/e/noto3demoji/latest/1f478_1f3ff/512.png,512,512,155137,0453bcf0732dd011434bf83f5487f94ffea7acdefdbe27d5099d220a344a0d7d
👳,Turban,People & Body,1f473,People Body/turban__1f473.png,https://fonts.gstatic.com/s/e/noto3demoji/latest/1f473/512.png,512,512,151711,4754227181ae5cab7590fad165eadcaa4c997104b20e2b6d8f928b7ef0c68b54
👳🏻,Turban,People & Body,1f473_1f3fb,People Body/turban__1f473_1f3fb.png,https://fonts.gstatic.com/s/e/noto3demoji/latest/1f473_1f3fb/512.png,512,512,160941,c7fd3889b74841790c9799183278b79299ae39988e59daab99e4e8ab9eb5f7d5
👳🏼,Turban,People & Body,1f473_1f3fc,People Body/turban__1f473_1f3fc.png,https://fonts.gstatic.com/s/e/noto3demoji/latest/1f473_1f3fc/512.png,512,512,160799,00d76798c37ebdbc32654d9d77a709d1b17d77049d8157e169cd908187dec7fd
👳🏽,Turban,People & Body,1f473_1f3fd,People Body/turban__1f473_1f3fd.png,https://fonts.gstatic.com/s/e/noto3demoji/latest/1f473_1f3fd/512.png,512,512,155929,cf20d8b1c49a6f5f6026e3b640e74fc50d86086cc4f2a41b07d7a016b7cccab8
👳🏾,Turban,People & Body,1f473_1f3fe,People Body/turban__1f473_1f3fe.png,https://fonts.gstatic.com/s/e/noto3demoji/latest/1f473_1f3fe/512.png,512,512,155274,72ab05276fcb2730ed0cb80c40b14d90d64d04e307c1478a54195986436b8892
👳🏿,Turban,People & Body,1f473_1f3ff,People Body/turban__1f473_1f3ff.png,https://fonts.gstatic.com/s/e/noto3demoji/latest/1f473_1f3ff/512.png,512,512,151941,21508275b71c7d758c28d297462ba5b19676227d1ed3b471ee3392c1d7beaca8
👳‍♂,Turban,People & Body,1f473_200d_2642,People Body/turban__1f473_200d_2642.png,https://fonts.gstatic.com/s/e/noto3demoji/latest/1f473_200d_2642/512.png,512,512,132045,205f7d1fba36708dadf740c746224bae7a98f3060703d5cae13805b8e049e2e1
👳🏻‍♂,Turban,People & Body,1f473_1f3fb_200d_2642,People Body/turban__1f473_1f3fb_200d_2642.png,https://fonts.gstatic.com/s/e/noto3demoji/latest/1f473_1f3fb_200d_2642/512.png,512,512,140851,e78f4e9f9000132a922f0fe272dbf2eb410f46b7007d7fbf79a35790ef15cfea
👳🏼‍♂,Turban,People & Body,1f473_1f3fc_200d_2642,People Body/turban__1f473_1f3fc_200d_2642.png,https://fonts.gstatic.com/s/e/noto3demoji/latest/1f473_1f3fc_200d_2642/512.png,512,512,139496,ab5db2c00b535be9f55faf5a8002edf4c2229a6353da1e164a58aa92a7221644
👳🏽‍♂,Turban,People & Body,1f473_1f3fd_200d_2642,People Body/turban__1f473_1f3fd_200d_2642.png,https://fonts.gstatic.com/s/e/noto3demoji/latest/1f473_1f3fd_200d_2642/512.png,512,512,135412,046604430bf70c624b4c402efd2840d8a1b2d8c6983dd675935422bc5cd67629
👳🏾‍♂,Turban,People & Body,1f473_1f3fe_200d_2642,People Body/turban__1f473_1f3fe_200d_2642.png,https://fonts.gstatic.com/s/e/noto3demoji/latest/1f473_1f3fe_200d_2642/512.png,512,512,135917,913afc99d803400d735dbb74b6d43d30df54c78114151bf01f6b216f20baf5d7
👳🏿‍♂,Turban,People & Body,1f473_1f3ff_200d_2642,People Body/turban__1f473_1f3ff_200d_2642.png,https://fonts.gstatic.com/s/e/noto3demoji/latest/1f473_1f3ff_200d_2642/512.png,512,512,133305,cdf3c6a1855862095a4221ea896da227d71710a7be1cedd963ab0675862d1443
👳‍♀,Turban,People & Body,1f473_200d_2640,People Body/turban__1f473_200d_2640.png,https://fonts.gstatic.com/s/e/noto3demoji/latest/1f473_200d_2640/512.png,512,512,145315,5a55f5679992f8e7da8bd637965d0387d7d46f1909984dc8badd34d44a13acb0
👳🏻‍♀,Turban,People & Body,1f473_1f3fb_200d_2640,People Body/turban__1f473_1f3fb_200d_2640.png,https://fonts.gstatic.com/s/e/noto3demoji/latest/1f473_1f3fb_200d_2640/512.png,512,512,153316,e908e7d214887ba5dd5593148aa0eab6d22795a9c93730eff07df56f952b8194
👳🏼‍♀,Turban,People & Body,1f473_1f3fc_200d_2640,People Body/turban__1f473_1f3fc_200d_2640.png,https://fonts.gstatic.com/s/e/noto3demoji/latest/1f473_1f3fc_200d_2640/512.png,512,512,151157,0f9990d90aadacc491d46930ef69f1cdaee344ffd4bb74559cd4c13e97042a77
👳🏽‍♀,Turban,People & Body,1f473_1f3fd_200d_2640,People Body/turban__1f473_1f3fd_200d_2640.png,https://fonts.gstatic.com/s/e/noto3demoji/latest/1f473_1f3fd_200d_2640/512.png,512,512,147107,769c2d34f4f32ebb52d2db15110479e53438c5f30685990d2d0b54a718db514b
👳🏾‍♀,Turban,People & Body,1f473_1f3fe_200d_2640,People Body/turban__1f473_1f3fe_200d_2640.png,https://fonts.gstatic.com/s/e/noto3demoji/latest/1f473_1f3fe_200d_2640/512.png,512,512,148002,d7877db7e854a6ff0be5119bab11e3e14433f2e3f9ecb8e5560f340493fa2419
👳🏿‍♀,Turban,People & Body,1f473_1f3ff_200d_2640,People Body/turban__1f473_1f3ff_200d_2640.png,https://fonts.gstatic.com/s/e/noto3demoji/latest/1f473_1f3ff_200d_2640/512.png,512,512,145347,dd6e071a7a6042f92e356470ef71503d715b4740ddc4e5821237e34121c8624f
👲,Gua Pi Mao,People & Body,1f472,People Body/gua-pi-mao__1f472.png,https://fonts.gstatic.com/s/e/noto3demoji/latest/1f472/512.png,512,512,144692,748ebf978f42dd7562db3ba3f03c2f9d5317d28bb6dcc602c2e6856e63dcd5ea
👲🏻,Gua Pi Mao,People & Body,1f472_1f3fb,People Body/gua-pi-mao__1f472_1f3fb.png,https://fonts.gstatic.com/s/e/noto3demoji/latest/1f472_1f3fb/512.png,512,512,154076,546226080d4002d26f31f2423fd4b2ffccf0e388af4a01bee7f2c15cb777090a
👲🏼,Gua Pi Mao,People & Body,1f472_1f3fc,People Body/gua-pi-mao__1f472_1f3fc.png,https://fonts.gstatic.com/s/e/noto3demoji/latest/1f472_1f3fc/512.png,512,512,153959,84c0ee0265784493e805f6c5ea11d0a39f68be4d5480b4c99ec709b3438836c8
👲🏽,Gua Pi Mao,People & Body,1f472_1f3fd,People Body/gua-pi-mao__1f472_1f3fd.png,https://fonts.gstatic.com/s/e/noto3demoji/latest/1f472_1f3fd/512.png,512,512,148284,510a3f727ffc908f0d954c84dd5fc3272737f6a042ba1005862e3ff41aef090b
👲🏾,Gua Pi Mao,People & Body,1f472_1f3fe,People Body/gua-pi-mao__1f472_1f3fe.png,https://fonts.gstatic.com/s/e/noto3demoji/latest/1f472_1f3fe/512.png,512,512,147466,2bdd75422b8fed86554f8a4567689cd52fe95de117b0fab19dcdb12aa91a62be
👲🏿,Gua Pi Mao,People & Body,1f472_1f3ff,People Body/gua-pi-mao__1f472_1f3ff.png,https://fonts.gstatic.com/s/e/noto3demoji/latest/1f472_1f3ff/512.png,512,512,144560,82ad0aae913ad94e67ba0652f1a4647438f037c10fd7583ec3c3edff8aa70fcc
🧕,Headscarf,People & Body,1f9d5,People Body/headscarf__1f9d5.png,https://fonts.gstatic.com/s/e/noto3demoji/latest/1f9d5/512.png,512,512,182205,2c2df611206ba839eb7a544643118d4758b762fd99e9543ab48258f29e9c03c6
🧕🏻,Headscarf,People & Body,1f9d5_1f3fb,People Body/headscarf__1f9d5_1f3fb.png,https://fonts.gstatic.com/s/e/noto3demoji/latest/1f9d5_1f3fb/512.png,512,512,186635,01e2b0fa192661d19a3e8d5a015f9bdabf6dd8f11eaa7ceaa85e7d79efb814aa
🧕🏼,Headscarf,People & Body,1f9d5_1f3fc,People Body/headscarf__1f9d5_1f3fc.png,https://fonts.gstatic.com/s/e/noto3demoji/latest/1f9d5_1f3fc/512.png,512,512,186473,592e0b5be45620284fab33e4288dd940f267717497193c981df939a3e8d1d005
🧕🏽,Headscarf,People & Body,1f9d5_1f3fd,People Body/headscarf__1f9d5_1f3fd.png,https://fonts.gstatic.com/s/e/noto3demoji/latest/1f9d5_1f3fd/512.png,512,512,183764,710fe5d109e28e0a92bf84904fe24bc30729d3e4aa713527408a74518a0fff4d
🧕🏾,Headscarf,People & Body,1f9d5_1f3fe,People Body/headscarf__1f9d5_1f3fe.png,https://fonts.gstatic.com/s/e/noto3demoji/latest/1f9d5_1f3fe/512.png,512,512,184273,d1fc53003c875e0712464af6619d5a421b86bfca5f3276a35990c20771874ebf
🧕🏿,Headscarf,People & Body,1f9d5_1f3ff,People Body/headscarf__1f9d5_1f3ff.png,https://fonts.gstatic.com/s/e/noto3demoji/latest/1f9d5_1f3ff/512.png,512,512,181744,480c12afda85cd1218a21cc574cbf67058454843f819181326b6eefd2a002a38
🤵,Tuxedo,People & Body,1f935,People Body/tuxedo__1f935.png,https://fonts.gstatic.com/s/e/noto3demoji/latest/1f935/512.png,512,512,152265,5eb45aed1c51c8034c1492811e9747f3268cee80ebceeaff164a23c221066f0e
🤵🏻,Tuxedo,People & Body,1f935_1f3fb,People Body/tuxedo__1f935_1f3fb.png,https://fonts.gstatic.com/s/e/noto3demoji/latest/1f935_1f3fb/512.png,512,512,162145,1cd625ed901c196e4b71bd3f259408b7490abd31fbc47ba46a986148796d239d
🤵🏼,Tuxedo,People & Body,1f935_1f3fc,People Body/tuxedo__1f935_1f3fc.png,https://fonts.gstatic.com/s/e/noto3demoji/latest/1f935_1f3fc/512.png,512,512,166045,1be348a6c48c2aad05642387f6a61a627af8c6629fd764c8313486ad0c5c589b
🤵🏽,Tuxedo,People & Body,1f935_1f3fd,People Body/tuxedo__1f935_1f3fd.png,https://fonts.gstatic.com/s/e/noto3demoji/latest/1f935_1f3fd/512.png,512,512,156518,29c016bfebfd30949eb104527aaf986561307f57343ec0b03ea93b8f9773d8da
🤵🏾,Tuxedo,People & Body,1f935_1f3fe,People Body/tuxedo__1f935_1f3fe.png,https://fonts.gstatic.com/s/e/noto3demoji/latest/1f935_1f3fe/512.png,512,512,156740,70f4ebb4689f53feb30743c48a8a171eafafc8aa27f8a3f38b139eb4145173a5
🤵🏿,Tuxedo,People & Body,1f935_1f3ff,People Body/tuxedo__1f935_1f3ff.png,https://fonts.gstatic.com/s/e/noto3demoji/latest/1f935_1f3ff/512.png,512,512,151334,2d2897296bdbfceed3c72f355860b671a0d6d90e324eb7d86e772637dd2c7125
🤵‍♂,Tuxedo,People & Body,1f935_200d_2642,People Body/tuxedo__1f935_200d_2642.png,https://fonts.gstatic.com/s/e/noto3demoji/latest/1f935_200d_2642/512.png,512,512,122714,8ce9dfd8d57a893263529c99f9e485f5b64c5066191a4d8774c6191c7ce09972
🤵🏻‍♂,Tuxedo,People & Body,1f935_1f3fb_200d_2642,People Body/tuxedo__1f935_1f3fb_200d_2642.png,https://fonts.gstatic.com/s/e/noto3demoji/latest/1f935_1f3fb_200d_2642/512.png,512,512,133038,f6f387b6f03ffec6ba6d05d642ba99bed39796b35ace1d199577829da1f92e06
🤵🏼‍♂,Tuxedo,People & Body,1f935_1f3fc_200d_2642,People Body/tuxedo__1f935_1f3fc_200d_2642.png,https://fonts.gstatic.com/s/e/noto3demoji/latest/1f935_1f3fc_200d_2642/512.png,512,512,132979,ad13ac9f9f09a8f99364765ea091efea9868e26c8e150ccaea58d6915f2bfdac
🤵🏽‍♂,Tuxedo,People & Body,1f935_1f3fd_200d_2642,People Body/tuxedo__1f935_1f3fd_200d_2642.png,https://fonts.gstatic.com/s/e/noto3demoji/latest/1f935_1f3fd_200d_2642/512.png,512,512,126866,f81c7015fea084916b0dbfa0d7b8690d31ad8b6f6524d3004c79df6f881f5d5a
🤵🏾‍♂,Tuxedo,People & Body,1f935_1f3fe_200d_2642,People Body/tuxedo__1f935_1f3fe_200d_2642.png,https://fonts.gstatic.com/s/e/noto3demoji/latest/1f935_1f3fe_200d_2642/512.png,512,512,127789,a9ad7d7c46e9a69b3cd289201caa4af3c864db77e300036d0b99f96f1e7ac881
🤵🏿‍♂,Tuxedo,People & Body,1f935_1f3ff_200d_2642,People Body/tuxedo__1f935_1f3ff_200d_2642.png,https://fonts.gstatic.com/s/e/noto3demoji/latest/1f935_1f3ff_200d_2642/512.png,512,512,124726,ff799a90357f33006dafee672fb68618c3b5bdad398a05315cecbbc3d12bc1b1
🤵‍♀,Tuxedo,People & Body,1f935_200d_2640,People Body/tuxedo__1f935_200d_2640.png,https://fonts.gstatic.com/s/e/noto3demoji/latest/1f935_200d_2640/512.png,512,512,150232,07d6b68ec76ae07419a756318f2b283f6c13029ff7700361812d5b81a52d79eb
🤵🏻‍♀,Tuxedo,People & Body,1f935_1f3fb_200d_2640,People Body/tuxedo__1f935_1f3fb_200d_2640.png,https://fonts.gstatic.com/s/e/noto3demoji/latest/1f935_1f3fb_200d_2640/512.png,512,512,158870,158854add45d3681caadd754b627051138300a26eeec35abdcece41d8d47b905
🤵🏼‍♀,Tuxedo,People & Body,1f935_1f3fc_200d_2640,People Body/tuxedo__1f935_1f3fc_200d_2640.png,https://fonts.gstatic.com/s/e/noto3demoji/latest/1f935_1f3fc_200d_2640/512.png,512,512,161123,288f9e8c326f5139c402732e4c0ed95caefefcfd8711c09536002bd07eb78836
🤵🏽‍♀,Tuxedo,People & Body,1f935_1f3fd_200d_2640,People Body/tuxedo__1f935_1f3fd_200d_2640.png,https://fonts.gstatic.com/s/e/noto3demoji/latest/1f935_1f3fd_200d_2640/512.png,512,512,152289,5f63da4fa2c5001352893a62f8ad2b7a92b301686b049a2b1db3f6798252560d
🤵🏾‍♀,Tuxedo,People & Body,1f935_1f3fe_200d_2640,People Body/tuxedo__1f935_1f3fe_200d_2640.png,https://fonts.gstatic.com/s/e/noto3demoji/latest/1f935_1f3fe_200d_2640/512.png,512,512,151661,077e26b115b5a9932ba0228417b877a06ed096d0c33b758df7eec3d496c1c581
🤵🏿‍♀,Tuxedo,People & Body,1f935_1f3ff_200d_2640,People Body/tuxedo__1f935_1f3ff_200d_2640.png,https://fonts.gstatic.com/s/e/noto3demoji/latest/1f935_1f3ff_200d_2640/512.png,512,512,146402,113a103f9c1d42d9a5c9c1bd6d41a5278c2630a79c7e02e208b7a7f8477307a9
👰,Veil,People & Body,1f470,People Body/veil__1f470.png,https://fonts.gstatic.com/s/e/noto3demoji/latest/1f470/512.png,512,512,194380,bc4f8c0076738b29eaa5f6010d3b58e4a33cbfae67b3b142fb4bc5e4bfe6db6d
👰🏻,Veil,People & Body,1f470_1f3fb,People Body/veil__1f470_1f3fb.png,https://fonts.gstatic.com/s/e/noto3demoji/latest/1f470_1f3fb/512.png,512,512,202214,105dacfdde2bae5a7b5065d59dc143537dca61d43fbba5c997f513855ea5ff60
👰🏼,Veil,People & Body,1f470_1f3fc,People Body/veil__1f470_1f3fc.png,https://fonts.gstatic.com/s/e/noto3demoji/latest/1f470_1f3fc/512.png,512,512,203961,427d84399f8fde04dbd1e5ac7deda14707c46153acabec8b40c86b05f53ef84b
👰🏽,Veil,People & Body,1f470_1f3fd,People Body/veil__1f470_1f3fd.png,https://fonts.gstatic.com/s/e/noto3demoji/latest/1f470_1f3fd/512.png,512,512,197692,4dac3e9c8c7aae3df35f7ae2939da87c3a9f0d07ada08c1476e742158ba8dc7d
👰🏾,Veil,People & Body,1f470_1f3fe,People Body/veil__1f470_1f3fe.png,https://fonts.gstatic.com/s/e/noto3demoji/latest/1f470_1f3fe/512.png,512,512,197641,a43155118effeb56943b260478eabbcd2085b4e6aaadc9d5fa77b8ff8c41e95c
👰🏿,Veil,People & Body,1f470_1f3ff,People Body/veil__1f470_1f3ff.png,https://fonts.gstatic.com/s/e/noto3demoji/latest/1f470_1f3ff/512.png,512,512,193018,fa9e42624a7e7a7dea56959f6781793555637152c3ae4d03daccfef8f68b7cf1
👰‍♂,Veil,People & Body,1f470_200d_2642,People Body/veil__1f470_200d_2642.png,https://fonts.gstatic.com/s/e/noto3demoji/latest/1f470_200d_2642/512.png,512,512,178958,06c466fc3bb51df08cbeea0036f7f4851c18bc65192340e9d1424b3c582ebb97
👰🏻‍♂,Veil,People & Body,1f470_1f3fb_200d_2642,People Body/veil__1f470_1f3fb_200d_2642.png,https://fonts.gstatic.com/s/e/noto3demoji/latest/1f470_1f3fb_200d_2642/512.png,512,512,185410,27c4e53c1e4d70b588bd7d00c6cf697b565fa7bc55a278c0cd9a8856063ba382
👰🏼‍♂,Veil,People & Body,1f470_1f3fc_200d_2642,People Body/veil__1f470_1f3fc_200d_2642.png,https://fonts.gstatic.com/s/e/noto3demoji/latest/1f470_1f3fc_200d_2642/512.png,512,512,185060,113ddf29ba6b3f48874c334f88b45d3a8df4e7dfcd538745ec0ac6f212c16857
👰🏽‍♂,Veil,People & Body,1f470_1f3fd_200d_2642,People Body/veil__1f470_1f3fd_200d_2642.png,https://fonts.gstatic.com/s/e/noto3demoji/latest/1f470_1f3fd_200d_2642/512.png,512,512,181039,f800b400fbe69663af0de028ccf43e35c2ce12e3454e94bed7081d65dfad8078
👰🏾‍♂,Veil,People & Body,1f470_1f3fe_200d_2642,People Body/veil__1f470_1f3fe_200d_2642.png,https://fonts.gstatic.com/s/e/noto3demoji/latest/1f470_1f3fe_200d_2642/512.png,512,512,182372,220a4e7441a4c44c2b085585a8b95883f8071d9a1890d47ec77c83a18d490dc1
👰🏿‍♂,Veil,People & Body,1f470_1f3ff_200d_2642,People Body/veil__1f470_1f3ff_200d_2642.png,https://fonts.gstatic.com/s/e/noto3demoji/latest/1f470_1f3ff_200d_2642/512.png,512,512,178233,b1c2cb944c7e74cc94d38a34672be2722f058db0f68a1bb3c8581e36d8200b4e
👰‍♀,Veil,People & Body,1f470_200d_2640,People Body/veil__1f470_200d_2640.png,https://fonts.gstatic.com/s/e/noto3demoji/latest/1f470_200d_2640/512.png,512,512,186900,cda281d0ca7d93f438562851c4c1e0f5cd55240ea4c7f49fd8700d6ec4baf2b1
👰🏻‍♀,Veil,People & Body,1f470_1f3fb_200d_2640,People Body/veil__1f470_1f3fb_200d_2640.png,https://fonts.gstatic.com/s/e/noto3demoji/latest/1f470_1f3fb_200d_2640/512.png,512,512,193513,007d1bce729c659c6c032ebe31a15628d4eaa77ee8ab13a3ccde13f867888179
👰🏼‍♀,Veil,People & Body,1f470_1f3fc_200d_2640,People Body/veil__1f470_1f3fc_200d_2640.png,https://fonts.gstatic.com/s/e/noto3demoji/latest/1f470_1f3fc_200d_2640/512.png,512,512,195708,f3c962952f903fbf351f57e1e961df3777ed59cc564a6e78a3b9b41eb520033e
👰🏽‍♀,Veil,People & Body,1f470_1f3fd_200d_2640,People Body/veil__1f470_1f3fd_200d_2640.png,https://fonts.gstatic.com/s/e/noto3demoji/latest/1f470_1f3fd_200d_2640/512.png,512,512,188557,96c8d0d01388e17666f93b5c24f08c1eb99116626a52599e36f5ec948d35feb7
👰🏾‍♀,Veil,People & Body,1f470_1f3fe_200d_2640,People Body/veil__1f470_1f3fe_200d_2640.png,https://fonts.gstatic.com/s/e/noto3demoji/latest/1f470_1f3fe_200d_2640/512.png,512,512,187970,17ad3020fb23a73425cbabaae879888b6fe6d282dfee58edd23715d8dd1cea0b
👰🏿‍♀,Veil,People & Body,1f470_1f3ff_200d_2640,People Body/veil__1f470_1f3ff_200d_2640.png,https://fonts.gstatic.com/s/e/noto3demoji/latest/1f470_1f3ff_200d_2640/512.png,512,512,183248,de0e6e0bf8489dbd1dc14fca211b4031047e50b6164fe2a4d46cc77f07b958f2
🤰,Pregnant,People & Body,1f930,People Body/pregnant__1f930.png,https://fonts.gstatic.com/s/e/noto3demoji/latest/1f930/512.png,512,512,104417,de7be3ab8a638f1896736e7fe9f1b46ab9c5c27c55e4d4de41dbd2e8083ebc7a
🤰🏻,Pregnant,People & Body,1f930_1f3fb,People Body/pregnant__1f930_1f3fb.png,https://fonts.gstatic.com/s/e/noto3demoji/latest/1f930_1f3fb/512.png,512,512,106978,22d1b5a5f52c7a893fb1447476a3fd6ec084d7bb87bf8774f0f41a2fc72c6e28
🤰🏼,Pregnant,People & Body,1f930_1f3fc,People Body/pregnant__1f930_1f3fc.png,https://fonts.gstatic.com/s/e/noto3demoji/latest/1f930_1f3fc/512.png,512,512,107634,97a5cb57cdfd15dcc3fa3b8096cbf26a40266bc72d14569c8555084492b8949d
🤰🏽,Pregnant,People & Body,1f930_1f3fd,People Body/pregnant__1f930_1f3fd.png,https://fonts.gstatic.com/s/e/noto3demoji/latest/1f930_1f3fd/512.png,512,512,102675,facc94015b823f889091303c4f5b7c8e806ad3d0380e7e0ce08cc3e01a56668e
🤰🏾,Pregnant,People & Body,1f930_1f3fe,People Body/pregnant__1f930_1f3fe.png,https://fonts.gstatic.com/s/e/noto3demoji/latest/1f930_1f3fe/512.png,512,512,102519,90cde1803d766e351aa32b3eebd1c249686c148aed078b3c61a1946fd3f321fd
🤰🏿,Pregnant,People & Body,1f930_1f3ff,People Body/pregnant__1f930_1f3ff.png,https://fonts.gstatic.com/s/e/noto3demoji/latest/1f930_1f3ff/512.png,512,512,100247,1aa2dd08bd5f50ce25954f7dc6ceda943b69107cc52481b4687038f968494aa2
🫃,Pregnant,People & Body,1fac3,People Body/pregnant__1fac3.png,https://fonts.gstatic.com/s/e/noto3demoji/latest/1fac3/512.png,512,512,101509,b49a4125f0194344762e3846f12e35d30b478b6227274b562c8b0d43282b1b3d
🫃🏻,Pregnant,People & Body,1fac3_1f3fb,People Body/pregnant__1fac3_1f3fb.png,https://fonts.gstatic.com/s/e/noto3demoji/latest/1fac3_1f3fb/512.png,512,512,103930,41cb82b8f46b21c9be75f7a397c286a495586ebb99d35b827080b8a4a2be4938
🫃🏼,Pregnant,People & Body,1fac3_1f3fc,People Body/pregnant__1fac3_1f3fc.png,https://fonts.gstatic.com/s/e/noto3demoji/latest/1fac3_1f3fc/512.png,512,512,105243,f3c28d57949a768e192468dea66488e9e40ce58dcd9e7774aabbdbbbe96d8432
🫃🏽,Pregnant,People & Body,1fac3_1f3fd,People Body/pregnant__1fac3_1f3fd.png,https://fonts.gstatic.com/s/e/noto3demoji/latest/1fac3_1f3fd/512.png,512,512,98815,09d2d87306f19c96c6dd44b7b47a08cb9f6de5c0e3335621c7722b64cabd9dde
🫃🏾,Pregnant,People & Body,1fac3_1f3fe,People Body/pregnant__1fac3_1f3fe.png,https://fonts.gstatic.com/s/e/noto3demoji/latest/1fac3_1f3fe/512.png,512,512,100706,6c67e15996b717ce644d7c134eafae359344068f5054a39bcc818b0debb30075
🫃🏿,Pregnant,People & Body,1fac3_1f3ff,People Body/pregnant__1fac3_1f3ff.png,https://fonts.gstatic.com/s/e/noto3demoji/latest/1fac3_1f3ff/512.png,512,512,96837,f11848cdc259e9c40eb3b5271ab12ff288129ac7d4d0976796a53956ab603f85
🫄,Pregnant,People & Body,1fac4,People Body/pregnant__1fac4.png,https://fonts.gstatic.com/s/e/noto3demoji/latest/1fac4/512.png,512,512,95126,1c1dd850762a5bdc5adf274856d70d47c5d4c61575a0b15043903922ddb56178
🫄🏻,Pregnant,People & Body,1fac4_1f3fb,People Body/pregnant__1fac4_1f3fb.png,https://fonts.gstatic.com/s/e/noto3demoji/latest/1fac4_1f3fb/512.png,512,512,97911,40739dd7187eb481b316e78330e672ee7a7f663bf7b924bc304da8cf1d17791d
🫄🏼,Pregnant,People & Body,1fac4_1f3fc,People Body/pregnant__1fac4_1f3fc.png,https://fonts.gstatic.com/s/e/noto3demoji/latest/1fac4_1f3fc/512.png,512,512,100296,a8a8e8db40a9f2cd48186aa515f3a6d3812e754e1baf287823613471e19bbdfb
🫄🏽,Pregnant,People & Body,1fac4_1f3fd,People Body/pregnant__1fac4_1f3fd.png,https://fonts.gstatic.com/s/e/noto3demoji/latest/1fac4_1f3fd/512.png,512,512,94655,247c9a6d06bae02c475e6481d28a0789274617a4e9e0cc11a30a34cf19151b44
🫄🏾,Pregnant,People & Body,1fac4_1f3fe,People Body/pregnant__1fac4_1f3fe.png,https://fonts.gstatic.com/s/e/noto3demoji/latest/1fac4_1f3fe/512.png,512,512,95318,2b75bcccd99951108b83ef67a015ecc2f5de1c74e1623692f77ba1e5f24b3201
🫄🏿,Pregnant,People & Body,1fac4_1f3ff,People Body/pregnant__1fac4_1f3ff.png,https://fonts.gstatic.com/s/e/noto3demoji/latest/1fac4_1f3ff/512.png,512,512,93109,3fde811741b42152d967e8c794388e527604fcd350b75ab8cca79f1baf537971
🤱,Breast Feeding,People & Body,1f931,People Body/breast-feeding__1f931.png,https://fonts.gstatic.com/s/e/noto3demoji/latest/1f931/512.png,512,512,138092,89307a75af7ffcf7c85b76bf00c078b4b0bdb3f26fb10fc5d1eddb3a8b5f94b9
🤱🏻,Breast Feeding,People & Body,1f931_1f3fb,People Body/breast-feeding__1f931_1f3fb.png,https://fonts.gstatic.com/s/e/noto3demoji/latest/1f931_1f3fb/512.png,512,512,139922,adf6dfe5bcd97a8bf08d56cc47de5a17ccd36364592376d334a36123ec494a90
🤱🏼,Breast Feeding,People & Body,1f931_1f3fc,People Body/breast-feeding__1f931_1f3fc.png,https://fonts.gstatic.com/s/e/noto3demoji/latest/1f931_1f3fc/512.png,512,512,142623,1bb14c208a995c6f55334d5eaf21b389adafcf4b7408041fb0a8681edae7dd4a
🤱🏽,Breast Feeding,People & Body,1f931_1f3fd,People Body/breast-feeding__1f931_1f3fd.png,https://fonts.gstatic.com/s/e/noto3demoji/latest/1f931_1f3fd/512.png,512,512,135983,628418bceea774c694fa823c3c96aada77799e1137faf21304cb0c4a94830965
🤱🏾,Breast Feeding,People & Body,1f931_1f3fe,People Body/breast-feeding__1f931_1f3fe.png,https://fonts.gstatic.com/s/e/noto3demoji/latest/1f931_1f3fe/512.png,512,512,137376,8ba5baeb49f45fcd2d9b3daaa19f2fa140c0367f3cf96cca4b18573dce2aa52f
🤱🏿,Breast Feeding,People & Body,1f931_1f3ff,People Body/breast-feeding__1f931_1f3ff.png,https://fonts.gstatic.com/s/e/noto3demoji/latest/1f931_1f3ff/512.png,512,512,133718,3d46356b344a8951ab3fc76c9e055435ebd887f760dd5d4c2ef80cbf8b4569f0
👩‍🍼,Person Feeding Baby,People & Body,1f469_200d_1f37c,People Body/person-feeding-baby__1f469_200d_1f37c.png,https://fonts.gstatic.com/s/e/noto3demoji/latest/1f469_200d_1f37c/512.png,512,512,146693,a381b251f3096e99665214de9c90619a78cf4d87bfb7a552ccd29140b2f8e232
👩🏻‍🍼,Person Feeding Baby,People & Body,1f469_1f3fb_200d_1f37c,People Body/person-feeding-baby__1f469_1f3fb_200d_1f37c.png,https://fonts.gstatic.com/s/e/noto3demoji/latest/1f469_1f3fb_200d_1f37c/512.png,512,512,148859,759afbc10463d547b9e60dda5386c1e17a5a86a7996dd2e70eead37f0ac043e4
👩🏼‍🍼,Person Feeding Baby,People & Body,1f469_1f3fc_200d_1f37c,People Body/person-feeding-baby__1f469_1f3fc_200d_1f37c.png,https://fonts.gstatic.com/s/e/noto3demoji/latest/1f469_1f3fc_200d_1f37c/512.png,512,512,151611,ad5557cf068f1877c2b1136fd9db7a57d1526fa6edcdc31a48f87a4b99299c5d
👩🏽‍🍼,Person Feeding Baby,People & Body,1f469_1f3fd_200d_1f37c,People Body/person-feeding-baby__1f469_1f3fd_200d_1f37c.png,https://fonts.gstatic.com/s/e/noto3demoji/latest/1f469_1f3fd_200d_1f37c/512.png,512,512,145659,9e6b7a181fa5b8d0f516fb50fffbd485b776e35069b4b32228c5e3beb247a0db
👩🏾‍🍼,Person Feeding Baby,People & Body,1f469_1f3fe_200d_1f37c,People Body/person-feeding-baby__1f469_1f3fe_200d_1f37c.png,https://fonts.gstatic.com/s/e/noto3demoji/latest/1f469_1f3fe_200d_1f37c/512.png,512,512,146759,34d00c292b9b50a36309c668dc03c548f4594d2f79f52b7892ad6b23279cae97
👩🏿‍🍼,Person Feeding Baby,People & Body,1f469_1f3ff_200d_1f37c,People Body/person-feeding-baby__1f469_1f3ff_200d_1f37c.png,https://fonts.gstatic.com/s/e/noto3demoji/latest/1f469_1f3ff_200d_1f37c/512.png,512,512,143197,e2d42276ddec5b5a66d9ffadb492d62b34a08e8bbf2904ce863950e1fbedece3
👨‍🍼,Person Feeding Baby,People & Body,1f468_200d_1f37c,People Body/person-feeding-baby__1f468_200d_1f37c.png,https://fonts.gstatic.com/s/e/noto3demoji/latest/1f468_200d_1f37c/512.png,512,512,135209,d58925e388598b3a3e1d1fd0c46ae951e59591944f835bf462eefab2ebbc5fbf
👨🏻‍🍼,Person Feeding Baby,People & Body,1f468_1f3fb_200d_1f37c,People Body/person-feeding-baby__1f468_1f3fb_200d_1f37c.png,https://fonts.gstatic.com/s/e/noto3demoji/latest/1f468_1f3fb_200d_1f37c/512.png,512,512,137578,f523cd24491621349f2b3e03f460567a8cf93a643c08389c6639e4f5587956d7
👨🏼‍🍼,Person Feeding Baby,People & Body,1f468_1f3fc_200d_1f37c,People Body/person-feeding-baby__1f468_1f3fc_200d_1f37c.png,https://fonts.gstatic.com/s/e/noto3demoji/latest/1f468_1f3fc_200d_1f37c/512.png,512,512,138163,2c54105a028d720983ae333dabb0fa81d81c7ecb2106cca4e053510e8623d8b8
👨🏽‍🍼,Person Feeding Baby,People & Body,1f468_1f3fd_200d_1f37c,People Body/person-feeding-baby__1f468_1f3fd_200d_1f37c.png,https://fonts.gstatic.com/s/e/noto3demoji/latest/1f468_1f3fd_200d_1f37c/512.png,512,512,134211,c8cf887a0ec2d69df457150d98f3421440f3c644073c043b40ab990b80fc3d15
👨🏾‍🍼,Person Feeding Baby,People & Body,1f468_1f3fe_200d_1f37c,People Body/person-feeding-baby__1f468_1f3fe_200d_1f37c.png,https://fonts.gstatic.com/s/e/noto3demoji/latest/1f468_1f3fe_200d_1f37c/512.png,512,512,136108,3e1b6942ba95cada6886e9ef5ca312f7914c91f947093349962e81a11c8782c7
👨🏿‍🍼,Person Feeding Baby,People & Body,1f468_1f3ff_200d_1f37c,People Body/person-feeding-baby__1f468_1f3ff_200d_1f37c.png,https://fonts.gstatic.com/s/e/noto3demoji/latest/1f468_1f3ff_200d_1f37c/512.png,512,512,133619,86683920017f04c020492fd729cf2ef3a3663261e0ba7f3af97e10a272516fcb
🧑‍🍼,Person Feeding Baby,People & Body,1f9d1_200d_1f37c,People Body/person-feeding-baby__1f9d1_200d_1f37c.png,https://fonts.gstatic.com/s/e/noto3demoji/latest/1f9d1_200d_1f37c/512.png,512,512,146470,8a33baa3dcd54a49878b1ed85d4122a4e03af4dde406f5b531feef905f90fe7f
🧑🏻‍🍼,Person Feeding Baby,People & Body,1f9d1_1f3fb_200d_1f37c,People Body/person-feeding-baby__1f9d1_1f3fb_200d_1f37c.png,https://fonts.gstatic.com/s/e/noto3demoji/latest/1f9d1_1f3fb_200d_1f37c/512.png,512,512,149564,092678f96c952e3709f3b5ab986b72e830052fd53393c252f46120a038044621
🧑🏼‍🍼,Person Feeding Baby,People & Body,1f9d1_1f3fc_200d_1f37c,People Body/person-feeding-baby__1f9d1_1f3fc_200d_1f37c.png,https://fonts.gstatic.com/s/e/noto3demoji/latest/1f9d1_1f3fc_200d_1f37c/512.png,512,512,152787,15855e9314c824ce137bf2e7434824c1c4b94375b06d808ca82d8eb10c6119dd
🧑🏽‍🍼,Person Feeding Baby,People & Body,1f9d1_1f3fd_200d_1f37c,People Body/person-feeding-baby__1f9d1_1f3fd_200d_1f37c.png,https://fonts.gstatic.com/s/e/noto3demoji/latest/1f9d1_1f3fd_200d_1f37c/512.png,512,512,146780,fd7117ad2bb8b8dbc470e03ca1f40c4afe2ada30a766b488bd30b1c5dfd68888
🧑🏾‍🍼,Person Feeding Baby,People & Body,1f9d1_1f3fe_200d_1f37c,People Body/person-feeding-baby__1f9d1_1f3fe_200d_1f37c.png,https://fonts.gstatic.com/s/e/noto3demoji/latest/1f9d1_1f3fe_200d_1f37c/512.png,512,512,147060,4c9089b82e41bf7172334dc148c573a12111f2b591cf9a223cf273736b89e515
🧑🏿‍🍼,Person Feeding Baby,People & Body,1f9d1_1f3ff_200d_1f37c,People Body/person-feeding-baby__1f9d1_1f3ff_200d_1f37c.png,https://fonts.gstatic.com/s/e/noto3demoji/latest/1f9d1_1f3ff_200d_1f37c/512.png,512,512,143185,a833ab79be1cdddec2e949f4e202937e5f37e521492953865e9068df55c07ee9
👼,Angel,People & Body,1f47c,People Body/angel__1f47c.png,https://fonts.gstatic.com/s/e/noto3demoji/latest/1f47c/512.png,512,512,164711,8a382379f49a7d73dbc6b91f071e5244b70840e6bbcd7bcbfd62e933cd818fcd
👼🏻,Angel,People & Body,1f47c_1f3fb,People Body/angel__1f47c_1f3fb.png,https://fonts.gstatic.com/s/e/noto3demoji/latest/1f47c_1f3fb/512.png,512,512,174398,183e13e7df19d686e82678d00bedce559f80265d090319f28ebbd5ee4a959143
👼🏼,Angel,People & Body,1f47c_1f3fc,People Body/angel__1f47c_1f3fc.png,https://fonts.gstatic.com/s/e/noto3demoji/latest/1f47c_1f3fc/512.png,512,512,175067,9ca58eb0b588f2d0ac1e39a2f68613dc72e1ea85338849456e7b095bb443eb2f
👼🏽,Angel,People & Body,1f47c_1f3fd,People Body/angel__1f47c_1f3fd.png,https://fonts.gstatic.com/s/e/noto3demoji/latest/1f47c_1f3fd/512.png,512,512,168572,b536485e2ec3b2b9bf5b14a6193ebf301459f2c5bbc3b4fb5fc15ae6a2b49c00
👼🏾,Angel,People & Body,1f47c_1f3fe,People Body/angel__1f47c_1f3fe.png,https://fonts.gstatic.com/s/e/noto3demoji/latest/1f47c_1f3fe/512.png,512,512,168399,2aa0cb501fd199cd715f594f0543889e2e6bd3d4f0ae7d4ab7f2bdedf90cb73a
👼🏿,Angel,People & Body,1f47c_1f3ff,People Body/angel__1f47c_1f3ff.png,https://fonts.gstatic.com/s/e/noto3demoji/latest/1f47c_1f3ff/512.png,512,512,164869,213a948be76a065fbe9dee0781de6511580eae8bcedde011af185888e54f1c9b
🎅,Mx Claus,People & Body,1f385,People Body/mx-claus__1f385.png,https://fonts.gstatic.com/s/e/noto3demoji/latest/1f385/512.png,512,512,132030,ba271a174f0aa6b9c7e0fb09f2a1b227dbec9763a3e8987a4e802d4d6729d65a
🎅🏻,Mx Claus,People & Body,1f385_1f3fb,People Body/mx-claus__1f385_1f3fb.png,https://fonts.gstatic.com/s/e/noto3demoji/latest/1f385_1f3fb/512.png,512,512,133188,6b7461611729ca83420007330fa221c6e42d8c48dccf9026ff9cd24b9bfe3e7c
🎅🏼,Mx Claus,People & Body,1f385_1f3fc,People Body/mx-claus__1f385_1f3fc.png,https://fonts.gstatic.com/s/e/noto3demoji/latest/1f385_1f3fc/512.png,512,512,133005,91b878edd55b74c4cdefb2320006e6d6f31c42c62cc349398a938b6fd59ec9da
🎅🏽,Mx Claus,People & Body,1f385_1f3fd,People Body/mx-claus__1f385_1f3fd.png,https://fonts.gstatic.com/s/e/noto3demoji/latest/1f385_1f3fd/512.png,512,512,132211,fea7d289eaf51ad802e160b52823f84734fc35d685d12fd2f8433c4cb4db4042
🎅🏾,Mx Claus,People & Body,1f385_1f3fe,People Body/mx-claus__1f385_1f3fe.png,https://fonts.gstatic.com/s/e/noto3demoji/latest/1f385_1f3fe/512.png,512,512,132749,57efd3d672a91aba98d81c78434a1e52239e1988b6a399f199cb3127b4a91d4c
🎅🏿,Mx Claus,People & Body,1f385_1f3ff,People Body/mx-claus__1f385_1f3ff.png,https://fonts.gstatic.com/s/e/noto3demoji/latest/1f385_1f3ff/512.png,512,512,132278,fd68dc2cd681ef923326dfcb462c0a0c813711a05f4b45766afeb98f8e54f59b
🤶,Mx Claus,People & Body,1f936,People Body/mx-claus__1f936.png,https://fonts.gstatic.com/s/e/noto3demoji/latest/1f936/512.png,512,512,168826,13a09cb62ae3301a8c20b7e2b87fa8a3f53b7b3630489556fc08ada7f4be51b3
🤶🏻,Mx Claus,People & Body,1f936_1f3fb,People Body/mx-claus__1f936_1f3fb.png,https://fonts.gstatic.com/s/e/noto3demoji/latest/1f936_1f3fb/512.png,512,512,174474,b6d77d7ef42da3e072e681d9e30fd94492e3dd224e441dbb76722a745caf4489
🤶🏼,Mx Claus,People & Body,1f936_1f3fc,People Body/mx-claus__1f936_1f3fc.png,https://fonts.gstatic.com/s/e/noto3demoji/latest/1f936_1f3fc/512.png,512,512,173033,af520c284d130ae9b9bacbaef76f39200a981b427eab858c085aa853b4cf28b7
🤶🏽,Mx Claus,People & Body,1f936_1f3fd,People Body/mx-claus__1f936_1f3fd.png,https://fonts.gstatic.com/s/e/noto3demoji/latest/1f936_1f3fd/512.png,512,512,169969,0ae82146504b8754aa4ea914c477ff4561d36aaa5f09b1cd68239f7e3770385e
🤶🏾,Mx Claus,People & Body,1f936_1f3fe,People Body/mx-claus__1f936_1f3fe.png,https://fonts.gstatic.com/s/e/noto3demoji/latest/1f936_1f3fe/512.png,512,512,170759,058c3022b1b10c0dc249099bd20c2a614136bf486316d5edda695c51bec94a74
🤶🏿,Mx Claus,People & Body,1f936_1f3ff,People Body/mx-claus__1f936_1f3ff.png,https://fonts.gstatic.com/s/e/noto3demoji/latest/1f936_1f3ff/512.png,512,512,168655,e985c68aea384eaa9cfaf60cbc600d9ddd0330cfe257c5b3b41037c9d675e425
🧑‍🎄,Mx Claus,People & Body,1f9d1_200d_1f384,People Body/mx-claus__1f9d1_200d_1f384.png,https://fonts.gstatic.com/s/e/noto3demoji/latest/1f9d1_200d_1f384/512.png,512,512,146531,f2f7de24664f66fb40149c16d66bc01ea7bbb92b55af077aef1b51491cb823df
🧑🏻‍🎄,Mx Claus,People & Body,1f9d1_1f3fb_200d_1f384,People Body/mx-claus__1f9d1_1f3fb_200d_1f384.png,https://fonts.gstatic.com/s/e/noto3demoji/latest/1f9d1_1f3fb_200d_1f384/512.png,512,512,151605,9be32e745a0115e0ee6fc72f7769194580f992bdda0cc52f9a4dda92499b083a
🧑🏼‍🎄,Mx Claus,People & Body,1f9d1_1f3fc_200d_1f384,People Body/mx-claus__1f9d1_1f3fc_200d_1f384.png,https://fonts.gstatic.com/s/e/noto3demoji/latest/1f9d1_1f3fc_200d_1f384/512.png,512,512,151944,7fe1efc1e87e6f87c16e6f5c75f108c3f43fc0ccb374a9dda329c2214ade783c
🧑🏽‍🎄,Mx Claus,People & Body,1f9d1_1f3fd_200d_1f384,People Body/mx-claus__1f9d1_1f3fd_200d_1f384.png,https://fonts.gstatic.com/s/e/noto3demoji/latest/1f9d1_1f3fd_200d_1f384/512.png,512,512,148441,43039b939aa09bb26149ac11f00f4bbc95fa6e821ab611a4c18076023e25cc19
🧑🏾‍🎄,Mx Claus,People & Body,1f9d1_1f3fe_200d_1f384,People Body/mx-claus__1f9d1_1f3fe_200d_1f384.png,https://fonts.gstatic.com/s/e/noto3demoji/latest/1f9d1_1f3fe_200d_1f384/512.png,512,512,149804,2bd1b2417d6b6caf2147a9bf1812ba64586d23c7a4fe9ab9ea8eb1430448122a
🧑🏿‍🎄,Mx Claus,People & Body,1f9d1_1f3ff_200d_1f384,People Body/mx-claus__1f9d1_1f3ff_200d_1f384.png,https://fonts.gstatic.com/s/e/noto3demoji/latest/1f9d1_1f3ff_200d_1f384/512.png,512,512,147033,1bcda4e1d0e0b1acb1bdd821ae8dc34bfbe82fd7217c13fdb145dd8943839b1c
🦸,Superhero,People & Body,1f9b8,People Body/superhero__1f9b8.png,https://fonts.gstatic.com/s/e/noto3demoji/latest/1f9b8/512.png,512,512,89884,74d232d9591c6dc7c9c464ceda84568f5ff1708f60dba60c8bb80abc36d97d0e
🦸🏻,Superhero,People & Body,1f9b8_1f3fb,People Body/superhero__1f9b8_1f3fb.png,https://fonts.gstatic.com/s/e/noto3demoji/latest/1f9b8_1f3fb/512.png,512,512,90907,2e78758ae1282bad1c7d9e0ba6c005083aaa7e9f1f3c6db40f1d7ae7a6afce7a
🦸🏼,Superhero,People & Body,1f9b8_1f3fc,People Body/superhero__1f9b8_1f3fc.png,https://fonts.gstatic.com/s/e/noto3demoji/latest/1f9b8_1f3fc/512.png,512,512,91007,742b29960b946976997573e0dc335cffa4fff2c82b08f555520e0d57365fd2c6
🦸🏽,Superhero,People & Body,1f9b8_1f3fd,People Body/superhero__1f9b8_1f3fd.png,https://fonts.gstatic.com/s/e/noto3demoji/latest/1f9b8_1f3fd/512.png,512,512,90125,e0861af98d9179c3024aa82312bd03ebbf8959601790267ea7bc6b4fc415c7ec
🦸🏾,Superhero,People & Body,1f9b8_1f3fe,People Body/superhero__1f9b8_1f3fe.png,https://fonts.gstatic.com/s/e/noto3demoji/latest/1f9b8_1f3fe/512.png,512,512,90105,ec63f91385e2d9da7abf76aa964151a79ad2c3e121553d3707544feaa9705a2d
🦸🏿,Superhero,People & Body,1f9b8_1f3ff,People Body/superhero__1f9b8_1f3ff.png,https://fonts.gstatic.com/s/e/noto3demoji/latest/1f9b8_1f3ff/512.png,512,512,89419,b3d5edbfcc2ad54b15af663a43bd6d2c46ac443ae85e3a78d355639f1fc37105
🦸‍♂,Superhero,People & Body,1f9b8_200d_2642,People Body/superhero__1f9b8_200d_2642.png,https://fonts.gstatic.com/s/e/noto3demoji/latest/1f9b8_200d_2642/512.png,512,512,87016,3c8f9695439c304f5aed70a8521dc924a9e326a4cd8e2d857333ef3b0a32a233
🦸🏻‍♂,Superhero,People & Body,1f9b8_1f3fb_200d_2642,People Body/superhero__1f9b8_1f3fb_200d_2642.png,https://fonts.gstatic.com/s/e/noto3demoji/latest/1f9b8_1f3fb_200d_2642/512.png,512,512,87850,ced5cf9e6b9ee109cb6c90f701864cdcb454ed4f04de8da8635884b29a2d9ef6
🦸🏼‍♂,Superhero,People & Body,1f9b8_1f3fc_200d_2642,People Body/superhero__1f9b8_1f3fc_200d_2642.png,https://fonts.gstatic.com/s/e/noto3demoji/latest/1f9b8_1f3fc_200d_2642/512.png,512,512,87720,c5f9d171321a7c435c101972055db45f4d59130d066f0a6016fd67934ceea5cb
🦸🏽‍♂,Superhero,People & Body,1f9b8_1f3fd_200d_2642,People Body/superhero__1f9b8_1f3fd_200d_2642.png,https://fonts.gstatic.com/s/e/noto3demoji/latest/1f9b8_1f3fd_200d_2642/512.png,512,512,87131,42c5256e3ce9c10457f0d81eb74c176a847c83ef38177f62ad1010dc34bb681c
🦸🏾‍♂,Superhero,People & Body,1f9b8_1f3fe_200d_2642,People Body/superhero__1f9b8_1f3fe_200d_2642.png,https://fonts.gstatic.com/s/e/noto3demoji/latest/1f9b8_1f3fe_200d_2642/512.png,512,512,87258,0925bb622554cf652d57d4f888d96c5851e24124d955a9627b57395064ff1db5
🦸🏿‍♂,Superhero,People & Body,1f9b8_1f3ff_200d_2642,People Body/superhero__1f9b8_1f3ff_200d_2642.png,https://fonts.gstatic.com/s/e/noto3demoji/latest/1f9b8_1f3ff_200d_2642/512.png,512,512,86778,b03c5a61e43aa4021c0cd576fdf19fcfdba9f37515a276d0dd6a9c78f54e7bd8
🦸‍♀,Superhero,People & Body,1f9b8_200d_2640,People Body/superhero__1f9b8_200d_2640.png,https://fonts.gstatic.com/s/e/noto3demoji/latest/1f9b8_200d_2640/512.png,512,512,89208,eb16f46ee89bf21893a5f3f667aec75e29285370ebd915b0b8f62aaabd16d33b
🦸🏻‍♀,Superhero,People & Body,1f9b8_1f3fb_200d_2640,People Body/superhero__1f9b8_1f3fb_200d_2640.png,https://fonts.gstatic.com/s/e/noto3demoji/latest/1f9b8_1f3fb_200d_2640/512.png,512,512,90055,7294e303a50b9ee67dcf5db06b3846058e42c9dbd1d68023615084881e986fa9
🦸🏼‍♀,Superhero,People & Body,1f9b8_1f3fc_200d_2640,People Body/superhero__1f9b8_1f3fc_200d_2640.png,https://fonts.gstatic.com/s/e/noto3demoji/latest/1f9b8_1f3fc_200d_2640/512.png,512,512,90209,52441439493f21396331838b3113c8d64336800c62b37ac0666eb4a157a73887
🦸🏽‍♀,Superhero,People & Body,1f9b8_1f3fd_200d_2640,People Body/superhero__1f9b8_1f3fd_200d_2640.png,https://fonts.gstatic.com/s/e/noto3demoji/latest/1f9b8_1f3fd_200d_2640/512.png,512,512,89372,b7627d9b43195fd33df38a09a39b4ba1cd8228b2e68afaf7c79fe3d81ea2e093
🦸🏾‍♀,Superhero,People & Body,1f9b8_1f3fe_200d_2640,People Body/superhero__1f9b8_1f3fe_200d_2640.png,https://fonts.gstatic.com/s/e/noto3demoji/latest/1f9b8_1f3fe_200d_2640/512.png,512,512,89073,6c3cc8e62031fb433a3e487007b2733aa1339bcbc0e6f0a0c641d3931dc97253
🦸🏿‍♀,Superhero,People & Body,1f9b8_1f3ff_200d_2640,People Body/superhero__1f9b8_1f3ff_200d_2640.png,https://fonts.gstatic.com/s/e/noto3demoji/latest/1f9b8_1f3ff_200d_2640/512.png,512,512,88503,dbb18fb4e896e3071efba2cb8da756ea644c9768f5534462159a2fd78ec11ecd
🦹,Supervillain,People & Body,1f9b9,People Body/supervillain__1f9b9.png,https://fonts.gstatic.com/s/e/noto3demoji/latest/1f9b9/512.png,512,512,128101,b0ac4b2a48e6061ad17b929d262ce9b477f9df903de22e258d5b58d9fb7312fc
🦹🏻,Supervillain,People & Body,1f9b9_1f3fb,People Body/supervillain__1f9b9_1f3fb.png,https://fonts.gstatic.com/s/e/noto3demoji/latest/1f9b9_1f3fb/512.png,512,512,128541,26611175eb92a5d6a958fef3c8d91407039b190d2e66abdacb1d8d3fd9083f0b
🦹🏼,Supervillain,People & Body,1f9b9_1f3fc,People Body/supervillain__1f9b9_1f3fc.png,https://fonts.gstatic.com/s/e/noto3demoji/latest/1f9b9_1f3fc/512.png,512,512,127949,d6d518fae5c753a14ae655284735234ce35e09c9d8c1ec1d2d423a76796ae72f
🦹🏽,Supervillain,People & Body,1f9b9_1f3fd,People Body/supervillain__1f9b9_1f3fd.png,https://fonts.gstatic.com/s/e/noto3demoji/latest/1f9b9_1f3fd/512.png,512,512,127591,39f4684a687929fe1605e1830ee7512b9698e2f5c3b33d1e682e9a4c864ac1ce
🦹🏾,Supervillain,People & Body,1f9b9_1f3fe,People Body/supervillain__1f9b9_1f3fe.png,https://fonts.gstatic.com/s/e/noto3demoji/latest/1f9b9_1f3fe/512.png,512,512,127191,d2cac9151bfe97abd57a8c9b781e9137836ef622cd54fc78bd13529faf389124
🦹🏿,Supervillain,People & Body,1f9b9_1f3ff,People Body/supervillain__1f9b9_1f3ff.png,https://fonts.gstatic.com/s/e/noto3demoji/latest/1f9b9_1f3ff/512.png,512,512,126471,59f373b4e386e60b9464f451c23a0821812d5aeaa11373c751e02d2d59ec988d
🦹‍♂,Supervillain,People & Body,1f9b9_200d_2642,People Body/supervillain__1f9b9_200d_2642.png,https://fonts.gstatic.com/s/e/noto3demoji/latest/1f9b9_200d_2642/512.png,512,512,127515,517bc62dbf792be97c2667fe77fdb47e76cc9f8324650b650d43ecebaec9001c
🦹🏻‍♂,Supervillain,People & Body,1f9b9_1f3fb_200d_2642,People Body/supervillain__1f9b9_1f3fb_200d_2642.png,https://fonts.gstatic.com/s/e/noto3demoji/latest/1f9b9_1f3fb_200d_2642/512.png,512,512,127607,c5a9713c31a46d86ae60675bef8bd8e13855f1c56bec2d5e01acd7703cbf5ad0
🦹🏼‍♂,Supervillain,People & Body,1f9b9_1f3fc_200d_2642,People Body/supervillain__1f9b9_1f3fc_200d_2642.png,https://fonts.gstatic.com/s/e/noto3demoji/latest/1f9b9_1f3fc_200d_2642/512.png,512,512,127688,df7a88c7b317dd775b38ea1723c3eec95fbf1968aad42b8c2757a96630245a5c
🦹🏽‍♂,Supervillain,People & Body,1f9b9_1f3fd_200d_2642,People Body/supervillain__1f9b9_1f3fd_200d_2642.png,https://fonts.gstatic.com/s/e/noto3demoji/latest/1f9b9_1f3fd_200d_2642/512.png,512,512,126909,3ab61a62425fd37f15f2b514eaab82f616ebcaaf8ed03303efa4ab842d293d0c
🦹🏾‍♂,Supervillain,People & Body,1f9b9_1f3fe_200d_2642,People Body/supervillain__1f9b9_1f3fe_200d_2642.png,https://fonts.gstatic.com/s/e/noto3demoji/latest/1f9b9_1f3fe_200d_2642/512.png,512,512,126470,83d5306cbc8ed37530d2803d84ca2c376c515b77283a1f38b3517c5682c514b4
🦹🏿‍♂,Supervillain,People & Body,1f9b9_1f3ff_200d_2642,People Body/supervillain__1f9b9_1f3ff_200d_2642.png,https://fonts.gstatic.com/s/e/noto3demoji/latest/1f9b9_1f3ff_200d_2642/512.png,512,512,125826,20039840d5635ab3c1a3def8a935dbe0d186725314d51c95ab3825d8f73bfdfa
🦹‍♀,Supervillain,People & Body,1f9b9_200d_2640,People Body/supervillain__1f9b9_200d_2640.png,https://fonts.gstatic.com/s/e/noto3demoji/latest/1f9b9_200d_2640/512.png,512,512,128088,84cec4a0e7ddb85af4f047bfab4eda58129939b7c11ed39eca20316a27596ef8
🦹🏻‍♀,Supervillain,People & Body,1f9b9_1f3fb_200d_2640,People Body/supervillain__1f9b9_1f3fb_200d_2640.png,https://fonts.gstatic.com/s/e/noto3demoji/latest/1f9b9_1f3fb_200d_2640/512.png,512,512,128412,9dadb361e8198bf07ebb720584ed551074d76fb278fed8e969b135a6f63b6d42
🦹🏼‍♀,Supervillain,People & Body,1f9b9_1f3fc_200d_2640,People Body/supervillain__1f9b9_1f3fc_200d_2640.png,https://fonts.gstatic.com/s/e/noto3demoji/latest/1f9b9_1f3fc_200d_2640/512.png,512,512,128884,f1b1ffec2f6fb202a2bd241767322bfb476780ace259db85fcad6a652435d617
🦹🏽‍♀,Supervillain,People & Body,1f9b9_1f3fd_200d_2640,People Body/supervillain__1f9b9_1f3fd_200d_2640.png,https://fonts.gstatic.com/s/e/noto3demoji/latest/1f9b9_1f3fd_200d_2640/512.png,512,512,127561,6e554058aef6085726e483ce9a71c5f6741b4c076edd943f06002be28dc4bb1b
🦹🏾‍♀,Supervillain,People & Body,1f9b9_1f3fe_200d_2640,People Body/supervillain__1f9b9_1f3fe_200d_2640.png,https://fonts.gstatic.com/s/e/noto3demoji/latest/1f9b9_1f3fe_200d_2640/512.png,512,512,127081,a74dc688d755f38ae43a8a5187b1f0976eadd53db64d0c6b7844aa55cd9f5c79
🦹🏿‍♀,Supervillain,People & Body,1f9b9_1f3ff_200d_2640,People Body/supervillain__1f9b9_1f3ff_200d_2640.png,https://fonts.gstatic.com/s/e/noto3demoji/latest/1f9b9_1f3ff_200d_2640/512.png,512,512,126894,ef201e0388ab87167a6904788102cce46ee160c4fd5ce18d897dfbab2b0c91b7
🧙,Mage,People & Body,1f9d9,People Body/mage__1f9d9.png,https://fonts.gstatic.com/s/e/noto3demoji/latest/1f9d9/512.png,512,512,158810,1069e7a0a426a880ddd0c007514c12a811a477fc4b87d33b70a35ad1f873872e
🧙🏻,Mage,People & Body,1f9d9_1f3fb,People Body/mage__1f9d9_1f3fb.png,https://fonts.gstatic.com/s/e/noto3demoji/latest/1f9d9_1f3fb/512.png,512,512,162032,ba14b6d06adb00a836f5e7c7e173c205a556a628871848b3f2ef0fe91c8fb760
🧙🏼,Mage,People & Body,1f9d9_1f3fc,People Body/mage__1f9d9_1f3fc.png,https://fonts.gstatic.com/s/e/noto3demoji/latest/1f9d9_1f3fc/512.png,512,512,160785,09830c4655bb42d4091b5d236afc6bb344874e41bbbf71ffb8846a7691eb6df3
🧙🏽,Mage,People & Body,1f9d9_1f3fd,People Body/mage__1f9d9_1f3fd.png,https://fonts.gstatic.com/s/e/noto3demoji/latest/1f9d9_1f3fd/512.png,512,512,158967,3bc746826dee38d6835f0cae53fbd1434578fabff0812f3755dbe219b103cc1c
🧙🏾,Mage,People & Body,1f9d9_1f3fe,People Body/mage__1f9d9_1f3fe.png,https://fonts.gstatic.com/s/e/noto3demoji/latest/1f9d9_1f3fe/512.png,512,512,159178,ddc72b57f18124d8ab9506ae2fd5bd7dd18de531882cbb40443e2858b82386cd
🧙🏿,Mage,People & Body,1f9d9_1f3ff,People Body/mage__1f9d9_1f3ff.png,https://fonts.gstatic.com/s/e/noto3demoji/latest/1f9d9_1f3ff/512.png,512,512,157344,554e65bfaef0b2efa5c2aa3e8adc68913d9d456d5081a179e7b2d4b28684cca5
🧙‍♂,Mage,People & Body,1f9d9_200d_2642,People Body/mage__1f9d9_200d_2642.png,https://fonts.gstatic.com/s/e/noto3demoji/latest/1f9d9_200d_2642/512.png,512,512,156343,7266044130d2fc2393de9be673b5c554421822512fa60fae812f5337c1216ea8
🧙🏻‍♂,Mage,People & Body,1f9d9_1f3fb_200d_2642,People Body/mage__1f9d9_1f3fb_200d_2642.png,https://fonts.gstatic.com/s/e/noto3demoji/latest/1f9d9_1f3fb_200d_2642/512.png,512,512,155319,7c9a50f1eada47e69224421359b6106b0a02946cea11453216f7867181847d24
🧙🏼‍♂,Mage,People & Body,1f9d9_1f3fc_200d_2642,People Body/mage__1f9d9_1f3fc_200d_2642.png,https://fonts.gstatic.com/s/e/noto3demoji/latest/1f9d9_1f3fc_200d_2642/512.png,512,512,155584,ce76ffda50263037b55ab7f377de70990abf47f1f57d6c4827c413fd0d89e5ed
🧙🏽‍♂,Mage,People & Body,1f9d9_1f3fd_200d_2642,People Body/mage__1f9d9_1f3fd_200d_2642.png,https://fonts.gstatic.com/s/e/noto3demoji/latest/1f9d9_1f3fd_200d_2642/512.png,512,512,154357,6321804623246574c63698a16f7bd1833c0fdc4028e7821d55480f3667662e8e
🧙🏾‍♂,Mage,People & Body,1f9d9_1f3fe_200d_2642,People Body/mage__1f9d9_1f3fe_200d_2642.png,https://fonts.gstatic.com/s/e/noto3demoji/latest/1f9d9_1f3fe_200d_2642/512.png,512,512,155662,4dff6bdf66e45da0dbf6f9bbed29e8c7746041f1ce8143228dd45e034e32e504
🧙🏿‍♂,Mage,People & Body,1f9d9_1f3ff_200d_2642,People Body/mage__1f9d9_1f3ff_200d_2642.png,https://fonts.gstatic.com/s/e/noto3demoji/latest/1f9d9_1f3ff_200d_2642/512.png,512,512,154212,c77b6f3735c54f7367359c6e634a11a4d045a96c6d93d480234a7d00c8783b3e
🧙‍♀,Mage,People & Body,1f9d9_200d_2640,People Body/mage__1f9d9_200d_2640.png,https://fonts.gstatic.com/s/e/noto3demoji/latest/1f9d9_200d_2640/512.png,512,512,159310,85b3e3b89bff25ac41759dcfd26597b00661d3fd518745bc74aa7f56a259d5d4
🧙🏻‍♀,Mage,People & Body,1f9d9_1f3fb_200d_2640,People Body/mage__1f9d9_1f3fb_200d_2640.png,https://fonts.gstatic.com/s/e/noto3demoji/latest/1f9d9_1f3fb_200d_2640/512.png,512,512,161253,43ee9510dee3240bee72c13dbc85c97c0ce6c6a9308263975e3605b936fccc60
🧙🏼‍♀,Mage,People & Body,1f9d9_1f3fc_200d_2640,People Body/mage__1f9d9_1f3fc_200d_2640.png,https://fonts.gstatic.com/s/e/noto3demoji/latest/1f9d9_1f3fc_200d_2640/512.png,512,512,161304,52f6b4d90ee0cccc0d8d8ec9a67cca765e6efaa5564dcd93b267193022d48bdc
🧙🏽‍♀,Mage,People & Body,1f9d9_1f3fd_200d_2640,People Body/mage__1f9d9_1f3fd_200d_2640.png,https://fonts.gstatic.com/s/e/noto3demoji/latest/1f9d9_1f3fd_200d_2640/512.png,512,512,158695,fadfdba3b936f344db7dc1d25b38dde5d09c2cb00d9e9098e551436dff3e28c2
🧙🏾‍♀,Mage,People & Body,1f9d9_1f3fe_200d_2640,People Body/mage__1f9d9_1f3fe_200d_2640.png,https://fonts.gstatic.com/s/e/noto3demoji/latest/1f9d9_1f3fe_200d_2640/512.png,512,512,161028,b7530a8144b36a908146098d317a9a6847eecf483ad7f0eeddbfdaaf633eaf1e
🧙🏿‍♀,Mage,People & Body,1f9d9_1f3ff_200d_2640,People Body/mage__1f9d9_1f3ff_200d_2640.png,https://fonts.gstatic.com/s/e/noto3demoji/latest/1f9d9_1f3ff_200d_2640/512.png,512,512,158937,e7da0c1b80f173e3f7fcabf79129db10c78325a2721642716e26bcca156f7098
🧚,Fairy,People & Body,1f9da,People Body/fairy__1f9da.png,https://fonts.gstatic.com/s/e/noto3demoji/latest/1f9da/512.png,512,512,145845,3e188a1f0f650d45144948d461dbc24af0769f0a07811fb54945af3f7f43b75f
🧚🏻,Fairy,People & Body,1f9da_1f3fb,People Body/fairy__1f9da_1f3fb.png,https://fonts.gstatic.com/s/e/noto3demoji/latest/1f9da_1f3fb/512.png,512,512,151684,71c034e52d9e91c70067d0e2d61c38cf6d2336588cb5256dca1d29db8f23c47f
🧚🏼,Fairy,People & Body,1f9da_1f3fc,People Body/fairy__1f9da_1f3fc.png,https://fonts.gstatic.com/s/e/noto3demoji/latest/1f9da_1f3fc/512.png,512,512,150542,eef3ec4003256c2c1b17cd1b339eae16b7462c5272ac0303fd6a82ad1d2bfb48
🧚🏽,Fairy,People & Body,1f9da_1f3fd,People Body/fairy__1f9da_1f3fd.png,https://fonts.gstatic.com/s/e/noto3demoji/latest/1f9da_1f3fd/512.png,512,512,148020,5af2a8c43fbe505ca81dde7f9ba7fdc1e9af595ba1fa08dbec30dc66c427e0e6
🧚🏾,Fairy,People & Body,1f9da_1f3fe,People Body/fairy__1f9da_1f3fe.png,https://fonts.gstatic.com/s/e/noto3demoji/latest/1f9da_1f3fe/512.png,512,512,149835,73f24c5d700359a1ef1c2a64bf9569b2fa252cab1996ba13d1b2221077a63346
🧚🏿,Fairy,People & Body,1f9da_1f3ff,People Body/fairy__1f9da_1f3ff.png,https://fonts.gstatic.com/s/e/noto3demoji/latest/1f9da_1f3ff/512.png,512,512,149714,29503d82bd647dfd3e4d9cba194abf0ee2cf8248f6e6055b414548a322138efa
🧚‍♂,Fairy,People & Body,1f9da_200d_2642,People Body/fairy__1f9da_200d_2642.png,https://fonts.gstatic.com/s/e/noto3demoji/latest/1f9da_200d_2642/512.png,512,512,144954,db56e9c66270fc56aff61ff8dd096c8f3e40a697f646a38d07c5c106ca49ba82
🧚🏻‍♂,Fairy,People & Body,1f9da_1f3fb_200d_2642,People Body/fairy__1f9da_1f3fb_200d_2642.png,https://fonts.gstatic.com/s/e/noto3demoji/latest/1f9da_1f3fb_200d_2642/512.png,512,512,148397,654f9ec406fa02ca2db73f60390f1b924873214ecd81cfce8404270f29f926e0
🧚🏼‍♂,Fairy,People & Body,1f9da_1f3fc_200d_2642,People Body/fairy__1f9da_1f3fc_200d_2642.png,https://fonts.gstatic.com/s/e/noto3demoji/latest/1f9da_1f3fc_200d_2642/512.png,512,512,147556,8efe17685aacf287f78b65cc65d529a4d2214e46be0e9ec9bbc0586120d1b469
🧚🏽‍♂,Fairy,People & Body,1f9da_1f3fd_200d_2642,People Body/fairy__1f9da_1f3fd_200d_2642.png,https://fonts.gstatic.com/s/e/noto3demoji/latest/1f9da_1f3fd_200d_2642/512.png,512,512,145556,4b36ddf33423dddd295e27fdfaaef2b695e030da7f2dc0231e4d463f648a0bd4
🧚🏾‍♂,Fairy,People & Body,1f9da_1f3fe_200d_2642,People Body/fairy__1f9da_1f3fe_200d_2642.png,https://fonts.gstatic.com/s/e/noto3demoji/latest/1f9da_1f3fe_200d_2642/512.png,512,512,147823,b0c8e27bf8b110c761cd86f27181e09c4248c2f2fb8fc98e5c68a04f602283ab
🧚🏿‍♂,Fairy,People & Body,1f9da_1f3ff_200d_2642,People Body/fairy__1f9da_1f3ff_200d_2642.png,https://fonts.gstatic.com/s/e/noto3demoji/latest/1f9da_1f3ff_200d_2642/512.png,512,512,147169,683bfd226e6c8d37895eec90c4be24245ca3ac327d2021c1c482bef5a4f7b326
🧚‍♀,Fairy,People & Body,1f9da_200d_2640,People Body/fairy__1f9da_200d_2640.png,https://fonts.gstatic.com/s/e/noto3demoji/latest/1f9da_200d_2640/512.png,512,512,152137,acc0ecdb4324a37c6ba3e82b9d9c00c171515ddfc21a53b29562a7dd32249f76
🧚🏻‍♀,Fairy,People & Body,1f9da_1f3fb_200d_2640,People Body/fairy__1f9da_1f3fb_200d_2640.png,https://fonts.gstatic.com/s/e/noto3demoji/latest/1f9da_1f3fb_200d_2640/512.png,512,512,155612,ac61a5c3db291c084e708a796e52317a6694838831dee99aa3c5a8fce6fe571f
🧚🏼‍♀,Fairy,People & Body,1f9da_1f3fc_200d_2640,People Body/fairy__1f9da_1f3fc_200d_2640.png,https://fonts.gstatic.com/s/e/noto3demoji/latest/1f9da_1f3fc_200d_2640/512.png,512,512,154254,e842dcc777b802325712705c7670f42da1488359bdce2ceae1a14984b4817139
🧚🏽‍♀,Fairy,People & Body,1f9da_1f3fd_200d_2640,People Body/fairy__1f9da_1f3fd_200d_2640.png,https://fonts.gstatic.com/s/e/noto3demoji/latest/1f9da_1f3fd_200d_2640/512.png,512,512,151727,d773ae0ed1b0bd50d85852d477525d9e7ec3f4f294d1d50e415ae63c16f69ac6
🧚🏾‍♀,Fairy,People & Body,1f9da_1f3fe_200d_2640,People Body/fairy__1f9da_1f3fe_200d_2640.png,https://fonts.gstatic.com/s/e/noto3demoji/latest/1f9da_1f3fe_200d_2640/512.png,512,512,154240,e746b93521a830e6f2523520b1a74be8d462c585076080d096895db6883faab8
🧚🏿‍♀,Fairy,People & Body,1f9da_1f3ff_200d_2640,People Body/fairy__1f9da_1f3ff_200d_2640.png,https://fonts.gstatic.com/s/e/noto3demoji/latest/1f9da_1f3ff_200d_2640/512.png,512,512,153969,ed9e4dba47dda6ea547eacc5097111f97766c825ec2432e489299f22eb2eedd8
🧛,Vampire,People & Body,1f9db,People Body/vampire__1f9db.png,https://fonts.gstatic.com/s/e/noto3demoji/latest/1f9db/512.png,512,512,164033,a73407893829aeee2656bb88648a9b012fbb6cafb9e478d7a5b041743efc237f
🧛🏻,Vampire,People & Body,1f9db_1f3fb,People Body/vampire__1f9db_1f3fb.png,https://fonts.gstatic.com/s/e/noto3demoji/latest/1f9db_1f3fb/512.png,512,512,172482,9fffdebe8beb18a8f7f8ff971d8b0f93a5b8cede13f1d3a2c362728ffbb727e2
🧛🏼,Vampire,People & Body,1f9db_1f3fc,People Body/vampire__1f9db_1f3fc.png,https://fonts.gstatic.com/s/e/noto3demoji/latest/1f9db_1f3fc/512.png,512,512,174018,13a921f492444da414c24c76fcad0acff2bc64c82110fb808228a291766fec65
🧛🏽,Vampire,People & Body,1f9db_1f3fd,People Body/vampire__1f9db_1f3fd.png,https://fonts.gstatic.com/s/e/noto3demoji/latest/1f9db_1f3fd/512.png,512,512,167596,db403cda1098a769e2797de58c7a4e2ca3cc9ddb454ed9ed875b6701fe5e4f1a
🧛🏾,Vampire,People & Body,1f9db_1f3fe,People Body/vampire__1f9db_1f3fe.png,https://fonts.gstatic.com/s/e/noto3demoji/latest/1f9db_1f3fe/512.png,512,512,168499,6417c609e25de81db18f6d952c7eef1fa05565a29cb899a181dc3702512964c9
🧛🏿,Vampire,People & Body,1f9db_1f3ff,People Body/vampire__1f9db_1f3ff.png,https://fonts.gstatic.com/s/e/noto3demoji/latest/1f9db_1f3ff/512.png,512,512,164717,9b659ef61f476a7aababf67cad88fc89468aab4eb9f038ae13439f4bfa9d3cbc
🧛‍♂,Vampire,People & Body,1f9db_200d_2642,People Body/vampire__1f9db_200d_2642.png,https://fonts.gstatic.com/s/e/noto3demoji/latest/1f9db_200d_2642/512.png,512,512,127346,4593ac2496f225a31fdf309e0cad43d01b89b277a68b61498c56c9a041a97605
🧛🏻‍♂,Vampire,People & Body,1f9db_1f3fb_200d_2642,People Body/vampire__1f9db_1f3fb_200d_2642.png,https://fonts.gstatic.com/s/e/noto3demoji/latest/1f9db_1f3fb_200d_2642/512.png,512,512,137532,c2647675ad7e6a68217a7376f29d17f5b3cbd5eb37aa1e340b41e3ab759417fb
🧛🏼‍♂,Vampire,People & Body,1f9db_1f3fc_200d_2642,People Body/vampire__1f9db_1f3fc_200d_2642.png,https://fonts.gstatic.com/s/e/noto3demoji/latest/1f9db_1f3fc_200d_2642/512.png,512,512,138465,b0a691ffa438801930f88b235ca8497f560604dad94af73aa3606e48eee2494d
🧛🏽‍♂,Vampire,People & Body,1f9db_1f3fd_200d_2642,People Body/vampire__1f9db_1f3fd_200d_2642.png,https://fonts.gstatic.com/s/e/noto3demoji/latest/1f9db_1f3fd_200d_2642/512.png,512,512,133344,a93f2d581e09a19bbddf45d0d5d3a5af93ea05c9a76d2b3a3ea075efee71bd2d
🧛🏾‍♂,Vampire,People & Body,1f9db_1f3fe_200d_2642,People Body/vampire__1f9db_1f3fe_200d_2642.png,https://fonts.gstatic.com/s/e/noto3demoji/latest/1f9db_1f3fe_200d_2642/512.png,512,512,133281,f2f77ca3289778b1031908f296390010f4fdd9cbc1001592203fee49dcdb9623
🧛🏿‍♂,Vampire,People & Body,1f9db_1f3ff_200d_2642,People Body/vampire__1f9db_1f3ff_200d_2642.png,https://fonts.gstatic.com/s/e/noto3demoji/latest/1f9db_1f3ff_200d_2642/512.png,512,512,131041,808908ffe5fa363b42aafa44fcca48e77058bcbaf39ec41994d2f7160f3d008a
🧛‍♀,Vampire,People & Body,1f9db_200d_2640,People Body/vampire__1f9db_200d_2640.png,https://fonts.gstatic.com/s/e/noto3demoji/latest/1f9db_200d_2640/512.png,512,512,153944,4af38f945a3e0abeaed05024b6c31b825f1de0a270be104031d914204b47acb4
🧛🏻‍♀,Vampire,People & Body,1f9db_1f3fb_200d_2640,People Body/vampire__1f9db_1f3fb_200d_2640.png,https://fonts.gstatic.com/s/e/noto3demoji/latest/1f9db_1f3fb_200d_2640/512.png,512,512,162536,fe7fe7f9027941d8031f798c4ecaf8a0d3e17b81cc4d2d9bf6a2959258f27bd2
🧛🏼‍♀,Vampire,People & Body,1f9db_1f3fc_200d_2640,People Body/vampire__1f9db_1f3fc_200d_2640.png,https://fonts.gstatic.com/s/e/noto3demoji/latest/1f9db_1f3fc_200d_2640/512.png,512,512,164201,f4bc5f03d4700d96c9aa2d10712a63e5e36bd9c646d2b41a061b4762d4b3654b
🧛🏽‍♀,Vampire,People & Body,1f9db_1f3fd_200d_2640,People Body/vampire__1f9db_1f3fd_200d_2640.png,https://fonts.gstatic.com/s/e/noto3demoji/latest/1f9db_1f3fd_200d_2640/512.png,512,512,157932,af01059e0df87c3b09745c6015ed353511d4e5a2fa9795501a8704a2a2ce2134
🧛🏾‍♀,Vampire,People & Body,1f9db_1f3fe_200d_2640,People Body/vampire__1f9db_1f3fe_200d_2640.png,https://fonts.gstatic.com/s/e/noto3demoji/latest/1f9db_1f3fe_200d_2640/512.png,512,512,156570,0d34b421286984c1ff7feb86216222a748130e0dbdeb58f76250254e1dbd3650
🧛🏿‍♀,Vampire,People & Body,1f9db_1f3ff_200d_2640,People Body/vampire__1f9db_1f3ff_200d_2640.png,https://fonts.gstatic.com/s/e/noto3demoji/latest/1f9db_1f3ff_200d_2640/512.png,512,512,150731,d2cc3648119a46dca8e80bc9bbf7642054e06ff5a2a5ee72fb846698a7744d85
🧜,Merperson,People & Body,1f9dc,People Body/merperson__1f9dc.png,https://fonts.gstatic.com/s/e/noto3demoji/latest/1f9dc/512.png,512,512,164963,7394d6fdbd2dccdf4d3addd7478c40f46079bd00b736e6cd7185fdc09c3ca708
🧜🏻,Merperson,People & Body,1f9dc_1f3fb,People Body/merperson__1f9dc_1f3fb.png,https://fonts.gstatic.com/s/e/noto3demoji/latest/1f9dc_1f3fb/512.png,512,512,168491,0c838501db5abd31a7156124d68e4e54865b0368e00137d1c609daef7983ad24
🧜🏼,Merperson,People & Body,1f9dc_1f3fc,People Body/merperson__1f9dc_1f3fc.png,https://fonts.gstatic.com/s/e/noto3demoji/latest/1f9dc_1f3fc/512.png,512,512,167774,8f9baedbd142896f15170d81f1a3b570e86d28b8b86dccc48a38fd248be71f3e
🧜🏽,Merperson,People & Body,1f9dc_1f3fd,People Body/merperson__1f9dc_1f3fd.png,https://fonts.gstatic.com/s/e/noto3demoji/latest/1f9dc_1f3fd/512.png,512,512,165100,c325ec9965ffb5030f046b07eb8ce2d73b5c6e95387a6acb5c91844786d15d93
🧜🏾,Merperson,People & Body,1f9dc_1f3fe,People Body/merperson__1f9dc_1f3fe.png,https://fonts.gstatic.com/s/e/noto3demoji/latest/1f9dc_1f3fe/512.png,512,512,164017,dedf1e852a665544b0180d37748caa4ea5f8cc6dca0c8449090f21b2957a7e17
🧜🏿,Merperson,People & Body,1f9dc_1f3ff,People Body/merperson__1f9dc_1f3ff.png,https://fonts.gstatic.com/s/e/noto3demoji/latest/1f9dc_1f3ff/512.png,512,512,163384,0cc4127af15a93d71899b8660fe787ab8bef1fbefee9ecfcd758caedeee712cc
🧜‍♂,Merperson,People & Body,1f9dc_200d_2642,People Body/merperson__1f9dc_200d_2642.png,https://fonts.gstatic.com/s/e/noto3demoji/latest/1f9dc_200d_2642/512.png,512,512,162333,4bd6022fc83a187d301b6b952d26fc95b3927d71f84c9f282f5c5a2926aedc28
🧜🏻‍♂,Merperson,People & Body,1f9dc_1f3fb_200d_2642,People Body/merperson__1f9dc_1f3fb_200d_2642.png,https://fonts.gstatic.com/s/e/noto3demoji/latest/1f9dc_1f3fb_200d_2642/512.png,512,512,166220,c8415830f46e281438a271b667e8d37bc33bc316d512572bdc47268cf8f8182c
🧜🏼‍♂,Merperson,People & Body,1f9dc_1f3fc_200d_2642,People Body/merperson__1f9dc_1f3fc_200d_2642.png,https://fonts.gstatic.com/s/e/noto3demoji/latest/1f9dc_1f3fc_200d_2642/512.png,512,512,166262,fa30475265dbb4369688e606239c6e6122ec870047c6ddcea7acd70b52505a08
🧜🏽‍♂,Merperson,People & Body,1f9dc_1f3fd_200d_2642,People Body/merperson__1f9dc_1f3fd_200d_2642.png,https://fonts.gstatic.com/s/e/noto3demoji/latest/1f9dc_1f3fd_200d_2642/512.png,512,512,162238,f50e306bb7364aa54f7c115f66b00db65d91331cb9ac15640aaa8fb98949c50a
🧜🏾‍♂,Merperson,People & Body,1f9dc_1f3fe_200d_2642,People Body/merperson__1f9dc_1f3fe_200d_2642.png,https://fonts.gstatic.com/s/e/noto3demoji/latest/1f9dc_1f3fe_200d_2642/512.png,512,512,162289,8cbba430eb61217052ff0451a7c163d0bb8db510b7229d8bc0c4a0a17cf79ecc
🧜🏿‍♂,Merperson,People & Body,1f9dc_1f3ff_200d_2642,People Body/merperson__1f9dc_1f3ff_200d_2642.png,https://fonts.gstatic.com/s/e/noto3demoji/latest/1f9dc_1f3ff_200d_2642/512.png,512,512,161027,0263f7adc9a839f13e29b7f1dd603ce37d4199a7051ed191d477088495885c95
🧜‍♀,Merperson,People & Body,1f9dc_200d_2640,People Body/merperson__1f9dc_200d_2640.png,https://fonts.gstatic.com/s/e/noto3demoji/latest/1f9dc_200d_2640/512.png,512,512,178883,710b7c0317d5799d631322cf46974ec5d857422bda725b9d2e9c066aa637698b
🧜🏻‍♀,Merperson,People & Body,1f9dc_1f3fb_200d_2640,People Body/merperson__1f9dc_1f3fb_200d_2640.png,https://fonts.gstatic.com/s/e/noto3demoji/latest/1f9dc_1f3fb_200d_2640/512.png,512,512,181270,f4fdfcb908fdf0695bfc7f9d63674e3ecaaff5d5f88f27390a569bab9e5eb2e6
🧜🏼‍♀,Merperson,People & Body,1f9dc_1f3fc_200d_2640,People Body/merperson__1f9dc_1f3fc_200d_2640.png,https://fonts.gstatic.com/s/e/noto3demoji/latest/1f9dc_1f3fc_200d_2640/512.png,512,512,181045,280d23edeef26be3b1512589d2ce6dc07040d7aeab3e43b8dbdd601b23484740
🧜🏽‍♀,Merperson,People & Body,1f9dc_1f3fd_200d_2640,People Body/merperson__1f9dc_1f3fd_200d_2640.png,https://fonts.gstatic.com/s/e/noto3demoji/latest/1f9dc_1f3fd_200d_2640/512.png,512,512,177860,6683705d4f680d05db7a011211181d45a6685315dc40e24a015f3e70879628c7
🧜🏾‍♀,Merperson,People & Body,1f9dc_1f3fe_200d_2640,People Body/merperson__1f9dc_1f3fe_200d_2640.png,https://fonts.gstatic.com/s/e/noto3demoji/latest/1f9dc_1f3fe_200d_2640/512.png,512,512,177053,cc471ee686fff2bf20ac8ceb3fd12bfbf7f03767dec2abea83de2327308ab4d1
🧜🏿‍♀,Merperson,People & Body,1f9dc_1f3ff_200d_2640,People Body/merperson__1f9dc_1f3ff_200d_2640.png,https://fonts.gstatic.com/s/e/noto3demoji/latest/1f9dc_1f3ff_200d_2640/512.png,512,512,175655,ff23dbc9ffc602191285ac38eb15dbfb93c9e0b440eecf7d63d2e61f32036f0b
🧝,Elf,People & Body,1f9dd,People Body/elf__1f9dd.png,https://fonts.gstatic.com/s/e/noto3demoji/latest/1f9dd/512.png,512,512,167711,d59b5b37f6b1285424a4e8d4c3ced3f4abd398672e2584cb23fcd38c0f84fa8b
🧝🏻,Elf,People & Body,1f9dd_1f3fb,People Body/elf__1f9dd_1f3fb.png,https://fonts.gstatic.com/s/e/noto3demoji/latest/1f9dd_1f3fb/512.png,512,512,177804,367261e2b50c2184ba75e78a520a61bb527b7b12a356b1614bb1566370e270a3
🧝🏼,Elf,People & Body,1f9dd_1f3fc,People Body/elf__1f9dd_1f3fc.png,https://fonts.gstatic.com/s/e/noto3demoji/latest/1f9dd_1f3fc/512.png,512,512,176406,726097822903bf12f979565785e343eec3ff664b12df8055a6fb579846d3325d
🧝🏽,Elf,People & Body,1f9dd_1f3fd,People Body/elf__1f9dd_1f3fd.png,https://fonts.gstatic.com/s/e/noto3demoji/latest/1f9dd_1f3fd/512.png,512,512,172358,61b01eea3f4add550c362ee42c5b3c0a963c2c87ad4a0cd01d89c563fc27ca0f
🧝🏾,Elf,People & Body,1f9dd_1f3fe,People Body/elf__1f9dd_1f3fe.png,https://fonts.gstatic.com/s/e/noto3demoji/latest/1f9dd_1f3fe/512.png,512,512,172126,dffe88490f55d5d8b5a6e40ac195e18531919d8ca5dda7a6698a39fed41fda86
🧝🏿,Elf,People & Body,1f9dd_1f3ff,People Body/elf__1f9dd_1f3ff.png,https://fonts.gstatic.com/s/e/noto3demoji/latest/1f9dd_1f3ff/512.png,512,512,169306,751f440f25e8e60332d71ff702d243fd32ebf4a4a1f198ff24138f641f4d501f
🧝‍♂,Elf,People & Body,1f9dd_200d_2642,People Body/elf__1f9dd_200d_2642.png,https://fonts.gstatic.com/s/e/noto3demoji/latest/1f9dd_200d_2642/512.png,512,512,173887,86435959b0ba0805a8e273ab3ae92173657b39bec76dbef03b81068aef23a19c
🧝🏻‍♂,Elf,People & Body,1f9dd_1f3fb_200d_2642,People Body/elf__1f9dd_1f3fb_200d_2642.png,https://fonts.gstatic.com/s/e/noto3demoji/latest/1f9dd_1f3fb_200d_2642/512.png,512,512,182121,eb3f21c04f832494e1fcc8d1257b33831ddfaddbf6d0db1ec1adeb39b15acbce
🧝🏼‍♂,Elf,People & Body,1f9dd_1f3fc_200d_2642,People Body/elf__1f9dd_1f3fc_200d_2642.png,https://fonts.gstatic.com/s/e/noto3demoji/latest/1f9dd_1f3fc_200d_2642/512.png,512,512,181252,1bee3983241fbcf9334f67082c77115cce184f6305a927eca00bd229bee94377
🧝🏽‍♂,Elf,People & Body,1f9dd_1f3fd_200d_2642,People Body/elf__1f9dd_1f3fd_200d_2642.png,https://fonts.gstatic.com/s/e/noto3demoji/latest/1f9dd_1f3fd_200d_2642/512.png,512,512,176163,5a347a29523e5350482fa432802cd9e9a562373c39aa947edd7e57c43bb97f1a
🧝🏾‍♂,Elf,People & Body,1f9dd_1f3fe_200d_2642,People Body/elf__1f9dd_1f3fe_200d_2642.png,https://fonts.gstatic.com/s/e/noto3demoji/latest/1f9dd_1f3fe_200d_2642/512.png,512,512,177663,89ec055393b086eaf46163e72ebad87bbfac635b9d067430079bf09a608c18bb
🧝🏿‍♂,Elf,People & Body,1f9dd_1f3ff_200d_2642,People Body/elf__1f9dd_1f3ff_200d_2642.png,https://fonts.gstatic.com/s/e/noto3demoji/latest/1f9dd_1f3ff_200d_2642/512.png,512,512,174185,53c1dbd7b7504b33cd66b63d074c7ab3791c25235b0c11f1464ebadcc216a5c8
🧝‍♀,Elf,People & Body,1f9dd_200d_2640,People Body/elf__1f9dd_200d_2640.png,https://fonts.gstatic.com/s/e/noto3demoji/latest/1f9dd_200d_2640/512.png,512,512,176818,f3d01ac5278b8e416b756e4c1d8d87084265dbdc66511b0fe49aaf44459bb140
🧝🏻‍♀,Elf,People & Body,1f9dd_1f3fb_200d_2640,People Body/elf__1f9dd_1f3fb_200d_2640.png,https://fonts.gstatic.com/s/e/noto3demoji/latest/1f9dd_1f3fb_200d_2640/512.png,512,512,182999,8415635db95090119d43ba7d7e859934fdeebd8753ba94968705e4a3c84efadc
🧝🏼‍♀,Elf,People & Body,1f9dd_1f3fc_200d_2640,People Body/elf__1f9dd_1f3fc_200d_2640.png,https://fonts.gstatic.com/s/e/noto3demoji/latest/1f9dd_1f3fc_200d_2640/512.png,512,512,181445,043894a63f545b0d9eae16ac1e96fb6786ef4f57df4a51d800a26c5ae22aaf96
🧝🏽‍♀,Elf,People & Body,1f9dd_1f3fd_200d_2640,People Body/elf__1f9dd_1f3fd_200d_2640.png,https://fonts.gstatic.com/s/e/noto3demoji/latest/1f9dd_1f3fd_200d_2640/512.png,512,512,178095,f05e395bb76648d5b1d9ce07fed9eac3ddb967e1ead7666d155a3a7faf95bdfb
🧝🏾‍♀,Elf,People & Body,1f9dd_1f3fe_200d_2640,People Body/elf__1f9dd_1f3fe_200d_2640.png,https://fonts.gstatic.com/s/e/noto3demoji/latest/1f9dd_1f3fe_200d_2640/512.png,512,512,178796,aff79d59c11f7e44b038d4e1ebf50d8b07e57cc073692b060b35e3768633390f
🧝🏿‍♀,Elf,People & Body,1f9dd_1f3ff_200d_2640,People Body/elf__1f9dd_1f3ff_200d_2640.png,https://fonts.gstatic.com/s/e/noto3demoji/latest/1f9dd_1f3ff_200d_2640/512.png,512,512,174768,c2a2653c5c91f780b952440522c2cc359cd0b0591c60ab7048583a1f46bf81b5
🧞,Genie,People & Body,1f9de,People Body/genie__1f9de.png,https://fonts.gstatic.com/s/e/noto3demoji/latest/1f9de/512.png,512,512,154623,012bb0c222c9918fffae2e88ced7068114f70686fa85194acbb7b854bd06de24
🧞‍♂,Genie,People & Body,1f9de_200d_2642,People Body/genie__1f9de_200d_2642.png,https://fonts.gstatic.com/s/e/noto3demoji/latest/1f9de_200d_2642/512.png,512,512,148145,4a4d6457985f72b53656c2dc00dd9d17239956d56bb3c9d74cd4a79b635b2ada
🧞‍♀,Genie,People & Body,1f9de_200d_2640,People Body/genie__1f9de_200d_2640.png,https://fonts.gstatic.com/s/e/noto3demoji/latest/1f9de_200d_2640/512.png,512,512,168130,62a2022eba93e843f584b11668f4bfed9e1fc3b8ac2d3ff7ae36b7e99c1b447b
🧟,Zombie,People & Body,1f9df,People Body/zombie__1f9df.png,https://fonts.gstatic.com/s/e/noto3demoji/latest/1f9df/512.png,512,512,213532,fe9513f8c3e3c3148be7f742f55f18656d3e0641d9701ed482b3e557577a7230
🧟‍♂,Zombie,People & Body,1f9df_200d_2642,People Body/zombie__1f9df_200d_2642.png,https://fonts.gstatic.com/s/e/noto3demoji/latest/1f9df_200d_2642/512.png,512,512,183736,34fb8860dbd2638acf837cd0a953a5db3235b0c3df7c956c150dcbb485fdb5a3
🧟‍♀,Zombie,People & Body,1f9df_200d_2640,People Body/zombie__1f9df_200d_2640.png,https://fonts.gstatic.com/s/e/noto3demoji/latest/1f9df_200d_2640/512.png,512,512,197827,f5094609182111c9be6895d7318bd9bca4bcad84c6cff7519a986997454401ca
🧌,Troll,People & Body,1f9cc,People Body/troll__1f9cc.png,https://fonts.gstatic.com/s/e/noto3demoji/latest/1f9cc/512.png,512,512,190970,bbac1310264ab2369e5a264af38b0060ea52d634daa880fc60d1a8979cc391bd
🫈,Hairy Creature,People & Body,1fac8,People Body/hairy-creature__1fac8.png,https://fonts.gstatic.com/s/e/noto3demoji/latest/1fac8/512.png,512,512,95506,05649b983c05febaf200f804559f89c55515d17cbdf9eeb3094d106a14b84548
💆,Massage,People & Body,1f486,People Body/massage__1f486.png,https://fonts.gstatic.com/s/e/noto3demoji/latest/1f486/512.png,512,512,137272,7fbc6ed90b46b64cdf5a0abcfff433e8c06237e989a2718bef6f48f246f84f7a
💆🏻,Massage,People & Body,1f486_1f3fb,People Body/massage__1f486_1f3fb.png,https://fonts.gstatic.com/s/e/noto3demoji/latest/1f486_1f3fb/512.png,512,512,154400,dbd2d4b624c9358565b46e173fe11ffeed05045e6fe579ce88b67d95c5a2be6f
💆🏼,Massage,People & Body,1f486_1f3fc,People Body/massage__1f486_1f3fc.png,https://fonts.gstatic.com/s/e/noto3demoji/latest/1f486_1f3fc/512.png,512,512,152398,24b0d05f56f12397bddfa113e9a3671adfdaca6ade9d5d57ab84cdd1443270ac
💆🏽,Massage,People & Body,1f486_1f3fd,People Body/massage__1f486_1f3fd.png,https://fonts.gstatic.com/s/e/noto3demoji/latest/1f486_1f3fd/512.png,512,512,143721,7ba4d051de24d5ac2799de04bbb9aed478fa3b4cbdc13ad30c3a6051245c2eda
💆🏾,Massage,People & Body,1f486_1f3fe,People Body/massage__1f486_1f3fe.png,https://fonts.gstatic.com/s/e/noto3demoji/latest/1f486_1f3fe/512.png,512,512,143183,1137b60746e40c2974f379afc15d28ea006aee5d77a07e8914772a812961637b
💆🏿,Massage,People & Body,1f486_1f3ff,People Body/massage__1f486_1f3ff.png,https://fonts.gstatic.com/s/e/noto3demoji/latest/1f486_1f3ff/512.png,512,512,139257,573b5975ccab23450a72979b6c5a57aecab4ea534161b65f2d39cab292458833
💆‍♂,Massage,People & Body,1f486_200d_2642,People Body/massage__1f486_200d_2642.png,https://fonts.gstatic.com/s/e/noto3demoji/latest/1f486_200d_2642/512.png,512,512,126789,883a1b4880b1680bfd7845c2e4c9d1c772eb315b09e1cc449609b9a8da6c9652
💆🏻‍♂,Massage,People & Body,1f486_1f3fb_200d_2642,People Body/massage__1f486_1f3fb_200d_2642.png,https://fonts.gstatic.com/s/e/noto3demoji/latest/1f486_1f3fb_200d_2642/512.png,512,512,139838,5a40c026950658a5bd7df8968b499bb503d89d9b40214e8d9d0e5d301a52bf89
💆🏼‍♂,Massage,People & Body,1f486_1f3fc_200d_2642,People Body/massage__1f486_1f3fc_200d_2642.png,https://fonts.gstatic.com/s/e/noto3demoji/latest/1f486_1f3fc_200d_2642/512.png,512,512,136873,00478e33af2a5673b9870d6b56798f7a9422d44d4e0879295c4667dfbc73598b
💆🏽‍♂,Massage,People & Body,1f486_1f3fd_200d_2642,People Body/massage__1f486_1f3fd_200d_2642.png,https://fonts.gstatic.com/s/e/noto3demoji/latest/1f486_1f3fd_200d_2642/512.png,512,512,130517,cbb97a4020577e4c1e68f73fe0a23f31bd7291d5bf3d6a28bc119c4e191f3a7c
💆🏾‍♂,Massage,People & Body,1f486_1f3fe_200d_2642,People Body/massage__1f486_1f3fe_200d_2642.png,https://fonts.gstatic.com/s/e/noto3demoji/latest/1f486_1f3fe_200d_2642/512.png,512,512,130183,23dc5cdae42f4e3e1b6a168906bce79f167c66af71c270b62e9be44ddabe28b1
💆🏿‍♂,Massage,People & Body,1f486_1f3ff_200d_2642,People Body/massage__1f486_1f3ff_200d_2642.png,https://fonts.gstatic.com/s/e/noto3demoji/latest/1f486_1f3ff_200d_2642/512.png,512,512,126369,50912ad6fb8487280c1a42a9f73f181f78e7b60e8d2d52a1f7d7cf4d56d5968c
💆‍♀,Massage,People & Body,1f486_200d_2640,People Body/massage__1f486_200d_2640.png,https://fonts.gstatic.com/s/e/noto3demoji/latest/1f486_200d_2640/512.png,512,512,141586,df5f2bce14b0567f4599ff0ce317424ca504471e97545df6f9a95e5b1e282b70
💆🏻‍♀,Massage,People & Body,1f486_1f3fb_200d_2640,People Body/massage__1f486_1f3fb_200d_2640.png,https://fonts.gstatic.com/s/e/noto3demoji/latest/1f486_1f3fb_200d_2640/512.png,512,512,155391,c5b495506caf34bad2defdedcfb921bc9595ba54f08c60ede4fda6bcffc3e68b
💆🏼‍♀,Massage,People & Body,1f486_1f3fc_200d_2640,People Body/massage__1f486_1f3fc_200d_2640.png,https://fonts.gstatic.com/s/e/noto3demoji/latest/1f486_1f3fc_200d_2640/512.png,512,512,153429,e7a76669817626686928aec800091113b3555e4a819a0a51beb0f62fc89a72e2
💆🏽‍♀,Massage,People & Body,1f486_1f3fd_200d_2640,People Body/massage__1f486_1f3fd_200d_2640.png,https://fonts.gstatic.com/s/e/noto3demoji/latest/1f486_1f3fd_200d_2640/512.png,512,512,145312,14c2ab21edcfcf50bb9f6914ba120ccc919a3ed6de0437371cea35dea23d4864
💆🏾‍♀,Massage,People & Body,1f486_1f3fe_200d_2640,People Body/massage__1f486_1f3fe_200d_2640.png,https://fonts.gstatic.com/s/e/noto3demoji/latest/1f486_1f3fe_200d_2640/512.png,512,512,144517,6a4540029d1fde87774420d82fb2c881ec36c1dc72099c7a4fc2c3c679d21a51
💆🏿‍♀,Massage,People & Body,1f486_1f3ff_200d_2640,People Body/massage__1f486_1f3ff_200d_2640.png,https://fonts.gstatic.com/s/e/noto3demoji/latest/1f486_1f3ff_200d_2640/512.png,512,512,140038,bd9d9d0da571a50fc93650c5c494b99ee40c3b2d834cee28064b635865094ce7
💇,Haircut,People & Body,1f487,People Body/haircut__1f487.png,https://fonts.gstatic.com/s/e/noto3demoji/latest/1f487/512.png,512,512,149654,bf208a4d025849a42f9b16e48ae7b19bc414b7834f312b0fb2fd27794eec0e4d
💇🏻,Haircut,People & Body,1f487_1f3fb,People Body/haircut__1f487_1f3fb.png,https://fonts.gstatic.com/s/e/noto3demoji/latest/1f487_1f3fb/512.png,512,512,162974,fa3772d1dda48934c24d6b64f3f702e50ad301524f811b6dcbcba87be2f953b8
💇🏼,Haircut,People & Body,1f487_1f3fc,People Body/haircut__1f487_1f3fc.png,https://fonts.gstatic.com/s/e/noto3demoji/latest/1f487_1f3fc/512.png,512,512,165568,60da4a14a9131531fdcfaf068925d29a437df1a76b3c5e9177f50112568c45f2
💇🏽,Haircut,People & Body,1f487_1f3fd,People Body/haircut__1f487_1f3fd.png,https://fonts.gstatic.com/s/e/noto3demoji/latest/1f487_1f3fd/512.png,512,512,157058,29d3c0a4d77655ae4292b89ce13f5d968babf4d683b12f6af5689251a94db96b
💇🏾,Haircut,People & Body,1f487_1f3fe,People Body/haircut__1f487_1f3fe.png,https://fonts.gstatic.com/s/e/noto3demoji/latest/1f487_1f3fe/512.png,512,512,154588,4cd71287085a2c4493c822166f46e95e374de6884b67c3e8ce497803f5dc9c05
💇🏿,Haircut,People & Body,1f487_1f3ff,People Body/haircut__1f487_1f3ff.png,https://fonts.gstatic.com/s/e/noto3demoji/latest/1f487_1f3ff/512.png,512,512,150080,c03f646ddbee229ce938fc32619b9074e78da02fd2838d633714c475177bb05b
💇‍♂,Haircut,People & Body,1f487_200d_2642,People Body/haircut__1f487_200d_2642.png,https://fonts.gstatic.com/s/e/noto3demoji/latest/1f487_200d_2642/512.png,512,512,146832,dd30962519cd50393fc2f151c99a2e20ff5570b687c28999baba7ee3580c4ccd
💇🏻‍♂,Haircut,People & Body,1f487_1f3fb_200d_2642,People Body/haircut__1f487_1f3fb_200d_2642.png,https://fonts.gstatic.com/s/e/noto3demoji/latest/1f487_1f3fb_200d_2642/512.png,512,512,155760,f6ba5b9f21a871f3ad343c54898b4ab4dd6c08fec06dc63896878c1f3b31dd5c
💇🏼‍♂,Haircut,People & Body,1f487_1f3fc_200d_2642,People Body/haircut__1f487_1f3fc_200d_2642.png,https://fonts.gstatic.com/s/e/noto3demoji/latest/1f487_1f3fc_200d_2642/512.png,512,512,155573,9cd6e57a21ad4ee87b2c033dac8fbcf6221ea32b86677af27a7653a010abc881
💇🏽‍♂,Haircut,People & Body,1f487_1f3fd_200d_2642,People Body/haircut__1f487_1f3fd_200d_2642.png,https://fonts.gstatic.com/s/e/noto3demoji/latest/1f487_1f3fd_200d_2642/512.png,512,512,150999,685a2e9e03e32bb0e34b5234a6e15ce963d5d9d54c0693215d75eea993c7e315
💇🏾‍♂,Haircut,People & Body,1f487_1f3fe_200d_2642,People Body/haircut__1f487_1f3fe_200d_2642.png,https://fonts.gstatic.com/s/e/noto3demoji/latest/1f487_1f3fe_200d_2642/512.png,512,512,150306,64372c02e0d76f92f8c097a23480d4a425d13c5d86c34e78797b64c8a0306e40
💇🏿‍♂,Haircut,People & Body,1f487_1f3ff_200d_2642,People Body/haircut__1f487_1f3ff_200d_2642.png,https://fonts.gstatic.com/s/e/noto3demoji/latest/1f487_1f3ff_200d_2642/512.png,512,512,144425,7a932d3f1a68e50a6c6b0617f55af3748b2c785617ab0c19a54182fd5af488a5
💇‍♀,Haircut,People & Body,1f487_200d_2640,People Body/haircut__1f487_200d_2640.png,https://fonts.gstatic.com/s/e/noto3demoji/latest/1f487_200d_2640/512.png,512,512,163589,fd9c24920999cf522a9e383f636891cd47641a7f3b6cc5cd2d1df4d2bc06a898
💇🏻‍♀,Haircut,People & Body,1f487_1f3fb_200d_2640,People Body/haircut__1f487_1f3fb_200d_2640.png,https://fonts.gstatic.com/s/e/noto3demoji/latest/1f487_1f3fb_200d_2640/512.png,512,512,169838,31e642e9a24450b679d3582eac7417d0133700b4bcc2a3af6114e80065cff7ec
💇🏼‍♀,Haircut,People & Body,1f487_1f3fc_200d_2640,People Body/haircut__1f487_1f3fc_200d_2640.png,https://fonts.gstatic.com/s/e/noto3demoji/latest/1f487_1f3fc_200d_2640/512.png,512,512,172920,64596936d7fe16c6c5c25364306e05502a09feea1f26b6d0bca4d91f9d1035f3
💇🏽‍♀,Haircut,People & Body,1f487_1f3fd_200d_2640,People Body/haircut__1f487_1f3fd_200d_2640.png,https://fonts.gstatic.com/s/e/noto3demoji/latest/1f487_1f3fd_200d_2640/512.png,512,512,165352,b1d4b17e1046957de36da2450f69dc34dcda50c2990cf7825755a5710796e3c2
💇🏾‍♀,Haircut,People & Body,1f487_1f3fe_200d_2640,People Body/haircut__1f487_1f3fe_200d_2640.png,https://fonts.gstatic.com/s/e/noto3demoji/latest/1f487_1f3fe_200d_2640/512.png,512,512,164781,b08735bd05eec87c79e2dd2ae6b73240b5e8f0ee3bdc5fc466a916a6103ee7a0
💇🏿‍♀,Haircut,People & Body,1f487_1f3ff_200d_2640,People Body/haircut__1f487_1f3ff_200d_2640.png,https://fonts.gstatic.com/s/e/noto3demoji/latest/1f487_1f3ff_200d_2640/512.png,512,512,158611,a6497a77c5b0a972963fd4bf5addc09d85cd0cc42e8da4d064434ce1f356fcff
🚶,Walking,People & Body,1f6b6,People Body/walking__1f6b6.png,https://fonts.gstatic.com/s/e/noto3demoji/latest/1f6b6/512.png,512,512,63771,662f6e461cba32c661ae759acc028a7b620e77d5342e2322436ccded0e908380
🚶🏻,Walking,People & Body,1f6b6_1f3fb,People Body/walking__1f6b6_1f3fb.png,https://fonts.gstatic.com/s/e/noto3demoji/latest/1f6b6_1f3fb/512.png,512,512,65134,966287ebf9d33d25637f5d82c1e01598de9e66fe1d9192d76a5818d9b2284110
🚶🏼,Walking,People & Body,1f6b6_1f3fc,People Body/walking__1f6b6_1f3fc.png,https://fonts.gstatic.com/s/e/noto3demoji/latest/1f6b6_1f3fc/512.png,512,512,65169,9a921a8b734778473971635539a8d5bc608d5f0254094a655f196ea822eae5e1
🚶🏽,Walking,People & Body,1f6b6_1f3fd,People Body/walking__1f6b6_1f3fd.png,https://fonts.gstatic.com/s/e/noto3demoji/latest/1f6b6_1f3fd/512.png,512,512,64205,e721d98a1f9f13d9ceaa5a412db1089335de1780d63f6ffb60a225249e534f00
🚶🏾,Walking,People & Body,1f6b6_1f3fe,People Body/walking__1f6b6_1f3fe.png,https://fonts.gstatic.com/s/e/noto3demoji/latest/1f6b6_1f3fe/512.png,512,512,63852,322afaba211f86fcc814197203a58d38fe398d395c57b816bcd8a747abbb8899
🚶🏿,Walking,People & Body,1f6b6_1f3ff,People Body/walking__1f6b6_1f3ff.png,https://fonts.gstatic.com/s/e/noto3demoji/latest/1f6b6_1f3ff/512.png,512,512,63020,7a788b290de846bb565cc065cb41cba6545d66bcb1fa55ad9449c00069c2643c
🚶‍♂,Walking,People & Body,1f6b6_200d_2642,People Body/walking__1f6b6_200d_2642.png,https://fonts.gstatic.com/s/e/noto3demoji/latest/1f6b6_200d_2642/512.png,512,512,62095,e7a3807ff2da6660b30cf44e9e76518da8bb753916e243fec525b829277e10f7
🚶🏻‍♂,Walking,People & Body,1f6b6_1f3fb_200d_2642,People Body/walking__1f6b6_1f3fb_200d_2642.png,https://fonts.gstatic.com/s/e/noto3demoji/latest/1f6b6_1f3fb_200d_2642/512.png,512,512,63390,67d72f6bd6888af719f843c3c4c05dce2148a0fa4f1a3017ededac62877c5e6b
🚶🏼‍♂,Walking,People & Body,1f6b6_1f3fc_200d_2642,People Body/walking__1f6b6_1f3fc_200d_2642.png,https://fonts.gstatic.com/s/e/noto3demoji/latest/1f6b6_1f3fc_200d_2642/512.png,512,512,63369,d40ead0846af7bf33c6ee40581cd7d332862500d50163a2c7b0b15463637ca4c
🚶🏽‍♂,Walking,People & Body,1f6b6_1f3fd_200d_2642,People Body/walking__1f6b6_1f3fd_200d_2642.png,https://fonts.gstatic.com/s/e/noto3demoji/latest/1f6b6_1f3fd_200d_2642/512.png,512,512,62049,8c16883b45dcf196b633e21e0df83478cd154dba41688d407d6afc4ae4d90a4d
🚶🏾‍♂,Walking,People & Body,1f6b6_1f3fe_200d_2642,People Body/walking__1f6b6_1f3fe_200d_2642.png,https://fonts.gstatic.com/s/e/noto3demoji/latest/1f6b6_1f3fe_200d_2642/512.png,512,512,62482,0e8b175cd80f75829739376b6270825d316e27930098a01bb0eba3b9becc1cae
🚶🏿‍♂,Walking,People & Body,1f6b6_1f3ff_200d_2642,People Body/walking__1f6b6_1f3ff_200d_2642.png,https://fonts.gstatic.com/s/e/noto3demoji/latest/1f6b6_1f3ff_200d_2642/512.png,512,512,61500,868088fede4eda6f0024560d60d0cfe8a89b2140cf065087bbbf704e1e313ba1
🚶‍♀,Walking,People & Body,1f6b6_200d_2640,People Body/walking__1f6b6_200d_2640.png,https://fonts.gstatic.com/s/e/noto3demoji/latest/1f6b6_200d_2640/512.png,512,512,69404,e6412831580c0e2e321d003d245174250672cace702a0abc043f394a98faeb7e
🚶🏻‍♀,Walking,People & Body,1f6b6_1f3fb_200d_2640,People Body/walking__1f6b6_1f3fb_200d_2640.png,https://fonts.gstatic.com/s/e/noto3demoji/latest/1f6b6_1f3fb_200d_2640/512.png,512,512,69821,cce9b2bfe1c14013e1b3924200159249238c0e638986dfba49c47e761e422481
🚶🏼‍♀,Walking,People & Body,1f6b6_1f3fc_200d_2640,People Body/walking__1f6b6_1f3fc_200d_2640.png,https://fonts.gstatic.com/s/e/noto3demoji/latest/1f6b6_1f3fc_200d_2640/512.png,512,512,70758,5411db896dbceb76a462b0737e539c935dbdddf97251208ce67cf53d9acace65
🚶🏽‍♀,Walking,People & Body,1f6b6_1f3fd_200d_2640,People Body/walking__1f6b6_1f3fd_200d_2640.png,https://fonts.gstatic.com/s/e/noto3demoji/latest/1f6b6_1f3fd_200d_2640/512.png,512,512,68751,ed53ef04241f091e5b8c2eed1044804a40744aa0c40bb8c9518ba809f516d58b
🚶🏾‍♀,Walking,People & Body,1f6b6_1f3fe_200d_2640,People Body/walking__1f6b6_1f3fe_200d_2640.png,https://fonts.gstatic.com/s/e/noto3demoji/latest/1f6b6_1f3fe_200d_2640/512.png,512,512,68564,16de6bcd6ecefb9936f32343da01c2d93bc91a14dc23cc495a4280bc9baf23d3
🚶🏿‍♀,Walking,People & Body,1f6b6_1f3ff_200d_2640,People Body/walking__1f6b6_1f3ff_200d_2640.png,https://fonts.gstatic.com/s/e/noto3demoji/latest/1f6b6_1f3ff_200d_2640/512.png,512,512,67550,7d1b3a9c19d9b7ad2c6bb102f929a33dba164f87de0d551c498cbf83f54aaee4
🚶‍➡,Walking,People & Body,1f6b6_200d_27a1,People Body/walking__1f6b6_200d_27a1.png,https://fonts.gstatic.com/s/e/noto3demoji/latest/1f6b6_200d_27a1/512.png,512,512,66055,7b8092390058643c81b27cacf57fb708c316e8b2be2c68a34d1355cc35368fdd
🚶🏻‍➡,Walking,People & Body,1f6b6_1f3fb_200d_27a1,People Body/walking__1f6b6_1f3fb_200d_27a1.png,https://fonts.gstatic.com/s/e/noto3demoji/latest/1f6b6_1f3fb_200d_27a1/512.png,512,512,66238,57cc4af2d0d948dcbf85a851aeabede846c4a1811291e56389ebb025d3668d9c
🚶🏼‍➡,Walking,People & Body,1f6b6_1f3fc_200d_27a1,People Body/walking__1f6b6_1f3fc_200d_27a1.png,https://fonts.gstatic.com/s/e/noto3demoji/latest/1f6b6_1f3fc_200d_27a1/512.png,512,512,66873,f20a596a37e90efb5a6bfc797fbb026458f08ccf6515afcf7fd851fb283bbf8b
🚶🏽‍➡,Walking,People & Body,1f6b6_1f3fd_200d_27a1,People Body/walking__1f6b6_1f3fd_200d_27a1.png,https://fonts.gstatic.com/s/e/noto3demoji/latest/1f6b6_1f3fd_200d_27a1/512.png,512,512,64898,a30dfa42d8ab58f71084ddc1dd5aded963facb8a7deca9c38b7147cf98611cbe
🚶🏾‍➡,Walking,People & Body,1f6b6_1f3fe_200d_27a1,People Body/walking__1f6b6_1f3fe_200d_27a1.png,https://fonts.gstatic.com/s/e/noto3demoji/latest/1f6b6_1f3fe_200d_27a1/512.png,512,512,65085,ffbc87cbe41a5e0819604abcf246ae61235e3afc3ac948e03ac05c1ba1286173
🚶🏿‍➡,Walking,People & Body,1f6b6_1f3ff_200d_27a1,People Body/walking__1f6b6_1f3ff_200d_27a1.png,https://fonts.gstatic.com/s/e/noto3demoji/latest/1f6b6_1f3ff_200d_27a1/512.png,512,512,64473,04ade8b574ea1bb68211ef20bbb56286f4fc9743edff87921e345498a276e96c
🚶‍♀‍➡,Walking,People & Body,1f6b6_200d_2640_200d_27a1,People Body/walking__1f6b6_200d_2640_200d_27a1.png,https://fonts.gstatic.com/s/e/noto3demoji/latest/1f6b6_200d_2640_200d_27a1/512.png,512,512,72232,7a690dadfdf8986b710df258a46c7d8abea470a0fdfbd785c27b353e3d2eac0f
🚶🏻‍♀‍➡,Walking,People & Body,1f6b6_1f3fb_200d_2640_200d_27a1,People Body/walking__1f6b6_1f3fb_200d_2640_200d_27a1.png,https://fonts.gstatic.com/s/e/noto3demoji/latest/1f6b6_1f3fb_200d_2640_200d_27a1/512.png,512,512,72021,e9347e6eb2b3446073c7d7bbe7581e16257bb7d2bf1740f5b4f4e1fd15770062
🚶🏼‍♀‍➡,Walking,People & Body,1f6b6_1f3fc_200d_2640_200d_27a1,People Body/walking__1f6b6_1f3fc_200d_2640_200d_27a1.png,https://fonts.gstatic.com/s/e/noto3demoji/latest/1f6b6_1f3fc_200d_2640_200d_27a1/512.png,512,512,72841,40efdfc79822c5bcfe1e857b2bd5719ad20661a3d8555ae1fff9cc9135a9a62a
🚶🏽‍♀‍➡,Walking,People & Body,1f6b6_1f3fd_200d_2640_200d_27a1,People Body/walking__1f6b6_1f3fd_200d_2640_200d_27a1.png,https://fonts.gstatic.com/s/e/noto3demoji/latest/1f6b6_1f3fd_200d_2640_200d_27a1/512.png,512,512,70976,0c1eb5cf2047026c0c23a3a9dfaf1af883f81b06f20eafd340b2c75c4df3f614
🚶🏾‍♀‍➡,Walking,People & Body,1f6b6_1f3fe_200d_2640_200d_27a1,People Body/walking__1f6b6_1f3fe_200d_2640_200d_27a1.png,https://fonts.gstatic.com/s/e/noto3demoji/latest/1f6b6_1f3fe_200d_2640_200d_27a1/512.png,512,512,70891,d815cfc692b4a5e4a8a344d710775b89a441a7373ee6eafcfb0c48368ef7b731
🚶🏿‍♀‍➡,Walking,People & Body,1f6b6_1f3ff_200d_2640_200d_27a1,People Body/walking__1f6b6_1f3ff_200d_2640_200d_27a1.png,https://fonts.gstatic.com/s/e/noto3demoji/latest/1f6b6_1f3ff_200d_2640_200d_27a1/512.png,512,512,69251,a91eea126344acab8ad41d723a0b47a20effa693f04afaa90da5d0084e4ebb0a
🚶‍♂‍➡,Walking,People & Body,1f6b6_200d_2642_200d_27a1,People Body/walking__1f6b6_200d_2642_200d_27a1.png,https://fonts.gstatic.com/s/e/noto3demoji/latest/1f6b6_200d_2642_200d_27a1/512.png,512,512,64933,e4dcd0f6fc6766bce4f9957a7f3d34b1d7812767b100bdc929986601dec1e117
🚶🏻‍♂‍➡,Walking,People & Body,1f6b6_1f3fb_200d_2642_200d_27a1,People Body/walking__1f6b6_1f3fb_200d_2642_200d_27a1.png,https://fonts.gstatic.com/s/e/noto3demoji/latest/1f6b6_1f3fb_200d_2642_200d_27a1/512.png,512,512,65202,2585789f641bcbdc92a3d3628449315511311832b2570acef0eef08f7f701ad7
🚶🏼‍♂‍➡,Walking,People & Body,1f6b6_1f3fc_200d_2642_200d_27a1,People Body/walking__1f6b6_1f3fc_200d_2642_200d_27a1.png,https://fonts.gstatic.com/s/e/noto3demoji/latest/1f6b6_1f3fc_200d_2642_200d_27a1/512.png,512,512,65680,80278246c941a465565375f009692c682e0ac62c1284717ccc172baf5b1bb5ca
🚶🏽‍♂‍➡,Walking,People & Body,1f6b6_1f3fd_200d_2642_200d_27a1,People Body/walking__1f6b6_1f3fd_200d_2642_200d_27a1.png,https://fonts.gstatic.com/s/e/noto3demoji/latest/1f6b6_1f3fd_200d_2642_200d_27a1/512.png,512,512,63940,f8db9e4507f32cbd52b1a635cbe2d8588c0a0b76fa272fa6cb9d0cde4310ed9c
🚶🏾‍♂‍➡,Walking,People & Body,1f6b6_1f3fe_200d_2642_200d_27a1,People Body/walking__1f6b6_1f3fe_200d_2642_200d_27a1.png,https://fonts.gstatic.com/s/e/noto3demoji/latest/1f6b6_1f3fe_200d_2642_200d_27a1/512.png,512,512,64385,0e3bd3ba6ccf6d043dad63dcaf992cf553115222c9a1a71505204c0824720690
🚶🏿‍♂‍➡,Walking,People & Body,1f6b6_1f3ff_200d_2642_200d_27a1,People Body/walking__1f6b6_1f3ff_200d_2642_200d_27a1.png,https://fonts.gstatic.com/s/e/noto3demoji/latest/1f6b6_1f3ff_200d_2642_200d_27a1/512.png,512,512,63137,329efdfaaf9d00fd3d612f92e62c6404850d765ecaf3c5c4b68e7fd584167500
🧍,Standing,People & Body,1f9cd,People Body/standing__1f9cd.png,https://fonts.gstatic.com/s/e/noto3demoji/latest/1f9cd/512.png,512,512,74447,f779d71780d42cd551e20fe24ac654e4d63a38771928e9a37bb5efcb0ffb8576
🧍🏻,Standing,People & Body,1f9cd_1f3fb,People Body/standing__1f9cd_1f3fb.png,https://fonts.gstatic.com/s/e/noto3demoji/latest/1f9cd_1f3fb/512.png,512,512,75518,5afd19b8c0f2cb4d3dca3930db218ec035181aaf32ae65b7f37dff3a48f82ca6
🧍🏼,Standing,People & Body,1f9cd_1f3fc,People Body/standing__1f9cd_1f3fc.png,https://fonts.gstatic.com/s/e/noto3demoji/latest/1f9cd_1f3fc/512.png,512,512,75943,55155785e360c23de4e982145b65c7eb12b57422ae7ec8b73fd2d87baabcbeb3
🧍🏽,Standing,People & Body,1f9cd_1f3fd,People Body/standing__1f9cd_1f3fd.png,https://fonts.gstatic.com/s/e/noto3demoji/latest/1f9cd_1f3fd/512.png,512,512,73647,0a45a12b6e299c8b46a1b5dd0200aad9d34f279717cf5e5daf3a9387910e0ed0
🧍🏾,Standing,People & Body,1f9cd_1f3fe,People Body/standing__1f9cd_1f3fe.png,https://fonts.gstatic.com/s/e/noto3demoji/latest/1f9cd_1f3fe/512.png,512,512,73396,66a099759b7be9fd19df322f90d028ca1aabce5901489caa0344859cae22a4b0
🧍🏿,Standing,People & Body,1f9cd_1f3ff,People Body/standing__1f9cd_1f3ff.png,https://fonts.gstatic.com/s/e/noto3demoji/latest/1f9cd_1f3ff/512.png,512,512,72180,3bd08916edeb6bcf37013c248cc8f2907d81d0a903f0180f9ec341d26e876c4b
🧍‍♂,Standing,People & Body,1f9cd_200d_2642,People Body/standing__1f9cd_200d_2642.png,https://fonts.gstatic.com/s/e/noto3demoji/latest/1f9cd_200d_2642/512.png,512,512,69368,2b6f10e3a7844b8d01887de899a1d0a49e91f3e09244b453f1ff6bedb28fa5de
🧍🏻‍♂,Standing,People & Body,1f9cd_1f3fb_200d_2642,People Body/standing__1f9cd_1f3fb_200d_2642.png,https://fonts.gstatic.com/s/e/noto3demoji/latest/1f9cd_1f3fb_200d_2642/512.png,512,512,70846,1cd80f5940c0f0a0fdf2e93a616d3656c32e52c691e264fd7202fae5b6496d96
🧍🏼‍♂,Standing,People & Body,1f9cd_1f3fc_200d_2642,People Body/standing__1f9cd_1f3fc_200d_2642.png,https://fonts.gstatic.com/s/e/noto3demoji/latest/1f9cd_1f3fc_200d_2642/512.png,512,512,70255,44248a7169415af0b9e20f1823c5320f6767c689112a47159b4b481048f604b8
🧍🏽‍♂,Standing,People & Body,1f9cd_1f3fd_200d_2642,People Body/standing__1f9cd_1f3fd_200d_2642.png,https://fonts.gstatic.com/s/e/noto3demoji/latest/1f9cd_1f3fd_200d_2642/512.png,512,512,68448,fa1d89dd769c7976bfe2ece4574d740fde65faf40cee7049974e6828d14a2447
🧍🏾‍♂,Standing,People & Body,1f9cd_1f3fe_200d_2642,People Body/standing__1f9cd_1f3fe_200d_2642.png,https://fonts.gstatic.com/s/e/noto3demoji/latest/1f9cd_1f3fe_200d_2642/512.png,512,512,68816,b2bf3abc8be9b2470ce67766f936933e35378c0f9b9078269377740faeadf890
🧍🏿‍♂,Standing,People & Body,1f9cd_1f3ff_200d_2642,People Body/standing__1f9cd_1f3ff_200d_2642.png,https://fonts.gstatic.com/s/e/noto3demoji/latest/1f9cd_1f3ff_200d_2642/512.png,512,512,67626,89c7d80ed1dad594bc5c71753b16d1f15a6762e2b6609d828407e6f6ae0a1ebc
🧍‍♀,Standing,People & Body,1f9cd_200d_2640,People Body/standing__1f9cd_200d_2640.png,https://fonts.gstatic.com/s/e/noto3demoji/latest/1f9cd_200d_2640/512.png,512,512,76438,0fb0ea4ea20b4139514c6e6df178b51673d17fc2b95bc646eca90416580c38c9
🧍🏻‍♀,Standing,People & Body,1f9cd_1f3fb_200d_2640,People Body/standing__1f9cd_1f3fb_200d_2640.png,https://fonts.gstatic.com/s/e/noto3demoji/latest/1f9cd_1f3fb_200d_2640/512.png,512,512,77955,d8063cf72652fe410e2c75c467775565a5473e28ce47561755f7bb98c2dfc4a7
🧍🏼‍♀,Standing,People & Body,1f9cd_1f3fc_200d_2640,People Body/standing__1f9cd_1f3fc_200d_2640.png,https://fonts.gstatic.com/s/e/noto3demoji/latest/1f9cd_1f3fc_200d_2640/512.png,512,512,77100,54af7f7b891514260366db3b44eb35e075921c24ae4dc173422d4cbd81310103
🧍🏽‍♀,Standing,People & Body,1f9cd_1f3fd_200d_2640,People Body/standing__1f9cd_1f3fd_200d_2640.png,https://fonts.gstatic.com/s/e/noto3demoji/latest/1f9cd_1f3fd_200d_2640/512.png,512,512,75384,45f2a0c4d428b3ef0b4f96c37fcafcdb6a9a39e35b0de31b027a67e525b1050b
🧍🏾‍♀,Standing,People & Body,1f9cd_1f3fe_200d_2640,People Body/standing__1f9cd_1f3fe_200d_2640.png,https://fonts.gstatic.com/s/e/noto3demoji/latest/1f9cd_1f3fe_200d_2640/512.png,512,512,75430,f68ef870e194bd72d2e62a79529a18e68a33b9f6969742ab93f657de34e58942
🧍🏿‍♀,Standing,People & Body,1f9cd_1f3ff_200d_2640,People Body/standing__1f9cd_1f3ff_200d_2640.png,https://fonts.gstatic.com/s/e/noto3demoji/latest/1f9cd_1f3ff_200d_2640/512.png,512,512,73695,9f6e38d6a0010888e50d903cb404afdb8ec3283c240405112daa39f08d7a5b0c
🧎,Kneeling,People & Body,1f9ce,People Body/kneeling__1f9ce.png,https://fonts.gstatic.com/s/e/noto3demoji/latest/1f9ce/512.png,512,512,80302,a067a3cf571df1f9c443b6aee8f092fce58854effc4d0a2fcf3999e523e13501
🧎🏻,Kneeling,People & Body,1f9ce_1f3fb,People Body/kneeling__1f9ce_1f3fb.png,https://fonts.gstatic.com/s/e/noto3demoji/latest/1f9ce_1f3fb/512.png,512,512,81761,564021162a90b5aec24c05c97ed4a90c3fe7acb9e9d6df303554d6deea520baa
🧎🏼,Kneeling,People & Body,1f9ce_1f3fc,People Body/kneeling__1f9ce_1f3fc.png,https://fonts.gstatic.com/s/e/noto3demoji/latest/1f9ce_1f3fc/512.png,512,512,82665,004e4c42c78d3d7054ac3c004fc3639a48cab3ce82f00abda5d8bb94e68ea747
🧎🏽,Kneeling,People & Body,1f9ce_1f3fd,People Body/kneeling__1f9ce_1f3fd.png,https://fonts.gstatic.com/s/e/noto3demoji/latest/1f9ce_1f3fd/512.png,512,512,80126,bb45a53edb619f01369bb06c79a6db3a64685fa2b53e407a882f6ba4723c426f
🧎🏾,Kneeling,People & Body,1f9ce_1f3fe,People Body/kneeling__1f9ce_1f3fe.png,https://fonts.gstatic.com/s/e/noto3demoji/latest/1f9ce_1f3fe/512.png,512,512,80051,29c391b6ff537e2e074f2b7d3809f4113c4cbdd34e57e0ac28518e6de5ffff3e
🧎🏿,Kneeling,People & Body,1f9ce_1f3ff,People Body/kneeling__1f9ce_1f3ff.png,https://fonts.gstatic.com/s/e/noto3demoji/latest/1f9ce_1f3ff/512.png,512,512,79186,0ae8e2206aa8dad0c72fc746734508a99bd39be6d5db8da31316fb1c0c62c90f
🧎‍♂,Kneeling,People & Body,1f9ce_200d_2642,People Body/kneeling__1f9ce_200d_2642.png,https://fonts.gstatic.com/s/e/noto3demoji/latest/1f9ce_200d_2642/512.png,512,512,78004,cddabc703ad23ce69871cf1d72f322b88ea99abb71d5895d65eb775fa0048f61
🧎🏻‍♂,Kneeling,People & Body,1f9ce_1f3fb_200d_2642,People Body/kneeling__1f9ce_1f3fb_200d_2642.png,https://fonts.gstatic.com/s/e/noto3demoji/latest/1f9ce_1f3fb_200d_2642/512.png,512,512,79667,f02dcbcca854459193b2613951e5242c87adae00632506b8e038c98b1daa2e85
🧎🏼‍♂,Kneeling,People & Body,1f9ce_1f3fc_200d_2642,People Body/kneeling__1f9ce_1f3fc_200d_2642.png,https://fonts.gstatic.com/s/e/noto3demoji/latest/1f9ce_1f3fc_200d_2642/512.png,512,512,80150,e0d7372b2b4629ae780776a4870e0436bef271748bf6395bf7453fbf06625c03
🧎🏽‍♂,Kneeling,People & Body,1f9ce_1f3fd_200d_2642,People Body/kneeling__1f9ce_1f3fd_200d_2642.png,https://fonts.gstatic.com/s/e/noto3demoji/latest/1f9ce_1f3fd_200d_2642/512.png,512,512,78004,91716bcc5f4d2fa73afc91c4140dc863bb3854a5aab2f0933965a539ed1fb9b3
🧎🏾‍♂,Kneeling,People & Body,1f9ce_1f3fe_200d_2642,People Body/kneeling__1f9ce_1f3fe_200d_2642.png,https://fonts.gstatic.com/s/e/noto3demoji/latest/1f9ce_1f3fe_200d_2642/512.png,512,512,78203,275f15ddb28e38d4eec143546dc457c471126f1bf831fba318797ddbc20b16cc
🧎🏿‍♂,Kneeling,People & Body,1f9ce_1f3ff_200d_2642,People Body/kneeling__1f9ce_1f3ff_200d_2642.png,https://fonts.gstatic.com/s/e/noto3demoji/latest/1f9ce_1f3ff_200d_2642/512.png,512,512,77334,2f3740752194fa629ad225f81a1f08a8f9a1503952e5da5e005c6144c7f05a48
🧎‍♀,Kneeling,People & Body,1f9ce_200d_2640,People Body/kneeling__1f9ce_200d_2640.png,https://fonts.gstatic.com/s/e/noto3demoji/latest/1f9ce_200d_2640/512.png,512,512,87105,67b85cd520f7283ad763ebd56d76a3d770667d8227771a48bb172c14994f0128
🧎🏻‍♀,Kneeling,People & Body,1f9ce_1f3fb_200d_2640,People Body/kneeling__1f9ce_1f3fb_200d_2640.png,https://fonts.gstatic.com/s/e/noto3demoji/latest/1f9ce_1f3fb_200d_2640/512.png,512,512,88056,8ea75101280678aabe3849680d34a932d76ed623225b189953d4c16ba3edfa1c
🧎🏼‍♀,Kneeling,People & Body,1f9ce_1f3fc_200d_2640,People Body/kneeling__1f9ce_1f3fc_200d_2640.png,https://fonts.gstatic.com/s/e/noto3demoji/latest/1f9ce_1f3fc_200d_2640/512.png,512,512,88847,c3f7435d220cf95efd5c59c3194a64a8eee40068a0262167304075342012a90f
🧎🏽‍♀,Kneeling,People & Body,1f9ce_1f3fd_200d_2640,People Body/kneeling__1f9ce_1f3fd_200d_2640.png,https://fonts.gstatic.com/s/e/noto3demoji/latest/1f9ce_1f3fd_200d_2640/512.png,512,512,86621,7771f268896cdc2844a3a5a75398aa90ddc781d35200f473a6ee51dbef5c4451
🧎🏾‍♀,Kneeling,People & Body,1f9ce_1f3fe_200d_2640,People Body/kneeling__1f9ce_1f3fe_200d_2640.png,https://fonts.gstatic.com/s/e/noto3demoji/latest/1f9ce_1f3fe_200d_2640/512.png,512,512,86112,21c485a32689eaee2b404905bacc0c5b54990c4705f494153b02f4361dc2a7c0
🧎🏿‍♀,Kneeling,People & Body,1f9ce_1f3ff_200d_2640,People Body/kneeling__1f9ce_1f3ff_200d_2640.png,https://fonts.gstatic.com/s/e/noto3demoji/latest/1f9ce_1f3ff_200d_2640/512.png,512,512,84708,6bed9875d4423758c0f54915370336bb05e278f3ca54a7e9b0fe1895a70d0402
🧎‍➡,Kneeling,People & Body,1f9ce_200d_27a1,People Body/kneeling__1f9ce_200d_27a1.png,https://fonts.gstatic.com/s/e/noto3demoji/latest/1f9ce_200d_27a1/512.png,512,512,82249,28e0192d395bc7638ad68a6e6e439e3d7136179ac86a8bdbb1750de9c5f3a461
🧎🏻‍➡,Kneeling,People & Body,1f9ce_1f3fb_200d_27a1,People Body/kneeling__1f9ce_1f3fb_200d_27a1.png,https://fonts.gstatic.com/s/e/noto3demoji/latest/1f9ce_1f3fb_200d_27a1/512.png,512,512,82500,1069fd2eeb753c22be3522bf5a719da9cafe611a5044be57b559b07dc4eddc5f
🧎🏼‍➡,Kneeling,People & Body,1f9ce_1f3fc_200d_27a1,People Body/kneeling__1f9ce_1f3fc_200d_27a1.png,https://fonts.gstatic.com/s/e/noto3demoji/latest/1f9ce_1f3fc_200d_27a1/512.png,512,512,83412,cc12f79269a6eff846c702af903155e1344991b6799018ca528dc521d50feedc
🧎🏽‍➡,Kneeling,People & Body,1f9ce_1f3fd_200d_27a1,People Body/kneeling__1f9ce_1f3fd_200d_27a1.png,https://fonts.gstatic.com/s/e/noto3demoji/latest/1f9ce_1f3fd_200d_27a1/512.png,512,512,80979,37704c217371824747e3ae3e1dc85e0aea7279f397968a4abaac026c6611b5f3
🧎🏾‍➡,Kneeling,People & Body,1f9ce_1f3fe_200d_27a1,People Body/kneeling__1f9ce_1f3fe_200d_27a1.png,https://fonts.gstatic.com/s/e/noto3demoji/latest/1f9ce_1f3fe_200d_27a1/512.png,512,512,80770,e78ed128d461889e0739056e9c1e2e1ad4883f77e48eca8567f1f37a429fb065
🧎🏿‍➡,Kneeling,People & Body,1f9ce_1f3ff_200d_27a1,People Body/kneeling__1f9ce_1f3ff_200d_27a1.png,https://fonts.gstatic.com/s/e/noto3demoji/latest/1f9ce_1f3ff_200d_27a1/512.png,512,512,80005,c9a3502f7042e3c21539e5abb5b549c90c677b16521fc192d3e0795aad8da52f
🧎‍♀‍➡,Kneeling,People & Body,1f9ce_200d_2640_200d_27a1,People Body/kneeling__1f9ce_200d_2640_200d_27a1.png,https://fonts.gstatic.com/s/e/noto3demoji/latest/1f9ce_200d_2640_200d_27a1/512.png,512,512,89505,417d462d2c990e7a2b3cf20fb848f29465b61add7770aefb0e2606be129636cd
🧎🏻‍♀‍➡,Kneeling,People & Body,1f9ce_1f3fb_200d_2640_200d_27a1,People Body/kneeling__1f9ce_1f3fb_200d_2640_200d_27a1.png,https://fonts.gstatic.com/s/e/noto3demoji/latest/1f9ce_1f3fb_200d_2640_200d_27a1/512.png,512,512,89279,aa5e0630b08fd31cd216f37e61ad71a0ebb72b71de63bca47a3e5533682668cd
🧎🏼‍♀‍➡,Kneeling,People & Body,1f9ce_1f3fc_200d_2640_200d_27a1,People Body/kneeling__1f9ce_1f3fc_200d_2640_200d_27a1.png,https://fonts.gstatic.com/s/e/noto3demoji/latest/1f9ce_1f3fc_200d_2640_200d_27a1/512.png,512,512,90622,27921e378347e1f7e13d270375702ca904e97dff721172636a125475b8427287
🧎🏽‍♀‍➡,Kneeling,People & Body,1f9ce_1f3fd_200d_2640_200d_27a1,People Body/kneeling__1f9ce_1f3fd_200d_2640_200d_27a1.png,https://fonts.gstatic.com/s/e/noto3demoji/latest/1f9ce_1f3fd_200d_2640_200d_27a1/512.png,512,512,88198,459dc18805572822379f0bf04b274d2d372ea103b5e0f9b20e79700691f71b1b
🧎🏾‍♀‍➡,Kneeling,People & Body,1f9ce_1f3fe_200d_2640_200d_27a1,People Body/kneeling__1f9ce_1f3fe_200d_2640_200d_27a1.png,https://fonts.gstatic.com/s/e/noto3demoji/latest/1f9ce_1f3fe_200d_2640_200d_27a1/512.png,512,512,87397,e93039f0a38a12cba00f480fcc38458b5293067be0f51ecdb91e91ffffcd199e
🧎🏿‍♀‍➡,Kneeling,People & Body,1f9ce_1f3ff_200d_2640_200d_27a1,People Body/kneeling__1f9ce_1f3ff_200d_2640_200d_27a1.png,https://fonts.gstatic.com/s/e/noto3demoji/latest/1f9ce_1f3ff_200d_2640_200d_27a1/512.png,512,512,86355,81f1e8f748b21348add226f0c373031142eb6c965aaf6a4c17ba0e50d6732c66
🧎‍♂‍➡,Kneeling,People & Body,1f9ce_200d_2642_200d_27a1,People Body/kneeling__1f9ce_200d_2642_200d_27a1.png,https://fonts.gstatic.com/s/e/noto3demoji/latest/1f9ce_200d_2642_200d_27a1/512.png,512,512,80706,26fe87dec9dfde35ca6d00fe80c683d929822f6a5ee3b5bcafe7f41f74c6b4fe
🧎🏻‍♂‍➡,Kneeling,People & Body,1f9ce_1f3fb_200d_2642_200d_27a1,People Body/kneeling__1f9ce_1f3fb_200d_2642_200d_27a1.png,https://fonts.gstatic.com/s/e/noto3demoji/latest/1f9ce_1f3fb_200d_2642_200d_27a1/512.png,512,512,81011,d91325db0d2a08be4b82afbcb50af7df33c130c84e7e66ba99637bd49686e9f9
🧎🏼‍♂‍➡,Kneeling,People & Body,1f9ce_1f3fc_200d_2642_200d_27a1,People Body/kneeling__1f9ce_1f3fc_200d_2642_200d_27a1.png,https://fonts.gstatic.com/s/e/noto3demoji/latest/1f9ce_1f3fc_200d_2642_200d_27a1/512.png,512,512,81447,a8012636c539a5cc6639ee87f68ec996bed0eb69fd111b79cff40ebb3eb24a5f
🧎🏽‍♂‍➡,Kneeling,People & Body,1f9ce_1f3fd_200d_2642_200d_27a1,People Body/kneeling__1f9ce_1f3fd_200d_2642_200d_27a1.png,https://fonts.gstatic.com/s/e/noto3demoji/latest/1f9ce_1f3fd_200d_2642_200d_27a1/512.png,512,512,79549,c72840ce5e7343852103aad34f58a69aef05f6de79204cfe7f1890d6d857cfa7
🧎🏾‍♂‍➡,Kneeling,People & Body,1f9ce_1f3fe_200d_2642_200d_27a1,People Body/kneeling__1f9ce_1f3fe_200d_2642_200d_27a1.png,https://fonts.gstatic.com/s/e/noto3demoji/latest/1f9ce_1f3fe_200d_2642_200d_27a1/512.png,512,512,79597,086804c7cf6a294c63e18f17ba0e498375e292f0c2139b7ab6604cf724a9138d
🧎🏿‍♂‍➡,Kneeling,People & Body,1f9ce_1f3ff_200d_2642_200d_27a1,People Body/kneeling__1f9ce_1f3ff_200d_2642_200d_27a1.png,https://fonts.gstatic.com/s/e/noto3demoji/latest/1f9ce_1f3ff_200d_2642_200d_27a1/512.png,512,512,78524,38169d54cc4f8d3b567616f7d03e351e8ae0f51e9f573f772f0ca9c93dd0e306
🧑‍🦯,Walking With Cane,People & Body,1f9d1_200d_1f9af,People Body/walking-with-cane__1f9d1_200d_1f9af.png,https://fonts.gstatic.com/s/e/noto3demoji/latest/1f9d1_200d_1f9af/512.png,512,512,81333,b0e299387c0350a90d3589263d6d36bef8ce9179b9eeceabd49a76257a9f879a
🧑🏻‍🦯,Walking With Cane,People & Body,1f9d1_1f3fb_200d_1f9af,People Body/walking-with-cane__1f9d1_1f3fb_200d_1f9af.png,https://fonts.gstatic.com/s/e/noto3demoji/latest/1f9d1_1f3fb_200d_1f9af/512.png,512,512,82768,1323f674dea4be20f64abe63667357305aef761e90972f6f2170c4e4e5c48e4d
🧑🏼‍🦯,Walking With Cane,People & Body,1f9d1_1f3fc_200d_1f9af,People Body/walking-with-cane__1f9d1_1f3fc_200d_1f9af.png,https://fonts.gstatic.com/s/e/noto3demoji/latest/1f9d1_1f3fc_200d_1f9af/512.png,512,512,82856,240d3757eeaf85aaa0596aef026aa6894300e9ec7332d763bc7c5053bc2c774c
🧑🏽‍🦯,Walking With Cane,People & Body,1f9d1_1f3fd_200d_1f9af,People Body/walking-with-cane__1f9d1_1f3fd_200d_1f9af.png,https://fonts.gstatic.com/s/e/noto3demoji/latest/1f9d1_1f3fd_200d_1f9af/512.png,512,512,81171,2ae0cbd6ed65b85b526f060559c836b2b787afb86eb7619462c3d149f4cbdd4a
🧑🏾‍🦯,Walking With Cane,People & Body,1f9d1_1f3fe_200d_1f9af,People Body/walking-with-cane__1f9d1_1f3fe_200d_1f9af.png,https://fonts.gstatic.com/s/e/noto3demoji/latest/1f9d1_1f3fe_200d_1f9af/512.png,512,512,81475,74e615881f5556259e24fde6acb117465659758094c0a2519b923d511fdac69d
🧑🏿‍🦯,Walking With Cane,People & Body,1f9d1_1f3ff_200d_1f9af,People Body/walking-with-cane__1f9d1_1f3ff_200d_1f9af.png,https://fonts.gstatic.com/s/e/noto3demoji/latest/1f9d1_1f3ff_200d_1f9af/512.png,512,512,80762,dc2b901d7dc0d99bd6596067045d2d7140ed7ddebe75fc2741e25f64ce6c0f84
🧑‍🦯‍➡,Walking With Cane,People & Body,1f9d1_200d_1f9af_200d_27a1,People Body/walking-with-cane__1f9d1_200d_1f9af_200d_27a1.png,https://fonts.gstatic.com/s/e/noto3demoji/latest/1f9d1_200d_1f9af_200d_27a1/512.png,512,512,81015,689119419117faf96b80decf0cf231ae28117b7aa6757acaa48cdd76d5feacbf
🧑🏻‍🦯‍➡,Walking With Cane,People & Body,1f9d1_1f3fb_200d_1f9af_200d_27a1,People Body/walking-with-cane__1f9d1_1f3fb_200d_1f9af_200d_27a1.png,https://fonts.gstatic.com/s/e/noto3demoji/latest/1f9d1_1f3fb_200d_1f9af_200d_27a1/512.png,512,512,81396,4278ee813ff187247c08a31efc2e367f7de3013c595f40a19f6294709ef03ba3
🧑🏼‍🦯‍➡,Walking With Cane,People & Body,1f9d1_1f3fc_200d_1f9af_200d_27a1,People Body/walking-with-cane__1f9d1_1f3fc_200d_1f9af_200d_27a1.png,https://fonts.gstatic.com/s/e/noto3demoji/latest/1f9d1_1f3fc_200d_1f9af_200d_27a1/512.png,512,512,82024,e47a46d9d62bfd4f9e3c9bda43cdcd0ea9658d39f7c9ae0501c234fda96fd2c8
🧑🏽‍🦯‍➡,Walking With Cane,People & Body,1f9d1_1f3fd_200d_1f9af_200d_27a1,People Body/walking-with-cane__1f9d1_1f3fd_200d_1f9af_200d_27a1.png,https://fonts.gstatic.com/s/e/noto3demoji/latest/1f9d1_1f3fd_200d_1f9af_200d_27a1/512.png,512,512,80332,49f5057355be333ba504f1c8804a02f49ec5cc9278cd9926c7758c7ac7d0d66c
🧑🏾‍🦯‍➡,Walking With Cane,People & Body,1f9d1_1f3fe_200d_1f9af_200d_27a1,People Body/walking-with-cane__1f9d1_1f3fe_200d_1f9af_200d_27a1.png,https://fonts.gstatic.com/s/e/noto3demoji/latest/1f9d1_1f3fe_200d_1f9af_200d_27a1/512.png,512,512,80144,2d6f9bbae3f20aec8bea969cd77fd362a3cf6396ff1f3454a6dad1d00b396ed9
🧑🏿‍🦯‍➡,Walking With Cane,People & Body,1f9d1_1f3ff_200d_1f9af_200d_27a1,People Body/walking-with-cane__1f9d1_1f3ff_200d_1f9af_200d_27a1.png,https://fonts.gstatic.com/s/e/noto3demoji/latest/1f9d1_1f3ff_200d_1f9af_200d_27a1/512.png,512,512,79032,ed61951c019343f26f21a7d7c4f6f405277b8575c63497b907ff5d1e5d755ddd
👨‍🦯,Walking With Cane,People & Body,1f468_200d_1f9af,People Body/walking-with-cane__1f468_200d_1f9af.png,https://fonts.gstatic.com/s/e/noto3demoji/latest/1f468_200d_1f9af/512.png,512,512,80147,ee81b66a8355e821802856c916eff593e0979a11c828b74e585ed0e8f2eeeca5
👨🏻‍🦯,Walking With Cane,People & Body,1f468_1f3fb_200d_1f9af,People Body/walking-with-cane__1f468_1f3fb_200d_1f9af.png,https://fonts.gstatic.com/s/e/noto3demoji/latest/1f468_1f3fb_200d_1f9af/512.png,512,512,81121,047997e3767b4f953b6bcbd3dadaed81486dd1f1163f91db377830b56f2cfa37
👨🏼‍🦯,Walking With Cane,People & Body,1f468_1f3fc_200d_1f9af,People Body/walking-with-cane__1f468_1f3fc_200d_1f9af.png,https://fonts.gstatic.com/s/e/noto3demoji/latest/1f468_1f3fc_200d_1f9af/512.png,512,512,81269,27325242959ab26fd949c2d3d029f0395a958ae22d88f37e7fde1daa9658b6e0
👨🏽‍🦯,Walking With Cane,People & Body,1f468_1f3fd_200d_1f9af,People Body/walking-with-cane__1f468_1f3fd_200d_1f9af.png,https://fonts.gstatic.com/s/e/noto3demoji/latest/1f468_1f3fd_200d_1f9af/512.png,512,512,80015,56d12aef006737408fe9529263b9b1ea7e71a859a317e1349901605570680e1b
👨🏾‍🦯,Walking With Cane,People & Body,1f468_1f3fe_200d_1f9af,People Body/walking-with-cane__1f468_1f3fe_200d_1f9af.png,https://fonts.gstatic.com/s/e/noto3demoji/latest/1f468_1f3fe_200d_1f9af/512.png,512,512,80044,44493652819dad53e72262b7bed0db4b5f7d14de188dd648aabe477180c53d27
👨🏿‍🦯,Walking With Cane,People & Body,1f468_1f3ff_200d_1f9af,People Body/walking-with-cane__1f468_1f3ff_200d_1f9af.png,https://fonts.gstatic.com/s/e/noto3demoji/latest/1f468_1f3ff_200d_1f9af/512.png,512,512,79682,f6f27c11af3334cf317cdd9e7185d08611b2934b1abafdea7da3cfc933bf792f
👨‍🦯‍➡,Walking With Cane,People & Body,1f468_200d_1f9af_200d_27a1,People Body/walking-with-cane__1f468_200d_1f9af_200d_27a1.png,https://fonts.gstatic.com/s/e/noto3demoji/latest/1f468_200d_1f9af_200d_27a1/512.png,512,512,79575,1ea2d01a9fd2e57eaf114b2e7c5c1aa9635debc1ab2fe7f1911956dfaa9a7bd1
👨🏻‍🦯‍➡,Walking With Cane,People & Body,1f468_1f3fb_200d_1f9af_200d_27a1,People Body/walking-with-cane__1f468_1f3fb_200d_1f9af_200d_27a1.png,https://fonts.gstatic.com/s/e/noto3demoji/latest/1f468_1f3fb_200d_1f9af_200d_27a1/512.png,512,512,79650,8b6e8ce252bdfbbb81d96b8714f8a17cfac2d0f43aeb2bc8b0584d75079932b3
👨🏼‍🦯‍➡,Walking With Cane,People & Body,1f468_1f3fc_200d_1f9af_200d_27a1,People Body/walking-with-cane__1f468_1f3fc_200d_1f9af_200d_27a1.png,https://fonts.gstatic.com/s/e/noto3demoji/latest/1f468_1f3fc_200d_1f9af_200d_27a1/512.png,512,512,80505,fe5e419136f6f6dab12e2b4c765fc1c5a62f7dbca67872bda05268d48d7ea928
👨🏽‍🦯‍➡,Walking With Cane,People & Body,1f468_1f3fd_200d_1f9af_200d_27a1,People Body/walking-with-cane__1f468_1f3fd_200d_1f9af_200d_27a1.png,https://fonts.gstatic.com/s/e/noto3demoji/latest/1f468_1f3fd_200d_1f9af_200d_27a1/512.png,512,512,78263,ed20f34acf6af03be5590f59993d54bb0e3bed52538bfbfe4f575eeaf29e03e6
👨🏾‍🦯‍➡,Walking With Cane,People & Body,1f468_1f3fe_200d_1f9af_200d_27a1,People Body/walking-with-cane__1f468_1f3fe_200d_1f9af_200d_27a1.png,https://fonts.gstatic.com/s/e/noto3demoji/latest/1f468_1f3fe_200d_1f9af_200d_27a1/512.png,512,512,78204,9557bdd7ab0fe7486dc43cf919453096117198d35a7ad7908459a24368ec61b3
👨🏿‍🦯‍➡,Walking With Cane,People & Body,1f468_1f3ff_200d_1f9af_200d_27a1,People Body/walking-with-cane__1f468_1f3ff_200d_1f9af_200d_27a1.png,https://fonts.gstatic.com/s/e/noto3demoji/latest/1f468_1f3ff_200d_1f9af_200d_27a1/512.png,512,512,77738,319de980034d92466c69d4e2856004aebdfeb3e07eabcab7ab40e65bf6569e03
👩‍🦯,Walking With Cane,People & Body,1f469_200d_1f9af,People Body/walking-with-cane__1f469_200d_1f9af.png,https://fonts.gstatic.com/s/e/noto3demoji/latest/1f469_200d_1f9af/512.png,512,512,87087,5b040de0748e85ab2863dedb4123badd2cf7c50d4c54501b05f96ba562ed246b
👩🏻‍🦯,Walking With Cane,People & Body,1f469_1f3fb_200d_1f9af,People Body/walking-with-cane__1f469_1f3fb_200d_1f9af.png,https://fonts.gstatic.com/s/e/noto3demoji/latest/1f469_1f3fb_200d_1f9af/512.png,512,512,87219,a0c1b62677a3b7d19e601012b92f9ab0c99e12ede3e3d976def2e11351995920
👩🏼‍🦯,Walking With Cane,People & Body,1f469_1f3fc_200d_1f9af,People Body/walking-with-cane__1f469_1f3fc_200d_1f9af.png,https://fonts.gstatic.com/s/e/noto3demoji/latest/1f469_1f3fc_200d_1f9af/512.png,512,512,88273,954db23c475c4602c4cbf43556844e692d09d623a30b6941dfccc20f2b280bc1
👩🏽‍🦯,Walking With Cane,People & Body,1f469_1f3fd_200d_1f9af,People Body/walking-with-cane__1f469_1f3fd_200d_1f9af.png,https://fonts.gstatic.com/s/e/noto3demoji/latest/1f469_1f3fd_200d_1f9af/512.png,512,512,86861,b3e88e6413fd3278ead0fea5cb7bd715e3a7c82344b9ba7bca8305e9d3acd37e
👩🏾‍🦯,Walking With Cane,People & Body,1f469_1f3fe_200d_1f9af,People Body/walking-with-cane__1f469_1f3fe_200d_1f9af.png,https://fonts.gstatic.com/s/e/noto3demoji/latest/1f469_1f3fe_200d_1f9af/512.png,512,512,86083,c0952f5aa02dd4a7cfe2f1215d8c791498e00257ff28fc6edffdbcba2690bb40
👩🏿‍🦯,Walking With Cane,People & Body,1f469_1f3ff_200d_1f9af,People Body/walking-with-cane__1f469_1f3ff_200d_1f9af.png,https://fonts.gstatic.com/s/e/noto3demoji/latest/1f469_1f3ff_200d_1f9af/512.png,512,512,85513,db1a7cc072a9b7afba6722f3412d4ea17cda7f3f4045d39a620866cdb2266d17
👩‍🦯‍➡,Walking With Cane,People & Body,1f469_200d_1f9af_200d_27a1,People Body/walking-with-cane__1f469_200d_1f9af_200d_27a1.png,https://fonts.gstatic.com/s/e/noto3demoji/latest/1f469_200d_1f9af_200d_27a1/512.png,512,512,86861,06bda572b93bf8152924b5ecb32dee0daa433d258fe0e4d79a9cd4d25a0db1e6
👩🏻‍🦯‍➡,Walking With Cane,People & Body,1f469_1f3fb_200d_1f9af_200d_27a1,People Body/walking-with-cane__1f469_1f3fb_200d_1f9af_200d_27a1.png,https://fonts.gstatic.com/s/e/noto3demoji/latest/1f469_1f3fb_200d_1f9af_200d_27a1/512.png,512,512,86227,443eab03a29c52d63b51560eff34cc901bfaef456ba54a00ff9603949457e5e9
👩🏼‍🦯‍➡,Walking With Cane,People & Body,1f469_1f3fc_200d_1f9af_200d_27a1,People Body/walking-with-cane__1f469_1f3fc_200d_1f9af_200d_27a1.png,https://fonts.gstatic.com/s/e/noto3demoji/latest/1f469_1f3fc_200d_1f9af_200d_27a1/512.png,512,512,87184,fa3532052d3cf4b123f3d2d4ea66b3f98904f47685695f8841293bba94f0bc75
👩🏽‍🦯‍➡,Walking With Cane,People & Body,1f469_1f3fd_200d_1f9af_200d_27a1,People Body/walking-with-cane__1f469_1f3fd_200d_1f9af_200d_27a1.png,https://fonts.gstatic.com/s/e/noto3demoji/latest/1f469_1f3fd_200d_1f9af_200d_27a1/512.png,512,512,85333,a40571c646b8b1522779c00aeb3cd87048a880c612d686dd35363599171f7d92
👩🏾‍🦯‍➡,Walking With Cane,People & Body,1f469_1f3fe_200d_1f9af_200d_27a1,People Body/walking-with-cane__1f469_1f3fe_200d_1f9af_200d_27a1.png,https://fonts.gstatic.com/s/e/noto3demoji/latest/1f469_1f3fe_200d_1f9af_200d_27a1/512.png,512,512,85074,1642319665070ec0651a0a3068a56c8a15f7ed0575de6edaa74635a9958078df
👩🏿‍🦯‍➡,Walking With Cane,People & Body,1f469_1f3ff_200d_1f9af_200d_27a1,People Body/walking-with-cane__1f469_1f3ff_200d_1f9af_200d_27a1.png,https://fonts.gstatic.com/s/e/noto3demoji/latest/1f469_1f3ff_200d_1f9af_200d_27a1/512.png,512,512,83837,1b01fde3bce97efa23c72c0ddc6eefc22bd6811547ab3401a10cd2d9fc556ead
🧑‍🦼,Person In Motorized Wheelchair,People & Body,1f9d1_200d_1f9bc,People Body/person-in-motorized-wheelchair__1f9d1_200d_1f9bc.png,https://fonts.gstatic.com/s/e/noto3demoji/latest/1f9d1_200d_1f9bc/512.png,512,512,132384,7bd5145b5ea692e132775541cb499a2141235ac38dac5dc1c84b2a56c33eaf06
🧑🏻‍🦼,Person In Motorized Wheelchair,People & Body,1f9d1_1f3fb_200d_1f9bc,People Body/person-in-motorized-wheelchair__1f9d1_1f3fb_200d_1f9bc.png,https://fonts.gstatic.com/s/e/noto3demoji/latest/1f9d1_1f3fb_200d_1f9bc/512.png,512,512,133638,1a376aa2de1b3320ea3f704a2770d8492feeb9184013db7b39cfc4e3b4fa84ad
🧑🏼‍🦼,Person In Motorized Wheelchair,People & Body,1f9d1_1f3fc_200d_1f9bc,People Body/person-in-motorized-wheelchair__1f9d1_1f3fc_200d_1f9bc.png,https://fonts.gstatic.com/s/e/noto3demoji/latest/1f9d1_1f3fc_200d_1f9bc/512.png,512,512,133720,4985e896adb35d6cc13aa138810a121b516c9c43a2cfe204201aec3616b395e8
🧑🏽‍🦼,Person In Motorized Wheelchair,People & Body,1f9d1_1f3fd_200d_1f9bc,People Body/person-in-motorized-wheelchair__1f9d1_1f3fd_200d_1f9bc.png,https://fonts.gstatic.com/s/e/noto3demoji/latest/1f9d1_1f3fd_200d_1f9bc/512.png,512,512,132219,38f3ba8b4225182eb34cf12fb6d39f960c531c064a76bb57effed4270ac78fc0
🧑🏾‍🦼,Person In Motorized Wheelchair,People & Body,1f9d1_1f3fe_200d_1f9bc,People Body/person-in-motorized-wheelchair__1f9d1_1f3fe_200d_1f9bc.png,https://fonts.gstatic.com/s/e/noto3demoji/latest/1f9d1_1f3fe_200d_1f9bc/512.png,512,512,132318,22f3533a313c092326fa9b1d2dceebd6e55535d97cfc788200985573adf98cd2
🧑🏿‍🦼,Person In Motorized Wheelchair,People & Body,1f9d1_1f3ff_200d_1f9bc,People Body/person-in-motorized-wheelchair__1f9d1_1f3ff_200d_1f9bc.png,https://fonts.gstatic.com/s/e/noto3demoji/latest/1f9d1_1f3ff_200d_1f9bc/512.png,512,512,131621,bc4851ede009fe72ecba522ae0d684d3f0e6e033bcd8e5720fcf1d093338b021
🧑‍🦼‍➡,Person In Motorized Wheelchair,People & Body,1f9d1_200d_1f9bc_200d_27a1,People Body/person-in-motorized-wheelchair__1f9d1_200d_1f9bc_200d_27a1.png,https://fonts.gstatic.com/s/e/noto3demoji/latest/1f9d1_200d_1f9bc_200d_27a1/512.png,512,512,131212,d1d6fda2f86874ada25c357037595c6c46595e106ed28e97ea07b0051f48b23e
🧑🏻‍🦼‍➡,Person In Motorized Wheelchair,People & Body,1f9d1_1f3fb_200d_1f9bc_200d_27a1,People Body/person-in-motorized-wheelchair__1f9d1_1f3fb_200d_1f9bc_200d_27a1.png,https://fonts.gstatic.com/s/e/noto3demoji/latest/1f9d1_1f3fb_200d_1f9bc_200d_27a1/512.png,512,512,132943,26dff03b3f9f0049fb40a33be3540c951824ec6c97c3548b7c1061aa0d6a9da6
🧑🏼‍🦼‍➡,Person In Motorized Wheelchair,People & Body,1f9d1_1f3fc_200d_1f9bc_200d_27a1,People Body/person-in-motorized-wheelchair__1f9d1_1f3fc_200d_1f9bc_200d_27a1.png,https://fonts.gstatic.com/s/e/noto3demoji/latest/1f9d1_1f3fc_200d_1f9bc_200d_27a1/512.png,512,512,133222,3c0e355222cf320183b531d9eaf9c42413d94567d11a122f4efff8377d7ca201
🧑🏽‍🦼‍➡,Person In Motorized Wheelchair,People & Body,1f9d1_1f3fd_200d_1f9bc_200d_27a1,People Body/person-in-motorized-wheelchair__1f9d1_1f3fd_200d_1f9bc_200d_27a1.png,https://fonts.gstatic.com/s/e/noto3demoji/latest/1f9d1_1f3fd_200d_1f9bc_200d_27a1/512.png,512,512,131713,6c64369484bb92c40949297bfc8da8251137130d68accd8b43e41694434e60ca
🧑🏾‍🦼‍➡,Person In Motorized Wheelchair,People & Body,1f9d1_1f3fe_200d_1f9bc_200d_27a1,People Body/person-in-motorized-wheelchair__1f9d1_1f3fe_200d_1f9bc_200d_27a1.png,https://fonts.gstatic.com/s/e/noto3demoji/latest/1f9d1_1f3fe_200d_1f9bc_200d_27a1/512.png,512,512,131692,ba730e25f8a897586bf999f6a4d0ffcf4fc2f4f66d8af937201f732e9c1a7005
🧑🏿‍🦼‍➡,Person In Motorized Wheelchair,People & Body,1f9d1_1f3ff_200d_1f9bc_200d_27a1,People Body/person-in-motorized-wheelchair__1f9d1_1f3ff_200d_1f9bc_200d_27a1.png,https://fonts.gstatic.com/s/e/noto3demoji/latest/1f9d1_1f3ff_200d_1f9bc_200d_27a1/512.png,512,512,130593,8f17bb72e739efcaf828dc27cdb5f3dcd6e3451199f081fc7948d0f70c11b555
👨‍🦼,Person In Motorized Wheelchair,People & Body,1f468_200d_1f9bc,People Body/person-in-motorized-wheelchair__1f468_200d_1f9bc.png,https://fonts.gstatic.com/s/e/noto3demoji/latest/1f468_200d_1f9bc/512.png,512,512,131424,e627bc19f6b5c21a4809775ae053b7f84bb506f487d71c5351491a16600fca8d
👨🏻‍🦼,Person In Motorized Wheelchair,People & Body,1f468_1f3fb_200d_1f9bc,People Body/person-in-motorized-wheelchair__1f468_1f3fb_200d_1f9bc.png,https://fonts.gstatic.com/s/e/noto3demoji/latest/1f468_1f3fb_200d_1f9bc/512.png,512,512,132612,aa5cebb1f4ebcfc6cfdd3d422192a6daf4679cb276d71c932f02020fd7ae63c9
👨🏼‍🦼,Person In Motorized Wheelchair,People & Body,1f468_1f3fc_200d_1f9bc,People Body/person-in-motorized-wheelchair__1f468_1f3fc_200d_1f9bc.png,https://fonts.gstatic.com/s/e/noto3demoji/latest/1f468_1f3fc_200d_1f9bc/512.png,512,512,132521,685c3d481331eb9d359d9a5571b6048ca012fa8431a2d5ccc4ef50986f93e55e
👨🏽‍🦼,Person In Motorized Wheelchair,People & Body,1f468_1f3fd_200d_1f9bc,People Body/person-in-motorized-wheelchair__1f468_1f3fd_200d_1f9bc.png,https://fonts.gstatic.com/s/e/noto3demoji/latest/1f468_1f3fd_200d_1f9bc/512.png,512,512,131328,a85f9dca7fdd6ef74a2b0b30be9c9ab0d4294fcb63841d6db028e6c1b39d6ffa
👨🏾‍🦼,Person In Motorized Wheelchair,People & Body,1f468_1f3fe_200d_1f9bc,People Body/person-in-motorized-wheelchair__1f468_1f3fe_200d_1f9bc.png,https://fonts.gstatic.com/s/e/noto3demoji/latest/1f468_1f3fe_200d_1f9bc/512.png,512,512,131543,980b196fd9cab0ea97c40cf135f957ec706530d6c43cee3e76332f7c54b4b311
👨🏿‍🦼,Person In Motorized Wheelchair,People & Body,1f468_1f3ff_200d_1f9bc,People Body/person-in-motorized-wheelchair__1f468_1f3ff_200d_1f9bc.png,https://fonts.gstatic.com/s/e/noto3demoji/latest/1f468_1f3ff_200d_1f9bc/512.png,512,512,130741,787542937d5c71bf39beeb1a497cf40268e4f3bb9c2a18f14ff27de56420b013
👨‍🦼‍➡,Person In Motorized Wheelchair,People & Body,1f468_200d_1f9bc_200d_27a1,People Body/person-in-motorized-wheelchair__1f468_200d_1f9bc_200d_27a1.png,https://fonts.gstatic.com/s/e/noto3demoji/latest/1f468_200d_1f9bc_200d_27a1/512.png,512,512,130833,cbcfe55fc9c0af1a0e7a7428f29b106ad9d85a83bd00f8834d1248c05178ef39
👨🏻‍🦼‍➡,Person In Motorized Wheelchair,People & Body,1f468_1f3fb_200d_1f9bc_200d_27a1,People Body/person-in-motorized-wheelchair__1f468_1f3fb_200d_1f9bc_200d_27a1.png,https://fonts.gstatic.com/s/e/noto3demoji/latest/1f468_1f3fb_200d_1f9bc_200d_27a1/512.png,512,512,132161,44623ba23d315e816c3a66d588011ab01ade4b5c54c7a342c4c3be3e70866d81
👨🏼‍🦼‍➡,Person In Motorized Wheelchair,People & Body,1f468_1f3fc_200d_1f9bc_200d_27a1,People Body/person-in-motorized-wheelchair__1f468_1f3fc_200d_1f9bc_200d_27a1.png,https://fonts.gstatic.com/s/e/noto3demoji/latest/1f468_1f3fc_200d_1f9bc_200d_27a1/512.png,512,512,132477,26d5dcdd73c66cd93fcf798de9b87aa202e7c8a7ea48e251955eb83b95c61c44
👨🏽‍🦼‍➡,Person In Motorized Wheelchair,People & Body,1f468_1f3fd_200d_1f9bc_200d_27a1,People Body/person-in-motorized-wheelchair__1f468_1f3fd_200d_1f9bc_200d_27a1.png,https://fonts.gstatic.com/s/e/noto3demoji/latest/1f468_1f3fd_200d_1f9bc_200d_27a1/512.png,512,512,131150,f373d8eb1a9d4508a95bd09c8623c6024936fd3746b12d46934e2d1b6d0c43be
👨🏾‍🦼‍➡,Person In Motorized Wheelchair,People & Body,1f468_1f3fe_200d_1f9bc_200d_27a1,People Body/person-in-motorized-wheelchair__1f468_1f3fe_200d_1f9bc_200d_27a1.png,https://fonts.gstatic.com/s/e/noto3demoji/latest/1f468_1f3fe_200d_1f9bc_200d_27a1/512.png,512,512,131146,6621571fb6ca811cbbc0731c5792fdec74aa4497f9f7adc7902184f059dd74be
👨🏿‍🦼‍➡,Person In Motorized Wheelchair,People & Body,1f468_1f3ff_200d_1f9bc_200d_27a1,People Body/person-in-motorized-wheelchair__1f468_1f3ff_200d_1f9bc_200d_27a1.png,https://fonts.gstatic.com/s/e/noto3demoji/latest/1f468_1f3ff_200d_1f9bc_200d_27a1/512.png,512,512,130230,7dd79ebf9dfdf4598ce53d7651852e31af4299570acd02ea59cdd4b4ce8f6bfe
👩‍🦼,Person In Motorized Wheelchair,People & Body,1f469_200d_1f9bc,People Body/person-in-motorized-wheelchair__1f469_200d_1f9bc.png,https://fonts.gstatic.com/s/e/noto3demoji/latest/1f469_200d_1f9bc/512.png,512,512,133776,5461368d9a5786b35ce5c475df26e0a88f79684ea518df25d1ac239c1fe18a0d
👩🏻‍🦼,Person In Motorized Wheelchair,People & Body,1f469_1f3fb_200d_1f9bc,People Body/person-in-motorized-wheelchair__1f469_1f3fb_200d_1f9bc.png,https://fonts.gstatic.com/s/e/noto3demoji/latest/1f469_1f3fb_200d_1f9bc/512.png,512,512,134007,cbb4ac036d45b58830cff85588c929afa39d810572480e5474e60e99bc98925b
👩🏼‍🦼,Person In Motorized Wheelchair,People & Body,1f469_1f3fc_200d_1f9bc,People Body/person-in-motorized-wheelchair__1f469_1f3fc_200d_1f9bc.png,https://fonts.gstatic.com/s/e/noto3demoji/latest/1f469_1f3fc_200d_1f9bc/512.png,512,512,134768,42ba88e3f19c4d928fe92f0d550190855cac37e8d67e05739835abbb803755ce
👩🏽‍🦼,Person In Motorized Wheelchair,People & Body,1f469_1f3fd_200d_1f9bc,People Body/person-in-motorized-wheelchair__1f469_1f3fd_200d_1f9bc.png,https://fonts.gstatic.com/s/e/noto3demoji/latest/1f469_1f3fd_200d_1f9bc/512.png,512,512,133530,70e3c888172457d35747dd16433d7f814c9e2e07679046405134c16c3a05d4a4
👩🏾‍🦼,Person In Motorized Wheelchair,People & Body,1f469_1f3fe_200d_1f9bc,People Body/person-in-motorized-wheelchair__1f469_1f3fe_200d_1f9bc.png,https://fonts.gstatic.com/s/e/noto3demoji/latest/1f469_1f3fe_200d_1f9bc/512.png,512,512,133334,89928c3e38485faadc23bb7bfb47afabbac6289e532205a9b306a67a5b260360
👩🏿‍🦼,Person In Motorized Wheelchair,People & Body,1f469_1f3ff_200d_1f9bc,People Body/person-in-motorized-wheelchair__1f469_1f3ff_200d_1f9bc.png,https://fonts.gstatic.com/s/e/noto3demoji/latest/1f469_1f3ff_200d_1f9bc/512.png,512,512,132454,66f3aad30ce9e0a5389b462f24f0ef34c5595e54fe32da37b4ba8c9abab00ac7
👩‍🦼‍➡,Person In Motorized Wheelchair,People & Body,1f469_200d_1f9bc_200d_27a1,People Body/person-in-motorized-wheelchair__1f469_200d_1f9bc_200d_27a1.png,https://fonts.gstatic.com/s/e/noto3demoji/latest/1f469_200d_1f9bc_200d_27a1/512.png,512,512,132185,072fa7967a06d55eea047349f6a23121c74a30c77c6acc9fb95eb55946203fe3
👩🏻‍🦼‍➡,Person In Motorized Wheelchair,People & Body,1f469_1f3fb_200d_1f9bc_200d_27a1,People Body/person-in-motorized-wheelchair__1f469_1f3fb_200d_1f9bc_200d_27a1.png,https://fonts.gstatic.com/s/e/noto3demoji/latest/1f469_1f3fb_200d_1f9bc_200d_27a1/512.png,512,512,133234,482248a551db2e64660599a0d769d96a98164d5bcaf7a5f774c30888340befee
👩🏼‍🦼‍➡,Person In Motorized Wheelchair,People & Body,1f469_1f3fc_200d_1f9bc_200d_27a1,People Body/person-in-motorized-wheelchair__1f469_1f3fc_200d_1f9bc_200d_27a1.png,https://fonts.gstatic.com/s/e/noto3demoji/latest/1f469_1f3fc_200d_1f9bc_200d_27a1/512.png,512,512,133906,2aa5ef6a1850386d296868f06ba50c3c5f15da1d2628c9c0b1b8a97a5793676c
👩🏽‍🦼‍➡,Person In Motorized Wheelchair,People & Body,1f469_1f3fd_200d_1f9bc_200d_27a1,People Body/person-in-motorized-wheelchair__1f469_1f3fd_200d_1f9bc_200d_27a1.png,https://fonts.gstatic.com/s/e/noto3demoji/latest/1f469_1f3fd_200d_1f9bc_200d_27a1/512.png,512,512,131742,8813ddc3ee4f690b974deba0caab74acfef03f7ccbfbf50435729c0331e92c9a
👩🏾‍🦼‍➡,Person In Motorized Wheelchair,People & Body,1f469_1f3fe_200d_1f9bc_200d_27a1,People Body/person-in-motorized-wheelchair__1f469_1f3fe_200d_1f9bc_200d_27a1.png,https://fonts.gstatic.com/s/e/noto3demoji/latest/1f469_1f3fe_200d_1f9bc_200d_27a1/512.png,512,512,132162,fcd893447b9282ca677147b1e07c16bf559e51071fb283f160f70b16fe4bdf94
👩🏿‍🦼‍➡,Person In Motorized Wheelchair,People & Body,1f469_1f3ff_200d_1f9bc_200d_27a1,People Body/person-in-motorized-wheelchair__1f469_1f3ff_200d_1f9bc_200d_27a1.png,https://fonts.gstatic.com/s/e/noto3demoji/latest/1f469_1f3ff_200d_1f9bc_200d_27a1/512.png,512,512,130653,f736dd0e9db3e03c9e5b7417148ad7e5a4d503b6c28e85e8e965556d1d56e21d
🧑‍🦽,Person In Manual Wheelchair,People & Body,1f9d1_200d_1f9bd,People Body/person-in-manual-wheelchair__1f9d1_200d_1f9bd.png,https://fonts.gstatic.com/s/e/noto3demoji/latest/1f9d1_200d_1f9bd/512.png,512,512,129078,b76029d8aca2eddc6178bc3a4524da1549ce7821665493efa81a214568c54cf0
🧑🏻‍🦽,Person In Manual Wheelchair,People & Body,1f9d1_1f3fb_200d_1f9bd,People Body/person-in-manual-wheelchair__1f9d1_1f3fb_200d_1f9bd.png,https://fonts.gstatic.com/s/e/noto3demoji/latest/1f9d1_1f3fb_200d_1f9bd/512.png,512,512,130169,f7479019f7f3811929f5fa2cf794c18d00e5f88d7b0bee12067ad58b8f990c2d
🧑🏼‍🦽,Person In Manual Wheelchair,People & Body,1f9d1_1f3fc_200d_1f9bd,People Body/person-in-manual-wheelchair__1f9d1_1f3fc_200d_1f9bd.png,https://fonts.gstatic.com/s/e/noto3demoji/latest/1f9d1_1f3fc_200d_1f9bd/512.png,512,512,130582,ef5b3ddf7472785c1a63d09e34537620709346d006a4929b0dded4001f683c9f
🧑🏽‍🦽,Person In Manual Wheelchair,People & Body,1f9d1_1f3fd_200d_1f9bd,People Body/person-in-manual-wheelchair__1f9d1_1f3fd_200d_1f9bd.png,https://fonts.gstatic.com/s/e/noto3demoji/latest/1f9d1_1f3fd_200d_1f9bd/512.png,512,512,129152,96d56fe1cc6ed001a650791a85ea960582a9e633b1e164e0e0f10e684f389432
🧑🏾‍🦽,Person In Manual Wheelchair,People & Body,1f9d1_1f3fe_200d_1f9bd,People Body/person-in-manual-wheelchair__1f9d1_1f3fe_200d_1f9bd.png,https://fonts.gstatic.com/s/e/noto3demoji/latest/1f9d1_1f3fe_200d_1f9bd/512.png,512,512,129270,78053ba084c25f9ae78601d0ba1f972a64a135e4be4f38af55d6da4f5bb4eaef
🧑🏿‍🦽,Person In Manual Wheelchair,People & Body,1f9d1_1f3ff_200d_1f9bd,People Body/person-in-manual-wheelchair__1f9d1_1f3ff_200d_1f9bd.png,https://fonts.gstatic.com/s/e/noto3demoji/latest/1f9d1_1f3ff_200d_1f9bd/512.png,512,512,128331,73dd22e0d11e446aec621c2dbdebb12739b9ee99108b4b611ba9084c360a5c50
🧑‍🦽‍➡,Person In Manual Wheelchair,People & Body,1f9d1_200d_1f9bd_200d_27a1,People Body/person-in-manual-wheelchair__1f9d1_200d_1f9bd_200d_27a1.png,https://fonts.gstatic.com/s/e/noto3demoji/latest/1f9d1_200d_1f9bd_200d_27a1/512.png,512,512,130483,c0b778bf9154a685680cf4733835be8aa70eb52509c4d95713723d873ce95c28
🧑🏻‍🦽‍➡,Person In Manual Wheelchair,People & Body,1f9d1_1f3fb_200d_1f9bd_200d_27a1,People Body/person-in-manual-wheelchair__1f9d1_1f3fb_200d_1f9bd_200d_27a1.png,https://fonts.gstatic.com/s/e/noto3demoji/latest/1f9d1_1f3fb_200d_1f9bd_200d_27a1/512.png,512,512,130884,0908fd36ba2648a26ade93f0a09c0c1f9c52d1ef5b6c926d7d125c887828889e
🧑🏼‍🦽‍➡,Person In Manual Wheelchair,People & Body,1f9d1_1f3fc_200d_1f9bd_200d_27a1,People Body/person-in-manual-wheelchair__1f9d1_1f3fc_200d_1f9bd_200d_27a1.png,https://fonts.gstatic.com/s/e/noto3demoji/latest/1f9d1_1f3fc_200d_1f9bd_200d_27a1/512.png,512,512,131650,08fa8621ee63d41fa0e9dc076ddc475e61372b930ecb9740e1c63f3128e00b46
🧑🏽‍🦽‍➡,Person In Manual Wheelchair,People & Body,1f9d1_1f3fd_200d_1f9bd_200d_27a1,People Body/person-in-manual-wheelchair__1f9d1_1f3fd_200d_1f9bd_200d_27a1.png,https://fonts.gstatic.com/s/e/noto3demoji/latest/1f9d1_1f3fd_200d_1f9bd_200d_27a1/512.png,512,512,129740,fd9798ec0ba7f769c56d89e87f6f16b4d2c9a89bdf0f44a7851f90be9125d561
🧑🏾‍🦽‍➡,Person In Manual Wheelchair,People & Body,1f9d1_1f3fe_200d_1f9bd_200d_27a1,People Body/person-in-manual-wheelchair__1f9d1_1f3fe_200d_1f9bd_200d_27a1.png,https://fonts.gstatic.com/s/e/noto3demoji/latest/1f9d1_1f3fe_200d_1f9bd_200d_27a1/512.png,512,512,129620,1eb24f575464959b9d53b8b6077ae37e7743fae236b63e475e022d4e4f90e1d8
🧑🏿‍🦽‍➡,Person In Manual Wheelchair,People & Body,1f9d1_1f3ff_200d_1f9bd_200d_27a1,People Body/person-in-manual-wheelchair__1f9d1_1f3ff_200d_1f9bd_200d_27a1.png,https://fonts.gstatic.com/s/e/noto3demoji/latest/1f9d1_1f3ff_200d_1f9bd_200d_27a1/512.png,512,512,128860,1d72370abe3cc9dd3582e7f4185ebc851cd14de84249a0f338cddcfc00bd9511
👨‍🦽,Person In Manual Wheelchair,People & Body,1f468_200d_1f9bd,People Body/person-in-manual-wheelchair__1f468_200d_1f9bd.png,https://fonts.gstatic.com/s/e/noto3demoji/latest/1f468_200d_1f9bd/512.png,512,512,128329,e38d9f59a7c0b60f8dc7dec4fbbe3763b41a332a0583404840f9d138d7079da1
👨🏻‍🦽,Person In Manual Wheelchair,People & Body,1f468_1f3fb_200d_1f9bd,People Body/person-in-manual-wheelchair__1f468_1f3fb_200d_1f9bd.png,https://fonts.gstatic.com/s/e/noto3demoji/latest/1f468_1f3fb_200d_1f9bd/512.png,512,512,129520,e1db3068d5dd47ea41e619061dc63a09765ae7d01ffc7aca6c9a79b308030ecc
👨🏼‍🦽,Person In Manual Wheelchair,People & Body,1f468_1f3fc_200d_1f9bd,People Body/person-in-manual-wheelchair__1f468_1f3fc_200d_1f9bd.png,https://fonts.gstatic.com/s/e/noto3demoji/latest/1f468_1f3fc_200d_1f9bd/512.png,512,512,129727,85289bdb045400fed71ca6186c45a15abc75df32548484377613076f7717bd2a
👨🏽‍🦽,Person In Manual Wheelchair,People & Body,1f468_1f3fd_200d_1f9bd,People Body/person-in-manual-wheelchair__1f468_1f3fd_200d_1f9bd.png,https://fonts.gstatic.com/s/e/noto3demoji/latest/1f468_1f3fd_200d_1f9bd/512.png,512,512,128338,9c8766f33d24bbfcd7881a88cfd637988961c99000201de0513c14ecd99ec65a
👨🏾‍🦽,Person In Manual Wheelchair,People & Body,1f468_1f3fe_200d_1f9bd,People Body/person-in-manual-wheelchair__1f468_1f3fe_200d_1f9bd.png,https://fonts.gstatic.com/s/e/noto3demoji/latest/1f468_1f3fe_200d_1f9bd/512.png,512,512,128116,45e74da31b3085c41f29744839846a249f5ccb4ae6b652d0c9a880eed5c9f8d2
👨🏿‍🦽,Person In Manual Wheelchair,People & Body,1f468_1f3ff_200d_1f9bd,People Body/person-in-manual-wheelchair__1f468_1f3ff_200d_1f9bd.png,https://fonts.gstatic.com/s/e/noto3demoji/latest/1f468_1f3ff_200d_1f9bd/512.png,512,512,127708,3a4dcbe202cecc641dfec78a6b781ff58526652b28a6caad8e32f327a1f01945
👨‍🦽‍➡,Person In Manual Wheelchair,People & Body,1f468_200d_1f9bd_200d_27a1,People Body/person-in-manual-wheelchair__1f468_200d_1f9bd_200d_27a1.png,https://fonts.gstatic.com/s/e/noto3demoji/latest/1f468_200d_1f9bd_200d_27a1/512.png,512,512,131019,f101f4b747445e615d99cf900b8b15b46e93ff96b6d27d80265666696709ff94
👨🏻‍🦽‍➡,Person In Manual Wheelchair,People & Body,1f468_1f3fb_200d_1f9bd_200d_27a1,People Body/person-in-manual-wheelchair__1f468_1f3fb_200d_1f9bd_200d_27a1.png,https://fonts.gstatic.com/s/e/noto3demoji/latest/1f468_1f3fb_200d_1f9bd_200d_27a1/512.png,512,512,131442,e58c4fdcc3d73513cfd2d5562ade170ecae13126c04e580363fcdb1ba4ce1e29
👨🏼‍🦽‍➡,Person In Manual Wheelchair,People & Body,1f468_1f3fc_200d_1f9bd_200d_27a1,People Body/person-in-manual-wheelchair__1f468_1f3fc_200d_1f9bd_200d_27a1.png,https://fonts.gstatic.com/s/e/noto3demoji/latest/1f468_1f3fc_200d_1f9bd_200d_27a1/512.png,512,512,132040,a518c3f28019f85e0b077a7c060aadd4311e92680c14c17bad8392d653a74254
👨🏽‍🦽‍➡,Person In Manual Wheelchair,People & Body,1f468_1f3fd_200d_1f9bd_200d_27a1,People Body/person-in-manual-wheelchair__1f468_1f3fd_200d_1f9bd_200d_27a1.png,https://fonts.gstatic.com/s/e/noto3demoji/latest/1f468_1f3fd_200d_1f9bd_200d_27a1/512.png,512,512,130335,7cba72565dcb5e101fbd0af3b440ed054217507fd0726438cc865df4e9b4a4d5
👨🏾‍🦽‍➡,Person In Manual Wheelchair,People & Body,1f468_1f3fe_200d_1f9bd_200d_27a1,People Body/person-in-manual-wheelchair__1f468_1f3fe_200d_1f9bd_200d_27a1.png,https://fonts.gstatic.com/s/e/noto3demoji/latest/1f468_1f3fe_200d_1f9bd_200d_27a1/512.png,512,512,130268,968bb8da6669e1c4614234954645504db6fb7e8954ebf8aaf1ba51fea18ac558
👨🏿‍🦽‍➡,Person In Manual Wheelchair,People & Body,1f468_1f3ff_200d_1f9bd_200d_27a1,People Body/person-in-manual-wheelchair__1f468_1f3ff_200d_1f9bd_200d_27a1.png,https://fonts.gstatic.com/s/e/noto3demoji/latest/1f468_1f3ff_200d_1f9bd_200d_27a1/512.png,512,512,129393,e04e3fc7f42ee3ac12b7ae5a3b4cd7d7686ff00ecb787112f2db9e22d1a436e1
👩‍🦽,Person In Manual Wheelchair,People & Body,1f469_200d_1f9bd,People Body/person-in-manual-wheelchair__1f469_200d_1f9bd.png,https://fonts.gstatic.com/s/e/noto3demoji/latest/1f469_200d_1f9bd/512.png,512,512,136578,cbca20bb989ed1f1f4762e02194b040e65b7e75ab1f0f57983df5708d51cee5d
👩🏻‍🦽,Person In Manual Wheelchair,People & Body,1f469_1f3fb_200d_1f9bd,People Body/person-in-manual-wheelchair__1f469_1f3fb_200d_1f9bd.png,https://fonts.gstatic.com/s/e/noto3demoji/latest/1f469_1f3fb_200d_1f9bd/512.png,512,512,136817,62dda6895d9e4a48adfeb1f6153b76f793fd9db0d82f7ca8bc0abf0e925d5e61
👩🏼‍🦽,Person In Manual Wheelchair,People & Body,1f469_1f3fc_200d_1f9bd,People Body/person-in-manual-wheelchair__1f469_1f3fc_200d_1f9bd.png,https://fonts.gstatic.com/s/e/noto3demoji/latest/1f469_1f3fc_200d_1f9bd/512.png,512,512,138208,b153f3b47c323aef80ffc5633d53db7a0a67538f7bbf03d7e75d7c690afb3f00
👩🏽‍🦽,Person In Manual Wheelchair,People & Body,1f469_1f3fd_200d_1f9bd,People Body/person-in-manual-wheelchair__1f469_1f3fd_200d_1f9bd.png,https://fonts.gstatic.com/s/e/noto3demoji/latest/1f469_1f3fd_200d_1f9bd/512.png,512,512,135985,ec56d5108054fa99883219bf316d387cf32a4e62a04e76479f34b3a5cbfe430c
👩🏾‍🦽,Person In Manual Wheelchair,People & Body,1f469_1f3fe_200d_1f9bd,People Body/person-in-manual-wheelchair__1f469_1f3fe_200d_1f9bd.png,https://fonts.gstatic.com/s/e/noto3demoji/latest/1f469_1f3fe_200d_1f9bd/512.png,512,512,135745,16c1c3d5407fe274004126d226621242821201aaa737148b42f619bfcaf977e9
👩🏿‍🦽,Person In Manual Wheelchair,People & Body,1f469_1f3ff_200d_1f9bd,People Body/person-in-manual-wheelchair__1f469_1f3ff_200d_1f9bd.png,https://fonts.gstatic.com/s/e/noto3demoji/latest/1f469_1f3ff_200d_1f9bd/512.png,512,512,134883,ac9cdd26d70d74240ab7643f35a014fb65953be2bb95fe02b63af9b2fa38dcef
👩‍🦽‍➡,Person In Manual Wheelchair,People & Body,1f469_200d_1f9bd_200d_27a1,People Body/person-in-manual-wheelchair__1f469_200d_1f9bd_200d_27a1.png,https://fonts.gstatic.com/s/e/noto3demoji/latest/1f469_200d_1f9bd_200d_27a1/512.png,512,512,138626,c844f0df7cf01f69c0ec0e12079d242413fbe25213995bfbdf7c37ac4f3de74a
👩🏻‍🦽‍➡,Person In Manual Wheelchair,People & Body,1f469_1f3fb_200d_1f9bd_200d_27a1,People Body/person-in-manual-wheelchair__1f469_1f3fb_200d_1f9bd_200d_27a1.png,https://fonts.gstatic.com/s/e/noto3demoji/latest/1f469_1f3fb_200d_1f9bd_200d_27a1/512.png,512,512,138673,ea6bab04be301947a25314d2e911363545b6264f098968b8c41c9635b4888bbd
👩🏼‍🦽‍➡,Person In Manual Wheelchair,People & Body,1f469_1f3fc_200d_1f9bd_200d_27a1,People Body/person-in-manual-wheelchair__1f469_1f3fc_200d_1f9bd_200d_27a1.png,https://fonts.gstatic.com/s/e/noto3demoji/latest/1f469_1f3fc_200d_1f9bd_200d_27a1/512.png,512,512,140054,9d546e8d321c29554e06a091c51f81253eaebe7172aa9eb8c79977a6af996c92
👩🏽‍🦽‍➡,Person In Manual Wheelchair,People & Body,1f469_1f3fd_200d_1f9bd_200d_27a1,People Body/person-in-manual-wheelchair__1f469_1f3fd_200d_1f9bd_200d_27a1.png,https://fonts.gstatic.com/s/e/noto3demoji/latest/1f469_1f3fd_200d_1f9bd_200d_27a1/512.png,512,512,137422,9ca1c52e809d45c1e8e8f7e5551eadca84f5e506a44beacf26355d9719782d8d
👩🏾‍🦽‍➡,Person In Manual Wheelchair,People & Body,1f469_1f3fe_200d_1f9bd_200d_27a1,People Body/person-in-manual-wheelchair__1f469_1f3fe_200d_1f9bd_200d_27a1.png,https://fonts.gstatic.com/s/e/noto3demoji/latest/1f469_1f3fe_200d_1f9bd_200d_27a1/512.png,512,512,137852,33bda0ceea24e9a001f398ec657259525aed2ccdb8c43d58864d4a7557b1d4be
👩🏿‍🦽‍➡,Person In Manual Wheelchair,People & Body,1f469_1f3ff_200d_1f9bd_200d_27a1,People Body/person-in-manual-wheelchair__1f469_1f3ff_200d_1f9bd_200d_27a1.png,https://fonts.gstatic.com/s/e/noto3demoji/latest/1f469_1f3ff_200d_1f9bd_200d_27a1/512.png,512,512,136409,9c6b1128083df459a4451b5390ec619ee5a97479ad8bc20bf53ff91c1e098d18
🏃,Running,People & Body,1f3c3,People Body/running__1f3c3.png,https://fonts.gstatic.com/s/e/noto3demoji/latest/1f3c3/512.png,512,512,83366,4921e52c0800ac33f5b5b3a338fcdddb12992d7d7ce5e1b6a0ef525330a3b1f0
🏃🏻,Running,People & Body,1f3c3_1f3fb,People Body/running__1f3c3_1f3fb.png,https://fonts.gstatic.com/s/e/noto3demoji/latest/1f3c3_1f3fb/512.png,512,512,85072,524fd2b86d7588bdf7dbf1cc2f4a2d04ce2af4b14dd8a293e148a22ca0f167d5
🏃🏼,Running,People & Body,1f3c3_1f3fc,People Body/running__1f3c3_1f3fc.png,https://fonts.gstatic.com/s/e/noto3demoji/latest/1f3c3_1f3fc/512.png,512,512,85658,4c2e0fdfbcb623f67f972071d4cfce1203f5684997230c7ebd6d95ce4c157c7d
🏃🏽,Running,People & Body,1f3c3_1f3fd,People Body/running__1f3c3_1f3fd.png,https://fonts.gstatic.com/s/e/noto3demoji/latest/1f3c3_1f3fd/512.png,512,512,83156,70aea089772f403f15149423d58b93b8a9b909b62374257ad9658c7d4781db77
🏃🏾,Running,People & Body,1f3c3_1f3fe,People Body/running__1f3c3_1f3fe.png,https://fonts.gstatic.com/s/e/noto3demoji/latest/1f3c3_1f3fe/512.png,512,512,83380,59b043c9dcc1f80d94f2002e14c780209c9835e50eec330d51afa696ef8d1dd2
🏃🏿,Running,People & Body,1f3c3_1f3ff,People Body/running__1f3c3_1f3ff.png,https://fonts.gstatic.com/s/e/noto3demoji/latest/1f3c3_1f3ff/512.png,512,512,82157,86e60b3257d493891e878ba020bec0fa1c8b633eda2e66dd988b03d5e0f56848
🏃‍♂,Running,People & Body,1f3c3_200d_2642,People Body/running__1f3c3_200d_2642.png,https://fonts.gstatic.com/s/e/noto3demoji/latest/1f3c3_200d_2642/512.png,512,512,81764,b9cc672ded6c476eb364094b3f119ca7344644cf8cc1e7a8dd4a6b297a58d696
🏃🏻‍♂,Running,People & Body,1f3c3_1f3fb_200d_2642,People Body/running__1f3c3_1f3fb_200d_2642.png,https://fonts.gstatic.com/s/e/noto3demoji/latest/1f3c3_1f3fb_200d_2642/512.png,512,512,83896,a06b31ee8723a07ee40ba37fa2dc63cc188841f9d1ebe0c74c927195186b55c9
🏃🏼‍♂,Running,People & Body,1f3c3_1f3fc_200d_2642,People Body/running__1f3c3_1f3fc_200d_2642.png,https://fonts.gstatic.com/s/e/noto3demoji/latest/1f3c3_1f3fc_200d_2642/512.png,512,512,83794,7294552e697deb40e240afc833992c5e980d304cf64d1cc176134df4c88ff234
🏃🏽‍♂,Running,People & Body,1f3c3_1f3fd_200d_2642,People Body/running__1f3c3_1f3fd_200d_2642.png,https://fonts.gstatic.com/s/e/noto3demoji/latest/1f3c3_1f3fd_200d_2642/512.png,512,512,81438,53e398fcec34c15d322c7678bf3ef9a75720150a7aeb9c45e680f3f4411caf90
🏃🏾‍♂,Running,People & Body,1f3c3_1f3fe_200d_2642,People Body/running__1f3c3_1f3fe_200d_2642.png,https://fonts.gstatic.com/s/e/noto3demoji/latest/1f3c3_1f3fe_200d_2642/512.png,512,512,81911,5ab7e712786d65d68620c5a8e7bf0bdcb3a992c95f440839cf364b98417be2ff
🏃🏿‍♂,Running,People & Body,1f3c3_1f3ff_200d_2642,People Body/running__1f3c3_1f3ff_200d_2642.png,https://fonts.gstatic.com/s/e/noto3demoji/latest/1f3c3_1f3ff_200d_2642/512.png,512,512,81118,9310f597a6449d07a9f1fb0b05628ad258d530656e2b9d8c58368c36723fc69e
🏃‍♀,Running,People & Body,1f3c3_200d_2640,People Body/running__1f3c3_200d_2640.png,https://fonts.gstatic.com/s/e/noto3demoji/latest/1f3c3_200d_2640/512.png,512,512,89599,ddd9f7fb03d7ea7f786a68c0e22f9e96b3878524db70684fbf950988f8efe9b5
🏃🏻‍♀,Running,People & Body,1f3c3_1f3fb_200d_2640,People Body/running__1f3c3_1f3fb_200d_2640.png,https://fonts.gstatic.com/s/e/noto3demoji/latest/1f3c3_1f3fb_200d_2640/512.png,512,512,91113,3a7e4ef28afb74ecf8daa27838b0af3201fe8cb9f86c95f02a82bfc5d7574926
🏃🏼‍♀,Running,People & Body,1f3c3_1f3fc_200d_2640,People Body/running__1f3c3_1f3fc_200d_2640.png,https://fonts.gstatic.com/s/e/noto3demoji/latest/1f3c3_1f3fc_200d_2640/512.png,512,512,92584,f5f752c6d3c1f8ed0ae4d8fbce28544c4c17eb0962fdefd9c1531838d9b831be
🏃🏽‍♀,Running,People & Body,1f3c3_1f3fd_200d_2640,People Body/running__1f3c3_1f3fd_200d_2640.png,https://fonts.gstatic.com/s/e/noto3demoji/latest/1f3c3_1f3fd_200d_2640/512.png,512,512,89120,202776c981be5a9492fb427e1e6eba766156291858bed61f7a553670d142048b
🏃🏾‍♀,Running,People & Body,1f3c3_1f3fe_200d_2640,People Body/running__1f3c3_1f3fe_200d_2640.png,https://fonts.gstatic.com/s/e/noto3demoji/latest/1f3c3_1f3fe_200d_2640/512.png,512,512,89139,71fa4cf6bb2b1476e4f1649078b328e53ded7153676e4177f6f67b40306afd47
🏃🏿‍♀,Running,People & Body,1f3c3_1f3ff_200d_2640,People Body/running__1f3c3_1f3ff_200d_2640.png,https://fonts.gstatic.com/s/e/noto3demoji/latest/1f3c3_1f3ff_200d_2640/512.png,512,512,87930,0b6a06e104c37de958b697d7a507f9d8a8d7179f515eff84e467d5c7f1257cc7
🏃‍➡,Running,People & Body,1f3c3_200d_27a1,People Body/running__1f3c3_200d_27a1.png,https://fonts.gstatic.com/s/e/noto3demoji/latest/1f3c3_200d_27a1/512.png,512,512,83932,9d91abaf28396e71d352858943de6b9deab2c3b93963cd129bce4e1f6d0d4af0
🏃🏻‍➡,Running,People & Body,1f3c3_1f3fb_200d_27a1,People Body/running__1f3c3_1f3fb_200d_27a1.png,https://fonts.gstatic.com/s/e/noto3demoji/latest/1f3c3_1f3fb_200d_27a1/512.png,512,512,85342,77c4be9f394c780bf84242c88b934759504131603a0e38297ab36fbb9f12d363
🏃🏼‍➡,Running,People & Body,1f3c3_1f3fc_200d_27a1,People Body/running__1f3c3_1f3fc_200d_27a1.png,https://fonts.gstatic.com/s/e/noto3demoji/latest/1f3c3_1f3fc_200d_27a1/512.png,512,512,85353,f340dde29ef054af4b3bc7b45d7cd6f8e9b750bff55cf9aba095aa07e93af59f
🏃🏽‍➡,Running,People & Body,1f3c3_1f3fd_200d_27a1,People Body/running__1f3c3_1f3fd_200d_27a1.png,https://fonts.gstatic.com/s/e/noto3demoji/latest/1f3c3_1f3fd_200d_27a1/512.png,512,512,83616,93a623ec34be58c689d202652b132b291c7e56ed7df8a5fff7de05bbb93c9851
🏃🏾‍➡,Running,People & Body,1f3c3_1f3fe_200d_27a1,People Body/running__1f3c3_1f3fe_200d_27a1.png,https://fonts.gstatic.com/s/e/noto3demoji/latest/1f3c3_1f3fe_200d_27a1/512.png,512,512,83709,abc95d331a9b90ecfcdaa0764d7553913b08add22b17f4ac8cc43f1c2a36b573
🏃🏿‍➡,Running,People & Body,1f3c3_1f3ff_200d_27a1,People Body/running__1f3c3_1f3ff_200d_27a1.png,https://fonts.gstatic.com/s/e/noto3demoji/latest/1f3c3_1f3ff_200d_27a1/512.png,512,512,82556,b2c95160e7a53a157fd966392f1a5dea519543459dd2949bf51b192d1ae1a68c
🏃‍♀‍➡,Running,People & Body,1f3c3_200d_2640_200d_27a1,People Body/running__1f3c3_200d_2640_200d_27a1.png,https://fonts.gstatic.com/s/e/noto3demoji/latest/1f3c3_200d_2640_200d_27a1/512.png,512,512,90351,bba59a3775e3d93e66dbbf81b48c1b2b73d4749cd71c068f124b345b8f813390
🏃🏻‍♀‍➡,Running,People & Body,1f3c3_1f3fb_200d_2640_200d_27a1,People Body/running__1f3c3_1f3fb_200d_2640_200d_27a1.png,https://fonts.gstatic.com/s/e/noto3demoji/latest/1f3c3_1f3fb_200d_2640_200d_27a1/512.png,512,512,91310,94f479135dc7b79d44c713d779bc8b33287365a78bc76fcd2ba3d8816bd52cef
🏃🏼‍♀‍➡,Running,People & Body,1f3c3_1f3fc_200d_2640_200d_27a1,People Body/running__1f3c3_1f3fc_200d_2640_200d_27a1.png,https://fonts.gstatic.com/s/e/noto3demoji/latest/1f3c3_1f3fc_200d_2640_200d_27a1/512.png,512,512,91657,c7e1a98a591cd4cc8741e2264777ea6f8badeff5c5e7eb7f51e0fc093d154e28
🏃🏽‍♀‍➡,Running,People & Body,1f3c3_1f3fd_200d_2640_200d_27a1,People Body/running__1f3c3_1f3fd_200d_2640_200d_27a1.png,https://fonts.gstatic.com/s/e/noto3demoji/latest/1f3c3_1f3fd_200d_2640_200d_27a1/512.png,512,512,89655,9b83cf1e9001a0783d6dbb7fdd3c4044e0f3b26c776d5b8fcec4194ce1cd39bc
🏃🏾‍♀‍➡,Running,People & Body,1f3c3_1f3fe_200d_2640_200d_27a1,People Body/running__1f3c3_1f3fe_200d_2640_200d_27a1.png,https://fonts.gstatic.com/s/e/noto3demoji/latest/1f3c3_1f3fe_200d_2640_200d_27a1/512.png,512,512,89909,5a803390cc0d2aac577ba40d1403b8a0446080cf52dca68cae8aa2e6e05b4660
🏃🏿‍♀‍➡,Running,People & Body,1f3c3_1f3ff_200d_2640_200d_27a1,People Body/running__1f3c3_1f3ff_200d_2640_200d_27a1.png,https://fonts.gstatic.com/s/e/noto3demoji/latest/1f3c3_1f3ff_200d_2640_200d_27a1/512.png,512,512,87775,ff83292a023a50068974a2102a09d865934285a224d0f1cd31d70fcb2677cd5c
🏃‍♂‍➡,Running,People & Body,1f3c3_200d_2642_200d_27a1,People Body/running__1f3c3_200d_2642_200d_27a1.png,https://fonts.gstatic.com/s/e/noto3demoji/latest/1f3c3_200d_2642_200d_27a1/512.png,512,512,83714,0469f6bb4fa554a2c99d189ec7b27210245eb67219ea47c1e6ae9b6f080760c2
🏃🏻‍♂‍➡,Running,People & Body,1f3c3_1f3fb_200d_2642_200d_27a1,People Body/running__1f3c3_1f3fb_200d_2642_200d_27a1.png,https://fonts.gstatic.com/s/e/noto3demoji/latest/1f3c3_1f3fb_200d_2642_200d_27a1/512.png,512,512,84989,b8cf0481ae8af6b295274104efd8b526cfbd01111be1417f80ecca5d964b44e8
🏃🏼‍♂‍➡,Running,People & Body,1f3c3_1f3fc_200d_2642_200d_27a1,People Body/running__1f3c3_1f3fc_200d_2642_200d_27a1.png,https://fonts.gstatic.com/s/e/noto3demoji/latest/1f3c3_1f3fc_200d_2642_200d_27a1/512.png,512,512,84743,4a47c73117702a42e9b6a0a597558f04ef102d4718bc8b48a71d6890f6a5ae50
🏃🏽‍♂‍➡,Running,People & Body,1f3c3_1f3fd_200d_2642_200d_27a1,People Body/running__1f3c3_1f3fd_200d_2642_200d_27a1.png,https://fonts.gstatic.com/s/e/noto3demoji/latest/1f3c3_1f3fd_200d_2642_200d_27a1/512.png,512,512,83162,c763510c85b3a2cf76caa3548d11c303d1a7582ddf2df9d8fbe2dd4bd9d055a4
🏃🏾‍♂‍➡,Running,People & Body,1f3c3_1f3fe_200d_2642_200d_27a1,People Body/running__1f3c3_1f3fe_200d_2642_200d_27a1.png,https://fonts.gstatic.com/s/e/noto3demoji/latest/1f3c3_1f3fe_200d_2642_200d_27a1/512.png,512,512,83546,d54cadf477d12d85163129768f7d158988c30368c75131172bbec9ffb93a6e2e
🏃🏿‍♂‍➡,Running,People & Body,1f3c3_1f3ff_200d_2642_200d_27a1,People Body/running__1f3c3_1f3ff_200d_2642_200d_27a1.png,https://fonts.gstatic.com/s/e/noto3demoji/latest/1f3c3_1f3ff_200d_2642_200d_27a1/512.png,512,512,82202,96958f8850f15b41a0d32884aedc59a8a1b12d4ab2921a7c9a41b88b86868e6d
🧑‍🩰,Dancer Person,People & Body,1f9d1_200d_1fa70,People Body/dancer-person__1f9d1_200d_1fa70.png,https://fonts.gstatic.com/s/e/noto3demoji/latest/1f9d1_200d_1fa70/512.png,512,512,69710,f9d331bf019692e65f190fdc1b8c9d4fd4891c37f3803ef6e3e2ad8b13877551
🧑🏻‍🩰,Dancer Person,People & Body,1f9d1_1f3fb_200d_1fa70,People Body/dancer-person__1f9d1_1f3fb_200d_1fa70.png,https://fonts.gstatic.com/s/e/noto3demoji/latest/1f9d1_1f3fb_200d_1fa70/512.png,512,512,73681,b6fc6630ed11888cd18be36a36f58a031aa547bec903dc192abce4cd98e8899c
🧑🏼‍🩰,Dancer Person,People & Body,1f9d1_1f3fc_200d_1fa70,People Body/dancer-person__1f9d1_1f3fc_200d_1fa70.png,https://fonts.gstatic.com/s/e/noto3demoji/latest/1f9d1_1f3fc_200d_1fa70/512.png,512,512,72918,88fc268f0cd4b37baec4174ec59544ad1c08bcb7da6c95565f692aaf8b834210
🧑🏽‍🩰,Dancer Person,People & Body,1f9d1_1f3fd_200d_1fa70,People Body/dancer-person__1f9d1_1f3fd_200d_1fa70.png,https://fonts.gstatic.com/s/e/noto3demoji/latest/1f9d1_1f3fd_200d_1fa70/512.png,512,512,69595,eb2a3c54d43138febd40f50bfed20f38ac8c824074ed75d201c6966a5e00825d
🧑🏾‍🩰,Dancer Person,People & Body,1f9d1_1f3fe_200d_1fa70,People Body/dancer-person__1f9d1_1f3fe_200d_1fa70.png,https://fonts.gstatic.com/s/e/noto3demoji/latest/1f9d1_1f3fe_200d_1fa70/512.png,512,512,69165,294ca4a46f195e4d1adfc77653e0cdce3d584c4821ab985ca2e84769c1b687be
🧑🏿‍🩰,Dancer Person,People & Body,1f9d1_1f3ff_200d_1fa70,People Body/dancer-person__1f9d1_1f3ff_200d_1fa70.png,https://fonts.gstatic.com/s/e/noto3demoji/latest/1f9d1_1f3ff_200d_1fa70/512.png,512,512,67618,b2c4c60e98386e8f037b9a674376f2ae875ee22e38dc599d04fedbe84bfd91da
💃,Dancer Woman,People & Body,1f483,People Body/dancer-woman__1f483.png,https://fonts.gstatic.com/s/e/noto3demoji/latest/1f483/512.png,512,512,116377,dee64862d45a05b108b6b6accc66f52b440ac4710308eb562f68fb86c2dc903e
💃🏻,Dancer Woman,People & Body,1f483_1f3fb,People Body/dancer-woman__1f483_1f3fb.png,https://fonts.gstatic.com/s/e/noto3demoji/latest/1f483_1f3fb/512.png,512,512,120026,17f79901de1b7aca803fb4d53993b9951187af50719af07e8aa38dfbe4f6278c
💃🏼,Dancer Woman,People & Body,1f483_1f3fc,People Body/dancer-woman__1f483_1f3fc.png,https://fonts.gstatic.com/s/e/noto3demoji/latest/1f483_1f3fc/512.png,512,512,119387,4a974958fe59fdcc44ef510d47f9578294c35c89e68a2153e0df0c6d51cf6b44
💃🏽,Dancer Woman,People & Body,1f483_1f3fd,People Body/dancer-woman__1f483_1f3fd.png,https://fonts.gstatic.com/s/e/noto3demoji/latest/1f483_1f3fd/512.png,512,512,116259,5776cabe259a80ec0e760aa3b6508c70fe64721af7c764a14d47454440e46760
💃🏾,Dancer Woman,People & Body,1f483_1f3fe,People Body/dancer-woman__1f483_1f3fe.png,https://fonts.gstatic.com/s/e/noto3demoji/latest/1f483_1f3fe/512.png,512,512,114813,e66df8d1c68d9a1c55076be3104f7a7d320db1a65154c47408ee157102289340
💃🏿,Dancer Woman,People & Body,1f483_1f3ff,People Body/dancer-woman__1f483_1f3ff.png,https://fonts.gstatic.com/s/e/noto3demoji/latest/1f483_1f3ff/512.png,512,512,113838,a605ebd76c9c842bf102c5f9cab22697610f692b5675b3622600b943701df84e
🕺,Dancer Man,People & Body,1f57a,People Body/dancer-man__1f57a.png,https://fonts.gstatic.com/s/e/noto3demoji/latest/1f57a/512.png,512,512,110146,2453acdbaf30f04234f2d8c3b8979bb68181a5e56d9ac4e1f3cc47bb0ab9bff2
🕺🏻,Dancer Man,People & Body,1f57a_1f3fb,People Body/dancer-man__1f57a_1f3fb.png,https://fonts.gstatic.com/s/e/noto3demoji/latest/1f57a_1f3fb/512.png,512,512,110835,177328b9f82174f00a097ed51c892e871ee90afc157ab8618d945d1f6451a9ed
🕺🏼,Dancer Man,People & Body,1f57a_1f3fc,People Body/dancer-man__1f57a_1f3fc.png,https://fonts.gstatic.com/s/e/noto3demoji/latest/1f57a_1f3fc/512.png,512,512,110801,3bbcfa5dabb549221997967ac966d0d1876014ad6b802d6b108fac8a0e71f71a
🕺🏽,Dancer Man,People & Body,1f57a_1f3fd,People Body/dancer-man__1f57a_1f3fd.png,https://fonts.gstatic.com/s/e/noto3demoji/latest/1f57a_1f3fd/512.png,512,512,109526,920ee888a2b72e5186574decb1818775378f061d87bf6f496eddd3d4badb600e
🕺🏾,Dancer Man,People & Body,1f57a_1f3fe,People Body/dancer-man__1f57a_1f3fe.png,https://fonts.gstatic.com/s/e/noto3demoji/latest/1f57a_1f3fe/512.png,512,512,109518,a6266b352c585e2fcf3679d779434eb183a9855d2652ebdce7883f6237d8de66
🕺🏿,Dancer Man,People & Body,1f57a_1f3ff,People Body/dancer-man__1f57a_1f3ff.png,https://fonts.gstatic.com/s/e/noto3demoji/latest/1f57a_1f3ff/512.png,512,512,108974,b090e59678447475f266d55e7b279e1d4165e53840913d9569281e6188fb46b9
🕴,Levitating Suit,People & Body,1f574,People Body/levitating-suit__1f574.png,https://fonts.gstatic.com/s/e/noto3demoji/latest/1f574/512.png,512,512,68934,b390808729afc18c086bbebd20a743278eddc2f3d1c13ccf8a39b9ea6b8649c4
🕴🏻,Levitating Suit,People & Body,1f574_1f3fb,People Body/levitating-suit__1f574_1f3fb.png,https://fonts.gstatic.com/s/e/noto3demoji/latest/1f574_1f3fb/512.png,512,512,70003,376216885b755e2248fb675afd11b187bc14499fba89c218b7693b50e2026f46
🕴🏼,Levitating Suit,People & Body,1f574_1f3fc,People Body/levitating-suit__1f574_1f3fc.png,https://fonts.gstatic.com/s/e/noto3demoji/latest/1f574_1f3fc/512.png,512,512,69956,744d0342d5de9c53f79fef2bf1ab0de09afee2328f37bdd94797898ea4356a16
🕴🏽,Levitating Suit,People & Body,1f574_1f3fd,People Body/levitating-suit__1f574_1f3fd.png,https://fonts.gstatic.com/s/e/noto3demoji/latest/1f574_1f3fd/512.png,512,512,68879,c4d8a5550e4bd8e3a70e541f96d65526ef04b30ab6296460bbbc6135046435d9
🕴🏾,Levitating Suit,People & Body,1f574_1f3fe,People Body/levitating-suit__1f574_1f3fe.png,https://fonts.gstatic.com/s/e/noto3demoji/latest/1f574_1f3fe/512.png,512,512,69083,121e434d6bc84c4efa07b0b814feb1e6bc7fca92f68e0a6bd88dc38cc6f151de
🕴🏿,Levitating Suit,People & Body,1f574_1f3ff,People Body/levitating-suit__1f574_1f3ff.png,https://fonts.gstatic.com/s/e/noto3demoji/latest/1f574_1f3ff/512.png,512,512,67848,2db386725970e28698feb6c346d2daf437b92fdf03fffa12b4aaec10e5fcfecc
👯,Bunny Ears,People & Body,1f46f,People Body/bunny-ears__1f46f.png,https://fonts.gstatic.com/s/e/noto3demoji/latest/1f46f/512.png,512,512,146582,50d4e5265997595a1f5a35fc7f27246a4211a44b2c326a12d8c583ce1511012d
👯🏻,Bunny Ears,People & Body,1f46f_1f3fb,People Body/bunny-ears__1f46f_1f3fb.png,https://fonts.gstatic.com/s/e/noto3demoji/latest/1f46f_1f3fb/512.png,512,512,151584,14cdb7ced5ad308a092187ca21b24639873ec180c559d5c780e5b165d899bcd4
👯🏼,Bunny Ears,People & Body,1f46f_1f3fc,People Body/bunny-ears__1f46f_1f3fc.png,https://fonts.gstatic.com/s/e/noto3demoji/latest/1f46f_1f3fc/512.png,512,512,150134,f6fd15b7282b7fe9a63587377388e205cc617d0c1607c33c700450955f7c85e0
👯🏽,Bunny Ears,People & Body,1f46f_1f3fd,People Body/bunny-ears__1f46f_1f3fd.png,https://fonts.gstatic.com/s/e/noto3demoji/latest/1f46f_1f3fd/512.png,512,512,142729,181a387f681971e71852f50180ba845eb910fa3d3728a489aee5efc18655f6da
👯🏾,Bunny Ears,People & Body,1f46f_1f3fe,People Body/bunny-ears__1f46f_1f3fe.png,https://fonts.gstatic.com/s/e/noto3demoji/latest/1f46f_1f3fe/512.png,512,512,141810,77ec1d8f7ab361d6e5756505919670aedcd60fe390c2d19f9a3c978f0eca3818
👯🏿,Bunny Ears,People & Body,1f46f_1f3ff,People Body/bunny-ears__1f46f_1f3ff.png,https://fonts.gstatic.com/s/e/noto3demoji/latest/1f46f_1f3ff/512.png,512,512,138519,dfe49e3d6191f1c1da0311037827b5690788b7d974fbcb64091e978f67f0c85d
👯‍♂,Bunny Ears Men,People & Body,1f46f_200d_2642,People Body/bunny-ears-men__1f46f_200d_2642.png,https://fonts.gstatic.com/s/e/noto3demoji/latest/1f46f_200d_2642/512.png,512,512,136989,194a38e330d27c7c416c7b7c8ddce6e82acbdffaeca07ab3fd9b3742089ec1fc
👯🏻‍♂,Bunny Ears Men,People & Body,1f46f_1f3fb_200d_2642,People Body/bunny-ears-men__1f46f_1f3fb_200d_2642.png,https://fonts.gstatic.com/s/e/noto3demoji/latest/1f46f_1f3fb_200d_2642/512.png,512,512,142911,daa77672fc045c1ea8717dc2ac6a48bf326f20afe230ab087b065671b5441d3c
👯🏼‍♂,Bunny Ears Men,People & Body,1f46f_1f3fc_200d_2642,People Body/bunny-ears-men__1f46f_1f3fc_200d_2642.png,https://fonts.gstatic.com/s/e/noto3demoji/latest/1f46f_1f3fc_200d_2642/512.png,512,512,140416,2142302ba603efba9395a8af569a9ef3a85cf82b7b187dc7746cf0fabcb41c3f
👯🏽‍♂,Bunny Ears Men,People & Body,1f46f_1f3fd_200d_2642,People Body/bunny-ears-men__1f46f_1f3fd_200d_2642.png,https://fonts.gstatic.com/s/e/noto3demoji/latest/1f46f_1f3fd_200d_2642/512.png,512,512,133647,603f29a9448708af1df90594e5fe53b87e80b4827a61cc6815875ca41b0ffc99
👯🏾‍♂,Bunny Ears Men,People & Body,1f46f_1f3fe_200d_2642,People Body/bunny-ears-men__1f46f_1f3fe_200d_2642.png,https://fonts.gstatic.com/s/e/noto3demoji/latest/1f46f_1f3fe_200d_2642/512.png,512,512,132988,ffa482ba8b366b7887e4683ffe093ddf637e737001f116672025cdb85af1bfef
👯🏿‍♂,Bunny Ears Men,People & Body,1f46f_1f3ff_200d_2642,People Body/bunny-ears-men__1f46f_1f3ff_200d_2642.png,https://fonts.gstatic.com/s/e/noto3demoji/latest/1f46f_1f3ff_200d_2642/512.png,512,512,130934,79e8f97dadc5ebd8dd7659ecfa1afe154ee0accd94047bd3275c64b40307e266
👯‍♀,Bunny Ears Women,People & Body,1f46f_200d_2640,People Body/bunny-ears-women__1f46f_200d_2640.png,https://fonts.gstatic.com/s/e/noto3demoji/latest/1f46f_200d_2640/512.png,512,512,143328,b14a6985f2ef7e4b1d83805aca045d60a776c43be6e87ecf16e70cdb13f0208e
👯🏻‍♀,Bunny Ears Women,People & Body,1f46f_1f3fb_200d_2640,People Body/bunny-ears-women__1f46f_1f3fb_200d_2640.png,https://fonts.gstatic.com/s/e/noto3demoji/latest/1f46f_1f3fb_200d_2640/512.png,512,512,149123,e60920e16f99b3d4ac2a5bdafeb5269d0abf7e6a3e9fb6a66e8f25baf7d56384
👯🏼‍♀,Bunny Ears Women,People & Body,1f46f_1f3fc_200d_2640,People Body/bunny-ears-women__1f46f_1f3fc_200d_2640.png,https://fonts.gstatic.com/s/e/noto3demoji/latest/1f46f_1f3fc_200d_2640/512.png,512,512,147243,a49e184dca780cc78fe553fef7e599210a936584c2290a68e26146acc8b3f760
👯🏽‍♀,Bunny Ears Women,People & Body,1f46f_1f3fd_200d_2640,People Body/bunny-ears-women__1f46f_1f3fd_200d_2640.png,https://fonts.gstatic.com/s/e/noto3demoji/latest/1f46f_1f3fd_200d_2640/512.png,512,512,140556,88bffcbd0eb34695f7b3e58853d3f8f528194ce3028665f1557b083a73e7e581
👯🏾‍♀,Bunny Ears Women,People & Body,1f46f_1f3fe_200d_2640,People Body/bunny-ears-women__1f46f_1f3fe_200d_2640.png,https://fonts.gstatic.com/s/e/noto3demoji/latest/1f46f_1f3fe_200d_2640/512.png,512,512,139135,759896a270abb0acacb029635a917ce6cd645709c91bac75a5a4e39fdfdf5ada
👯🏿‍♀,Bunny Ears Women,People & Body,1f46f_1f3ff_200d_2640,People Body/bunny-ears-women__1f46f_1f3ff_200d_2640.png,https://fonts.gstatic.com/s/e/noto3demoji/latest/1f46f_1f3ff_200d_2640/512.png,512,512,136303,bd9939e6ae0a0380304ec227670a2ab3d63b19b0fdf257a8d1ccb1bcf965c894
🧑🏻‍🐰‍🧑🏼,Bunny Ears,People & Body,1f9d1_1f3fb_200d_1f430_200d_1f9d1_1f3fc,People Body/bunny-ears__1f9d1_1f3fb_200d_1f430_200d_1f9d1_1f3fc.png,https://fonts.gstatic.com/s/e/noto3demoji/latest/1f9d1_1f3fb_200d_1f430_200d_1f9d1_1f3fc/512.png,512,512,151983,7a8427778a031822b1760b0aef4d5caeca1fd351aac676224d7a613c461a47de
🧑🏻‍🐰‍🧑🏽,Bunny Ears,People & Body,1f9d1_1f3fb_200d_1f430_200d_1f9d1_1f3fd,People Body/bunny-ears__1f9d1_1f3fb_200d_1f430_200d_1f9d1_1f3fd.png,https://fonts.gstatic.com/s/e/noto3demoji/latest/1f9d1_1f3fb_200d_1f430_200d_1f9d1_1f3fd/512.png,512,512,149232,6206ce58fc219f79ed0c01ed52c0c3d9ebb454738fbbfb797632014616cd9799
🧑🏻‍🐰‍🧑🏾,Bunny Ears,People & Body,1f9d1_1f3fb_200d_1f430_200d_1f9d1_1f3fe,People Body/bunny-ears__1f9d1_1f3fb_200d_1f430_200d_1f9d1_1f3fe.png,https://fonts.gstatic.com/s/e/noto3demoji/latest/1f9d1_1f3fb_200d_1f430_200d_1f9d1_1f3fe/512.png,512,512,149186,6a3d90164739afd97a431faf31a965a2af81a2ba7af9ca5bb2d81d3e33e929bf
🧑🏻‍🐰‍🧑🏿,Bunny Ears,People & Body,1f9d1_1f3fb_200d_1f430_200d_1f9d1_1f3ff,People Body/bunny-ears__1f9d1_1f3fb_200d_1f430_200d_1f9d1_1f3ff.png,https://fonts.gstatic.com/s/e/noto3demoji/latest/1f9d1_1f3fb_200d_1f430_200d_1f9d1_1f3ff/512.png,512,512,147094,3815f9d1080c4b5d51992dc9260fc1718980928f5ba4b6399f26fffd420b412c
🧑🏼‍🐰‍🧑🏻,Bunny Ears,People & Body,1f9d1_1f3fc_200d_1f430_200d_1f9d1_1f3fb,People Body/bunny-ears__1f9d1_1f3fc_200d_1f430_200d_1f9d1_1f3fb.png,https://fonts.gstatic.com/s/e/noto3demoji/latest/1f9d1_1f3fc_200d_1f430_200d_1f9d1_1f3fb/512.png,512,512,152269,d13ceb141f7a8c021509fb347d4f7eccfb3aa53b13ae6486a364960cb2cbb282
🧑🏼‍🐰‍🧑🏽,Bunny Ears,People & Body,1f9d1_1f3fc_200d_1f430_200d_1f9d1_1f3fd,People Body/bunny-ears__1f9d1_1f3fc_200d_1f430_200d_1f9d1_1f3fd.png,https://fonts.gstatic.com/s/e/noto3demoji/latest/1f9d1_1f3fc_200d_1f430_200d_1f9d1_1f3fd/512.png,512,512,148018,de00ead1b1de4a7e18a49f8b11bc655ef09c546d497f2d7f0853ee9b8f8cac3a
🧑🏼‍🐰‍🧑🏾,Bunny Ears,People & Body,1f9d1_1f3fc_200d_1f430_200d_1f9d1_1f3fe,People Body/bunny-ears__1f9d1_1f3fc_200d_1f430_200d_1f9d1_1f3fe.png,https://fonts.gstatic.com/s/e/noto3demoji/latest/1f9d1_1f3fc_200d_1f430_200d_1f9d1_1f3fe/512.png,512,512,148032,cea446f8619595658e4ef02f8c933762606ab02a22f6168ee24e0008fd2a06e7
🧑🏼‍🐰‍🧑🏿,Bunny Ears,People & Body,1f9d1_1f3fc_200d_1f430_200d_1f9d1_1f3ff,People Body/bunny-ears__1f9d1_1f3fc_200d_1f430_200d_1f9d1_1f3ff.png,https://fonts.gstatic.com/s/e/noto3demoji/latest/1f9d1_1f3fc_200d_1f430_200d_1f9d1_1f3ff/512.png,512,512,146422,f860cfce0618036ddcbc1a4e3dc9300265d981709f51d6c002a81460853082ab
🧑🏽‍🐰‍🧑🏻,Bunny Ears,People & Body,1f9d1_1f3fd_200d_1f430_200d_1f9d1_1f3fb,People Body/bunny-ears__1f9d1_1f3fd_200d_1f430_200d_1f9d1_1f3fb.png,https://fonts.gstatic.com/s/e/noto3demoji/latest/1f9d1_1f3fd_200d_1f430_200d_1f9d1_1f3fb/512.png,512,512,149131,0fedb7a213378925a4409718a6d73bebe35c0fd45d5d9bc21d8887fe2f4ffb35
🧑🏽‍🐰‍🧑🏼,Bunny Ears,People & Body,1f9d1_1f3fd_200d_1f430_200d_1f9d1_1f3fc,People Body/bunny-ears__1f9d1_1f3fd_200d_1f430_200d_1f9d1_1f3fc.png,https://fonts.gstatic.com/s/e/noto3demoji/latest/1f9d1_1f3fd_200d_1f430_200d_1f9d1_1f3fc/512.png,512,512,147753,bebc9dd888094b0390a18307ec0ed8d544be1dfdc3acc2ed5ea4d12ba02d2fa9
🧑🏽‍🐰‍🧑🏾,Bunny Ears,People & Body,1f9d1_1f3fd_200d_1f430_200d_1f9d1_1f3fe,People Body/bunny-ears__1f9d1_1f3fd_200d_1f430_200d_1f9d1_1f3fe.png,https://fonts.gstatic.com/s/e/noto3demoji/latest/1f9d1_1f3fd_200d_1f430_200d_1f9d1_1f3fe/512.png,512,512,143512,001dc2d19d40a7f85badd0625d62ddcb435d29e30893cd3a946c3c021bf1526c
🧑🏽‍🐰‍🧑🏿,Bunny Ears,People & Body,1f9d1_1f3fd_200d_1f430_200d_1f9d1_1f3ff,People Body/bunny-ears__1f9d1_1f3fd_200d_1f430_200d_1f9d1_1f3ff.png,https://fonts.gstatic.com/s/e/noto3demoji/latest/1f9d1_1f3fd_200d_1f430_200d_1f9d1_1f3ff/512.png,512,512,142083,bf74c3ae5ddc04f6a1a8c6e886bedc4680cfba6e0725961607ea6272b7cc92b1
🧑🏾‍🐰‍🧑🏻,Bunny Ears,People & Body,1f9d1_1f3fe_200d_1f430_200d_1f9d1_1f3fb,People Body/bunny-ears__1f9d1_1f3fe_200d_1f430_200d_1f9d1_1f3fb.png,https://fonts.gstatic.com/s/e/noto3demoji/latest/1f9d1_1f3fe_200d_1f430_200d_1f9d1_1f3fb/512.png,512,512,149048,a3c9be2beb52da44228e89cf15468cd15b9e505898b086698882dc3783ec1f73
🧑🏾‍🐰‍🧑🏼,Bunny Ears,People & Body,1f9d1_1f3fe_200d_1f430_200d_1f9d1_1f3fc,People Body/bunny-ears__1f9d1_1f3fe_200d_1f430_200d_1f9d1_1f3fc.png,https://fonts.gstatic.com/s/e/noto3demoji/latest/1f9d1_1f3fe_200d_1f430_200d_1f9d1_1f3fc/512.png,512,512,147920,199fe97bbe1a20d452abe64379fb37ece84ad514e1e4709336f7247015a1af43
🧑🏾‍🐰‍🧑🏽,Bunny Ears,People & Body,1f9d1_1f3fe_200d_1f430_200d_1f9d1_1f3fd,People Body/bunny-ears__1f9d1_1f3fe_200d_1f430_200d_1f9d1_1f3fd.png,https://fonts.gstatic.com/s/e/noto3demoji/latest/1f9d1_1f3fe_200d_1f430_200d_1f9d1_1f3fd/512.png,512,512,143386,ef823b098618dccf5b23d361a17eb185199ba5a62845247ee2205ed29dc6d71a
🧑🏾‍🐰‍🧑🏿,Bunny Ears,People & Body,1f9d1_1f3fe_200d_1f430_200d_1f9d1_1f3ff,People Body/bunny-ears__1f9d1_1f3fe_200d_1f430_200d_1f9d1_1f3ff.png,https://fonts.gstatic.com/s/e/noto3demoji/latest/1f9d1_1f3fe_200d_1f430_200d_1f9d1_1f3ff/512.png,512,512,141475,2d700dadb85b9fae98465ff87c3a32126e0125f238796c9f8188c334ef6dcd4a
🧑🏿‍🐰‍🧑🏻,Bunny Ears,People & Body,1f9d1_1f3ff_200d_1f430_200d_1f9d1_1f3fb,People Body/bunny-ears__1f9d1_1f3ff_200d_1f430_200d_1f9d1_1f3fb.png,https://fonts.gstatic.com/s/e/noto3demoji/latest/1f9d1_1f3ff_200d_1f430_200d_1f9d1_1f3fb/512.png,512,512,147394,c9709321d46a5c5ce94f9836eb4f5f60ec5336bae497119370ee7e9c63dc9721
🧑🏿‍🐰‍🧑🏼,Bunny Ears,People & Body,1f9d1_1f3ff_200d_1f430_200d_1f9d1_1f3fc,People Body/bunny-ears__1f9d1_1f3ff_200d_1f430_200d_1f9d1_1f3fc.png,https://fonts.gstatic.com/s/e/noto3demoji/latest/1f9d1_1f3ff_200d_1f430_200d_1f9d1_1f3fc/512.png,512,512,146232,410e3b1fcee758c7ed6f007d217a596dd9f6b705735bd09db273c9a7cf8d44bc
🧑🏿‍🐰‍🧑🏽,Bunny Ears,People & Body,1f9d1_1f3ff_200d_1f430_200d_1f9d1_1f3fd,People Body/bunny-ears__1f9d1_1f3ff_200d_1f430_200d_1f9d1_1f3fd.png,https://fonts.gstatic.com/s/e/noto3demoji/latest/1f9d1_1f3ff_200d_1f430_200d_1f9d1_1f3fd/512.png,512,512,142256,c6467996d3789a43a12465d80809bec86db262a6d72712db5dd2b9ff68a54b6d
🧑🏿‍🐰‍🧑🏾,Bunny Ears,People & Body,1f9d1_1f3ff_200d_1f430_200d_1f9d1_1f3fe,People Body/bunny-ears__1f9d1_1f3ff_200d_1f430_200d_1f9d1_1f3fe.png,https://fonts.gstatic.com/s/e/noto3demoji/latest/1f9d1_1f3ff_200d_1f430_200d_1f9d1_1f3fe/512.png,512,512,141565,9d71f271faed87a83a5c257d447718e979c5ff4bbb00dbf24b06b361df9b7241
👨🏻‍🐰‍👨🏼,Bunny Ears Men,People & Body,1f468_1f3fb_200d_1f430_200d_1f468_1f3fc,People Body/bunny-ears-men__1f468_1f3fb_200d_1f430_200d_1f468_1f3fc.png,https://fonts.gstatic.com/s/e/noto3demoji/latest/1f468_1f3fb_200d_1f430_200d_1f468_1f3fc/512.png,512,512,143046,b02852364962f59189a9f7f7e6f870b9100730b5da4896e94b9167e00923d622
👨🏻‍🐰‍👨🏽,Bunny Ears Men,People & Body,1f468_1f3fb_200d_1f430_200d_1f468_1f3fd,People Body/bunny-ears-men__1f468_1f3fb_200d_1f430_200d_1f468_1f3fd.png,https://fonts.gstatic.com/s/e/noto3demoji/latest/1f468_1f3fb_200d_1f430_200d_1f468_1f3fd/512.png,512,512,140080,9f0d11a491657602fa3b48653e7f8fdc3b0d78e1984eb1028ab7df44c022205d
👨🏻‍🐰‍👨🏾,Bunny Ears Men,People & Body,1f468_1f3fb_200d_1f430_200d_1f468_1f3fe,People Body/bunny-ears-men__1f468_1f3fb_200d_1f430_200d_1f468_1f3fe.png,https://fonts.gstatic.com/s/e/noto3demoji/latest/1f468_1f3fb_200d_1f430_200d_1f468_1f3fe/512.png,512,512,140451,ce491fa64cdcf367d4c4f7f5387f8e7279ed3374b0add8910d0b4aae7a9ec5da
👨🏻‍🐰‍👨🏿,Bunny Ears Men,People & Body,1f468_1f3fb_200d_1f430_200d_1f468_1f3ff,People Body/bunny-ears-men__1f468_1f3fb_200d_1f430_200d_1f468_1f3ff.png,https://fonts.gstatic.com/s/e/noto3demoji/latest/1f468_1f3fb_200d_1f430_200d_1f468_1f3ff/512.png,512,512,139118,c814fd6e4d379b38732f1f0148e00f4642eb7c36de0dfe543760287ceb221e9d
👨🏼‍🐰‍👨🏻,Bunny Ears Men,People & Body,1f468_1f3fc_200d_1f430_200d_1f468_1f3fb,People Body/bunny-ears-men__1f468_1f3fc_200d_1f430_200d_1f468_1f3fb.png,https://fonts.gstatic.com/s/e/noto3demoji/latest/1f468_1f3fc_200d_1f430_200d_1f468_1f3fb/512.png,512,512,142314,243a5196b177157ceee1616e2220a895df6016f0707d6d0af68fac68b26dcbaa
👨🏼‍🐰‍👨🏽,Bunny Ears Men,People & Body,1f468_1f3fc_200d_1f430_200d_1f468_1f3fd,People Body/bunny-ears-men__1f468_1f3fc_200d_1f430_200d_1f468_1f3fd.png,https://fonts.gstatic.com/s/e/noto3demoji/latest/1f468_1f3fc_200d_1f430_200d_1f468_1f3fd/512.png,512,512,138330,b9edc1e6564ec7e1486d489f9870dad5143d5a8915482c467f853e4082d53483
👨🏼‍🐰‍👨🏾,Bunny Ears Men,People & Body,1f468_1f3fc_200d_1f430_200d_1f468_1f3fe,People Body/bunny-ears-men__1f468_1f3fc_200d_1f430_200d_1f468_1f3fe.png,https://fonts.gstatic.com/s/e/noto3demoji/latest/1f468_1f3fc_200d_1f430_200d_1f468_1f3fe/512.png,512,512,138469,09fdf65589f6697b82aaca3aa97997e21bea288a73c3176d3915bccc669e05ea
👨🏼‍🐰‍👨🏿,Bunny Ears Men,People & Body,1f468_1f3fc_200d_1f430_200d_1f468_1f3ff,People Body/bunny-ears-men__1f468_1f3fc_200d_1f430_200d_1f468_1f3ff.png,https://fonts.gstatic.com/s/e/noto3demoji/latest/1f468_1f3fc_200d_1f430_200d_1f468_1f3ff/512.png,512,512,137357,71bdeb2e376ab3985bc6b9da54b4531430c76763c5d4f8cf34ec20265ba40031
👨🏽‍🐰‍👨🏻,Bunny Ears Men,People & Body,1f468_1f3fd_200d_1f430_200d_1f468_1f3fb,People Body/bunny-ears-men__1f468_1f3fd_200d_1f430_200d_1f468_1f3fb.png,https://fonts.gstatic.com/s/e/noto3demoji/latest/1f468_1f3fd_200d_1f430_200d_1f468_1f3fb/512.png,512,512,139999,ff05c9e98222e08c99e36d3451e05a004767ac197f09b1c25807b0a7670cda3a
👨🏽‍🐰‍👨🏼,Bunny Ears Men,People & Body,1f468_1f3fd_200d_1f430_200d_1f468_1f3fc,People Body/bunny-ears-men__1f468_1f3fd_200d_1f430_200d_1f468_1f3fc.png,https://fonts.gstatic.com/s/e/noto3demoji/latest/1f468_1f3fd_200d_1f430_200d_1f468_1f3fc/512.png,512,512,138424,688bfdd02250964ac3507dade6ae37560655a3642ebd049e8f700621507d6831
👨🏽‍🐰‍👨🏾,Bunny Ears Men,People & Body,1f468_1f3fd_200d_1f430_200d_1f468_1f3fe,People Body/bunny-ears-men__1f468_1f3fd_200d_1f430_200d_1f468_1f3fe.png,https://fonts.gstatic.com/s/e/noto3demoji/latest/1f468_1f3fd_200d_1f430_200d_1f468_1f3fe/512.png,512,512,134535,53fac7a86e00764e05e47b4e15400869329c69cbe1861c80d80151813895e2ae
👨🏽‍🐰‍👨🏿,Bunny Ears Men,People & Body,1f468_1f3fd_200d_1f430_200d_1f468_1f3ff,People Body/bunny-ears-men__1f468_1f3fd_200d_1f430_200d_1f468_1f3ff.png,https://fonts.gstatic.com/s/e/noto3demoji/latest/1f468_1f3fd_200d_1f430_200d_1f468_1f3ff/512.png,512,512,133675,b10edfa5574d543ce601e4897f7d4926c226b1edd095fa329321cd35cd5ace6d
👨🏾‍🐰‍👨🏻,Bunny Ears Men,People & Body,1f468_1f3fe_200d_1f430_200d_1f468_1f3fb,People Body/bunny-ears-men__1f468_1f3fe_200d_1f430_200d_1f468_1f3fb.png,https://fonts.gstatic.com/s/e/noto3demoji/latest/1f468_1f3fe_200d_1f430_200d_1f468_1f3fb/512.png,512,512,140015,c2df235ae141231d3b3b16be117788d70ed33d7c6a1baaaf35f80871c4f6909b
👨🏾‍🐰‍👨🏼,Bunny Ears Men,People & Body,1f468_1f3fe_200d_1f430_200d_1f468_1f3fc,People Body/bunny-ears-men__1f468_1f3fe_200d_1f430_200d_1f468_1f3fc.png,https://fonts.gstatic.com/s/e/noto3demoji/latest/1f468_1f3fe_200d_1f430_200d_1f468_1f3fc/512.png,512,512,138671,aa38b72ee61ea2fd099f832449f4a76113bcccc7a003958e8ba01f4ce1b4e566
👨🏾‍🐰‍👨🏽,Bunny Ears Men,People & Body,1f468_1f3fe_200d_1f430_200d_1f468_1f3fd,People Body/bunny-ears-men__1f468_1f3fe_200d_1f430_200d_1f468_1f3fd.png,https://fonts.gstatic.com/s/e/noto3demoji/latest/1f468_1f3fe_200d_1f430_200d_1f468_1f3fd/512.png,512,512,134672,4b5fda95be4a678db3076c4e90779bd17f600e166a635dc3fd519a32d10e37b2
👨🏾‍🐰‍👨🏿,Bunny Ears Men,People & Body,1f468_1f3fe_200d_1f430_200d_1f468_1f3ff,People Body/bunny-ears-men__1f468_1f3fe_200d_1f430_200d_1f468_1f3ff.png,https://fonts.gstatic.com/s/e/noto3demoji/latest/1f468_1f3fe_200d_1f430_200d_1f468_1f3ff/512.png,512,512,132992,f7b9cc0d5af766bed011b31d74473faa257401d1f1fc6a6e622baa3150245bf1
👨🏿‍🐰‍👨🏻,Bunny Ears Men,People & Body,1f468_1f3ff_200d_1f430_200d_1f468_1f3fb,People Body/bunny-ears-men__1f468_1f3ff_200d_1f430_200d_1f468_1f3fb.png,https://fonts.gstatic.com/s/e/noto3demoji/latest/1f468_1f3ff_200d_1f430_200d_1f468_1f3fb/512.png,512,512,138658,a0cc534be0a71909456df7ae7438a81c8b6faf329d0f9fbfee495aaa24a6f8ac
👨🏿‍🐰‍👨🏼,Bunny Ears Men,People & Body,1f468_1f3ff_200d_1f430_200d_1f468_1f3fc,People Body/bunny-ears-men__1f468_1f3ff_200d_1f430_200d_1f468_1f3fc.png,https://fonts.gstatic.com/s/e/noto3demoji/latest/1f468_1f3ff_200d_1f430_200d_1f468_1f3fc/512.png,512,512,137459,5d8ab3ffe089b97cb5172a773711c03b1c10b04ba9773f48f02a3ade79f99a38
👨🏿‍🐰‍👨🏽,Bunny Ears Men,People & Body,1f468_1f3ff_200d_1f430_200d_1f468_1f3fd,People Body/bunny-ears-men__1f468_1f3ff_200d_1f430_200d_1f468_1f3fd.png,https://fonts.gstatic.com/s/e/noto3demoji/latest/1f468_1f3ff_200d_1f430_200d_1f468_1f3fd/512.png,512,512,133565,2c0e1a51498306cd9ad3984425a9adfe4348856fd0efce899eb6e4d5dc4d7fb7
👨🏿‍🐰‍👨🏾,Bunny Ears Men,People & Body,1f468_1f3ff_200d_1f430_200d_1f468_1f3fe,People Body/bunny-ears-men__1f468_1f3ff_200d_1f430_200d_1f468_1f3fe.png,https://fonts.gstatic.com/s/e/noto3demoji/latest/1f468_1f3ff_200d_1f430_200d_1f468_1f3fe/512.png,512,512,133153,fb746ba13627867ab0a4d86c2c61ae98cde9ceddbee94b7ac610813162e2683b
👩🏻‍🐰‍👩🏼,Bunny Ears Women,People & Body,1f469_1f3fb_200d_1f430_200d_1f469_1f3fc,People Body/bunny-ears-women__1f469_1f3fb_200d_1f430_200d_1f469_1f3fc.png,https://fonts.gstatic.com/s/e/noto3demoji/latest/1f469_1f3fb_200d_1f430_200d_1f469_1f3fc/512.png,512,512,149276,35bf6b9494a72a53ef7b72f74422842ed1cd3639ea2c70d5efa6a937d501d602
👩🏻‍🐰‍👩🏽,Bunny Ears Women,People & Body,1f469_1f3fb_200d_1f430_200d_1f469_1f3fd,People Body/bunny-ears-women__1f469_1f3fb_200d_1f430_200d_1f469_1f3fd.png,https://fonts.gstatic.com/s/e/noto3demoji/latest/1f469_1f3fb_200d_1f430_200d_1f469_1f3fd/512.png,512,512,146476,5c10808dfd187dbf2b1dd2e6a3eadedbc2925d289b7904eb629a2c7895a4e7e7
👩🏻‍🐰‍👩🏾,Bunny Ears Women,People & Body,1f469_1f3fb_200d_1f430_200d_1f469_1f3fe,People Body/bunny-ears-women__1f469_1f3fb_200d_1f430_200d_1f469_1f3fe.png,https://fonts.gstatic.com/s/e/noto3demoji/latest/1f469_1f3fb_200d_1f430_200d_1f469_1f3fe/512.png,512,512,146337,ea87154c291cfac066a23786702dabb2e3002fa7a80b1b53eb56a855818b501d
👩🏻‍🐰‍👩🏿,Bunny Ears Women,People & Body,1f469_1f3fb_200d_1f430_200d_1f469_1f3ff,People Body/bunny-ears-women__1f469_1f3fb_200d_1f430_200d_1f469_1f3ff.png,https://fonts.gstatic.com/s/e/noto3demoji/latest/1f469_1f3fb_200d_1f430_200d_1f469_1f3ff/512.png,512,512,144591,8cc4916f099857083715d1de12f8f1829d2ac96ebb354532b3c777c9d9a67284
👩🏼‍🐰‍👩🏻,Bunny Ears Women,People & Body,1f469_1f3fc_200d_1f430_200d_1f469_1f3fb,People Body/bunny-ears-women__1f469_1f3fc_200d_1f430_200d_1f469_1f3fb.png,https://fonts.gstatic.com/s/e/noto3demoji/latest/1f469_1f3fc_200d_1f430_200d_1f469_1f3fb/512.png,512,512,149240,ba3cf687b4c779200a5880767197683664736815b2d31dbc368cf2e850695652
👩🏼‍🐰‍👩🏽,Bunny Ears Women,People & Body,1f469_1f3fc_200d_1f430_200d_1f469_1f3fd,People Body/bunny-ears-women__1f469_1f3fc_200d_1f430_200d_1f469_1f3fd.png,https://fonts.gstatic.com/s/e/noto3demoji/latest/1f469_1f3fc_200d_1f430_200d_1f469_1f3fd/512.png,512,512,145226,ae325f28ad907c9a225be6147544d067bd1e04b7f3feb6176fa8b25afa8937bb
👩🏼‍🐰‍👩🏾,Bunny Ears Women,People & Body,1f469_1f3fc_200d_1f430_200d_1f469_1f3fe,People Body/bunny-ears-women__1f469_1f3fc_200d_1f430_200d_1f469_1f3fe.png,https://fonts.gstatic.com/s/e/noto3demoji/latest/1f469_1f3fc_200d_1f430_200d_1f469_1f3fe/512.png,512,512,145336,6fcf6f846cc25cbc5a568c8c564102fbab3b351f35b0cd335a1f5ab8a6b1cf4d
👩🏼‍🐰‍👩🏿,Bunny Ears Women,People & Body,1f469_1f3fc_200d_1f430_200d_1f469_1f3ff,People Body/bunny-ears-women__1f469_1f3fc_200d_1f430_200d_1f469_1f3ff.png,https://fonts.gstatic.com/s/e/noto3demoji/latest/1f469_1f3fc_200d_1f430_200d_1f469_1f3ff/512.png,512,512,143554,70dc9b86a900c46448574dbc9bd7bc33cb012fdcc278b7caf86f99b277cf86d8
👩🏽‍🐰‍👩🏻,Bunny Ears Women,People & Body,1f469_1f3fd_200d_1f430_200d_1f469_1f3fb,People Body/bunny-ears-women__1f469_1f3fd_200d_1f430_200d_1f469_1f3fb.png,https://fonts.gstatic.com/s/e/noto3demoji/latest/1f469_1f3fd_200d_1f430_200d_1f469_1f3fb/512.png,512,512,146764,e56d6de3568735c7fb9821b15da2733977750aa40a711c805cf64be35485e50b
👩🏽‍🐰‍👩🏼,Bunny Ears Women,People & Body,1f469_1f3fd_200d_1f430_200d_1f469_1f3fc,People Body/bunny-ears-women__1f469_1f3fd_200d_1f430_200d_1f469_1f3fc.png,https://fonts.gstatic.com/s/e/noto3demoji/latest/1f469_1f3fd_200d_1f430_200d_1f469_1f3fc/512.png,512,512,145384,752670c6bff61676a46aaaf93aa4f6a0609b7c4e4fa59372850b2cec9869bae8
👩🏽‍🐰‍👩🏾,Bunny Ears Women,People & Body,1f469_1f3fd_200d_1f430_200d_1f469_1f3fe,People Body/bunny-ears-women__1f469_1f3fd_200d_1f430_200d_1f469_1f3fe.png,https://fonts.gstatic.com/s/e/noto3demoji/latest/1f469_1f3fd_200d_1f430_200d_1f469_1f3fe/512.png,512,512,141306,e203a6a966ab89e9771eda8508a362005c9464ddebbe446e690038bd87b180ab
👩🏽‍🐰‍👩🏿,Bunny Ears Women,People & Body,1f469_1f3fd_200d_1f430_200d_1f469_1f3ff,People Body/bunny-ears-women__1f469_1f3fd_200d_1f430_200d_1f469_1f3ff.png,https://fonts.gstatic.com/s/e/noto3demoji/latest/1f469_1f3fd_200d_1f430_200d_1f469_1f3ff/512.png,512,512,140009,43d76c74dca259616c54ab74607382fcf006d16307613a313df1cd5cda409e62
👩🏾‍🐰‍👩🏻,Bunny Ears Women,People & Body,1f469_1f3fe_200d_1f430_200d_1f469_1f3fb,People Body/bunny-ears-women__1f469_1f3fe_200d_1f430_200d_1f469_1f3fb.png,https://fonts.gstatic.com/s/e/noto3demoji/latest/1f469_1f3fe_200d_1f430_200d_1f469_1f3fb/512.png,512,512,146065,b7d281e31833ec64ea19b88c44daac431235dd0fca4145035a68c61453e5e49a
👩🏾‍🐰‍👩🏼,Bunny Ears Women,People & Body,1f469_1f3fe_200d_1f430_200d_1f469_1f3fc,People Body/bunny-ears-women__1f469_1f3fe_200d_1f430_200d_1f469_1f3fc.png,https://fonts.gstatic.com/s/e/noto3demoji/latest/1f469_1f3fe_200d_1f430_200d_1f469_1f3fc/512.png,512,512,144881,d7f9e255003b4b65ae7a0647ee9f8aa33f9a1a228bbc8320fdfefbaf4aa81453
👩🏾‍🐰‍👩🏽,Bunny Ears Women,People & Body,1f469_1f3fe_200d_1f430_200d_1f469_1f3fd,People Body/bunny-ears-women__1f469_1f3fe_200d_1f430_200d_1f469_1f3fd.png,https://fonts.gstatic.com/s/e/noto3demoji/latest/1f469_1f3fe_200d_1f430_200d_1f469_1f3fd/512.png,512,512,140835,4192f4f603f35b08c3069cc8024d9b6058f76b6e95dff9bb35a4ff232a0254dd
👩🏾‍🐰‍👩🏿,Bunny Ears Women,People & Body,1f469_1f3fe_200d_1f430_200d_1f469_1f3ff,People Body/bunny-ears-women__1f469_1f3fe_200d_1f430_200d_1f469_1f3ff.png,https://fonts.gstatic.com/s/e/noto3demoji/latest/1f469_1f3fe_200d_1f430_200d_1f469_1f3ff/512.png,512,512,138769,f32315854b0e0c0db3ae7201f656e1ba6221c38f15086ea301377cb2cd45badf
👩🏿‍🐰‍👩🏻,Bunny Ears Women,People & Body,1f469_1f3ff_200d_1f430_200d_1f469_1f3fb,People Body/bunny-ears-women__1f469_1f3ff_200d_1f430_200d_1f469_1f3fb.png,https://fonts.gstatic.com/s/e/noto3demoji/latest/1f469_1f3ff_200d_1f430_200d_1f469_1f3fb/512.png,512,512,144518,db090875c8903e935cc8d8d09fd63af9936035e37ffc253dfb90ddafdc16bff4
👩🏿‍🐰‍👩🏼,Bunny Ears Women,People & Body,1f469_1f3ff_200d_1f430_200d_1f469_1f3fc,People Body/bunny-ears-women__1f469_1f3ff_200d_1f430_200d_1f469_1f3fc.png,https://fonts.gstatic.com/s/e/noto3demoji/latest/1f469_1f3ff_200d_1f430_200d_1f469_1f3fc/512.png,512,512,143674,f1c7a774a6df7efd1747957076779d5460790421422c7fc790cba28d1140c19b
👩🏿‍🐰‍👩🏽,Bunny Ears Women,People & Body,1f469_1f3ff_200d_1f430_200d_1f469_1f3fd,People Body/bunny-ears-women__1f469_1f3ff_200d_1f430_200d_1f469_1f3fd.png,https://fonts.gstatic.com/s/e/noto3demoji/latest/1f469_1f3ff_200d_1f430_200d_1f469_1f3fd/512.png,512,512,139821,13acf3fa99f44958ba506dab52ed87067341efa5ce4580000fe3589307aa62b4
👩🏿‍🐰‍👩🏾,Bunny Ears Women,People & Body,1f469_1f3ff_200d_1f430_200d_1f469_1f3fe,People Body/bunny-ears-women__1f469_1f3ff_200d_1f430_200d_1f469_1f3fe.png,https://fonts.gstatic.com/s/e/noto3demoji/latest/1f469_1f3ff_200d_1f430_200d_1f469_1f3fe/512.png,512,512,139370,afd77b7d24aa0d0e58a1c92c605bbb817ef1a01f96f1bc30435468deef2c0359
🧖,Sauna,People & Body,1f9d6,People Body/sauna__1f9d6.png,https://fonts.gstatic.com/s/e/noto3demoji/latest/1f9d6/512.png,512,512,224880,09679bcf26c944118df04a2cc79d4e6fb3c1719fcfb74e358fb090ca216f717a
🧖🏻,Sauna,People & Body,1f9d6_1f3fb,People Body/sauna__1f9d6_1f3fb.png,https://fonts.gstatic.com/s/e/noto3demoji/latest/1f9d6_1f3fb/512.png,512,512,229344,325de45c6f88a75254be678bbadb5d49f018f3599de3657eb07d568ca68aec79
🧖🏼,Sauna,People & Body,1f9d6_1f3fc,People Body/sauna__1f9d6_1f3fc.png,https://fonts.gstatic.com/s/e/noto3demoji/latest/1f9d6_1f3fc/512.png,512,512,229970,1073197e95bccd206f9ff26202c114e56eaba490cfcb4b4da646bdfa8e618afb
🧖🏽,Sauna,People & Body,1f9d6_1f3fd,People Body/sauna__1f9d6_1f3fd.png,https://fonts.gstatic.com/s/e/noto3demoji/latest/1f9d6_1f3fd/512.png,512,512,224451,ac2a1411d0d489c4ccf9035c1543a6c062e8244cadbb3f1a808f8c74a5185bb8
🧖🏾,Sauna,People & Body,1f9d6_1f3fe,People Body/sauna__1f9d6_1f3fe.png,https://fonts.gstatic.com/s/e/noto3demoji/latest/1f9d6_1f3fe/512.png,512,512,224590,7ba5673505a2752b5664fcc659d26a4ff2ea820e2b1a0596077d10f9deeffb4f
🧖🏿,Sauna,People & Body,1f9d6_1f3ff,People Body/sauna__1f9d6_1f3ff.png,https://fonts.gstatic.com/s/e/noto3demoji/latest/1f9d6_1f3ff/512.png,512,512,221383,f139dfa86728f5273d5aea3a2e4615046781998417c89fe1325a79165cba979b
🧖‍♂,Sauna,People & Body,1f9d6_200d_2642,People Body/sauna__1f9d6_200d_2642.png,https://fonts.gstatic.com/s/e/noto3demoji/latest/1f9d6_200d_2642/512.png,512,512,215695,a88ae710b577ace9d018e10863da0f86789f0fe941509c8383366107eeabbbd5
🧖🏻‍♂,Sauna,People & Body,1f9d6_1f3fb_200d_2642,People Body/sauna__1f9d6_1f3fb_200d_2642.png,https://fonts.gstatic.com/s/e/noto3demoji/latest/1f9d6_1f3fb_200d_2642/512.png,512,512,220271,7337a1a1974270a7eef46ac7d149698d897ee170497cb38603075177e6dabbae
🧖🏼‍♂,Sauna,People & Body,1f9d6_1f3fc_200d_2642,People Body/sauna__1f9d6_1f3fc_200d_2642.png,https://fonts.gstatic.com/s/e/noto3demoji/latest/1f9d6_1f3fc_200d_2642/512.png,512,512,219571,28f7669be3860854a92c491a35691467f47392d7bf7e26aff77d79af58b9a9b1
🧖🏽‍♂,Sauna,People & Body,1f9d6_1f3fd_200d_2642,People Body/sauna__1f9d6_1f3fd_200d_2642.png,https://fonts.gstatic.com/s/e/noto3demoji/latest/1f9d6_1f3fd_200d_2642/512.png,512,512,216211,5be60d94879680806029beaca2edccad95a97dedbb4485cd9f616d49954bc070
🧖🏾‍♂,Sauna,People & Body,1f9d6_1f3fe_200d_2642,People Body/sauna__1f9d6_1f3fe_200d_2642.png,https://fonts.gstatic.com/s/e/noto3demoji/latest/1f9d6_1f3fe_200d_2642/512.png,512,512,216685,4cf4bd760a3bba064df9ea2b2a7130a51ec68c7e702c8a92553c173af9e8674a
🧖🏿‍♂,Sauna,People & Body,1f9d6_1f3ff_200d_2642,People Body/sauna__1f9d6_1f3ff_200d_2642.png,https://fonts.gstatic.com/s/e/noto3demoji/latest/1f9d6_1f3ff_200d_2642/512.png,512,512,215125,7b9d17a39f287f73a9b73b50af7b381b0154c8818e7aaf67dc8bac626562aa0c
🧖‍♀,Sauna,People & Body,1f9d6_200d_2640,People Body/sauna__1f9d6_200d_2640.png,https://fonts.gstatic.com/s/e/noto3demoji/latest/1f9d6_200d_2640/512.png,512,512,215638,ebd8a94ba80f457933ad1bcca50d9c973c61463e02b422fd661b8aadf8491b17
🧖🏻‍♀,Sauna,People & Body,1f9d6_1f3fb_200d_2640,People Body/sauna__1f9d6_1f3fb_200d_2640.png,https://fonts.gstatic.com/s/e/noto3demoji/latest/1f9d6_1f3fb_200d_2640/512.png,512,512,220474,8da567fcc08313cb738813a2c945186dc0cac29253f7358996bb3a20fda8bf6b
🧖🏼‍♀,Sauna,People & Body,1f9d6_1f3fc_200d_2640,People Body/sauna__1f9d6_1f3fc_200d_2640.png,https://fonts.gstatic.com/s/e/noto3demoji/latest/1f9d6_1f3fc_200d_2640/512.png,512,512,218769,9ce5a268a78a3285ba51b034de5a5db8bfe55573fdffbf428da82212ddcd5ab8
🧖🏽‍♀,Sauna,People & Body,1f9d6_1f3fd_200d_2640,People Body/sauna__1f9d6_1f3fd_200d_2640.png,https://fonts.gstatic.com/s/e/noto3demoji/latest/1f9d6_1f3fd_200d_2640/512.png,512,512,214692,ace337fb1602001ae7d57ed4e46459ce919abdd745a205014943c31f31ad9752
🧖🏾‍♀,Sauna,People & Body,1f9d6_1f3fe_200d_2640,People Body/sauna__1f9d6_1f3fe_200d_2640.png,https://fonts.gstatic.com/s/e/noto3demoji/latest/1f9d6_1f3fe_200d_2640/512.png,512,512,214988,ad80da4c4d7bf0ad0d712eab21dc1428711717f8f482b2df023452ec20c0336a
🧖🏿‍♀,Sauna,People & Body,1f9d6_1f3ff_200d_2640,People Body/sauna__1f9d6_1f3ff_200d_2640.png,https://fonts.gstatic.com/s/e/noto3demoji/latest/1f9d6_1f3ff_200d_2640/512.png,512,512,211762,1724400f1159dd0dbce4e0a30273ea5c6ca5ba465116901de1e400d4cf894214
🧗,Climbing,People & Body,1f9d7,People Body/climbing__1f9d7.png,https://fonts.gstatic.com/s/e/noto3demoji/latest/1f9d7/512.png,512,512,141752,fd10d126844006bd0c6c4f201bf3501841b5b24843d80204fa636c55e5a786ff
🧗🏻,Climbing,People & Body,1f9d7_1f3fb,People Body/climbing__1f9d7_1f3fb.png,https://fonts.gstatic.com/s/e/noto3demoji/latest/1f9d7_1f3fb/512.png,512,512,143409,1ef7bcf151bb12013347111277ea3237b12c757f139a7526f0793496930c374a
🧗🏼,Climbing,People & Body,1f9d7_1f3fc,People Body/climbing__1f9d7_1f3fc.png,https://fonts.gstatic.com/s/e/noto3demoji/latest/1f9d7_1f3fc/512.png,512,512,142085,3aa2f6e02debbbb192807e1963bddaeffb081296426afced16d5dbbef07e94a7
🧗🏽,Climbing,People & Body,1f9d7_1f3fd,People Body/climbing__1f9d7_1f3fd.png,https://fonts.gstatic.com/s/e/noto3demoji/latest/1f9d7_1f3fd/512.png,512,512,140316,4c8d34b3a09556fd592d5ee9473d451a503567f41cc6754756923cd6acf4680e
🧗🏾,Climbing,People & Body,1f9d7_1f3fe,People Body/climbing__1f9d7_1f3fe.png,https://fonts.gstatic.com/s/e/noto3demoji/latest/1f9d7_1f3fe/512.png,512,512,141309,3dae2d6ea21936bb2e0dec858be6470100a02ac4209db2c9276aad10c2dedd53
🧗🏿,Climbing,People & Body,1f9d7_1f3ff,People Body/climbing__1f9d7_1f3ff.png,https://fonts.gstatic.com/s/e/noto3demoji/latest/1f9d7_1f3ff/512.png,512,512,139863,891cf95ad824cd5ca18b3ea47caaa3fe5472ebff019647994770763d34c205f1
🧗‍♂,Climbing,People & Body,1f9d7_200d_2642,People Body/climbing__1f9d7_200d_2642.png,https://fonts.gstatic.com/s/e/noto3demoji/latest/1f9d7_200d_2642/512.png,512,512,143038,4521403e1e7286aa1e4f5701ffddf5e6910de0a9808f65399cd434a4cd4763c4
🧗🏻‍♂,Climbing,People & Body,1f9d7_1f3fb_200d_2642,People Body/climbing__1f9d7_1f3fb_200d_2642.png,https://fonts.gstatic.com/s/e/noto3demoji/latest/1f9d7_1f3fb_200d_2642/512.png,512,512,143284,2f532219f90d1e01867109e33ef68b93a086506ba33ef1141f908d62c68bee1e
🧗🏼‍♂,Climbing,People & Body,1f9d7_1f3fc_200d_2642,People Body/climbing__1f9d7_1f3fc_200d_2642.png,https://fonts.gstatic.com/s/e/noto3demoji/latest/1f9d7_1f3fc_200d_2642/512.png,512,512,142627,15222242f987c4031feae7bfb8639ade2456e43facc4b70a43e2a0846fef4564
🧗🏽‍♂,Climbing,People & Body,1f9d7_1f3fd_200d_2642,People Body/climbing__1f9d7_1f3fd_200d_2642.png,https://fonts.gstatic.com/s/e/noto3demoji/latest/1f9d7_1f3fd_200d_2642/512.png,512,512,141143,e6cc847dbcb385d18622ad6b8bb6f6aa0d204f3898fbc4a9e444233ed4e5a4cb
🧗🏾‍♂,Climbing,People & Body,1f9d7_1f3fe_200d_2642,People Body/climbing__1f9d7_1f3fe_200d_2642.png,https://fonts.gstatic.com/s/e/noto3demoji/latest/1f9d7_1f3fe_200d_2642/512.png,512,512,140995,a476f1ae5680f80640193e536701142f71bb95e3dcbb92ffd416450a1e9be277
🧗🏿‍♂,Climbing,People & Body,1f9d7_1f3ff_200d_2642,People Body/climbing__1f9d7_1f3ff_200d_2642.png,https://fonts.gstatic.com/s/e/noto3demoji/latest/1f9d7_1f3ff_200d_2642/512.png,512,512,140563,01e36ec2d16bd4947b5d45d550ead424c16d610036f70ac2c7e1e48ced673650
🧗‍♀,Climbing,People & Body,1f9d7_200d_2640,People Body/climbing__1f9d7_200d_2640.png,https://fonts.gstatic.com/s/e/noto3demoji/latest/1f9d7_200d_2640/512.png,512,512,146694,24dd34296d07d403f8e6362d776767f9e2d13df80d55bbfdc04af75f84a93f04
🧗🏻‍♀,Climbing,People & Body,1f9d7_1f3fb_200d_2640,People Body/climbing__1f9d7_1f3fb_200d_2640.png,https://fonts.gstatic.com/s/e/noto3demoji/latest/1f9d7_1f3fb_200d_2640/512.png,512,512,146845,3b0c43172b67405e59643c45256d32575c062965709f3707c54809f209500651
🧗🏼‍♀,Climbing,People & Body,1f9d7_1f3fc_200d_2640,People Body/climbing__1f9d7_1f3fc_200d_2640.png,https://fonts.gstatic.com/s/e/noto3demoji/latest/1f9d7_1f3fc_200d_2640/512.png,512,512,146130,f0691e037774acf1827e9a9e8a56d1a9460681c156ac0b33f85b652baaac95ad
🧗🏽‍♀,Climbing,People & Body,1f9d7_1f3fd_200d_2640,People Body/climbing__1f9d7_1f3fd_200d_2640.png,https://fonts.gstatic.com/s/e/noto3demoji/latest/1f9d7_1f3fd_200d_2640/512.png,512,512,144174,50717f03e074fd33c137dd0fc42cbeef7e3f73ff3d74319ac8b5d9efe735d8d4
🧗🏾‍♀,Climbing,People & Body,1f9d7_1f3fe_200d_2640,People Body/climbing__1f9d7_1f3fe_200d_2640.png,https://fonts.gstatic.com/s/e/noto3demoji/latest/1f9d7_1f3fe_200d_2640/512.png,512,512,144532,dede5dabd1363d8930510c09a433fbca56a3cf9d7833a900bccdd346a12cfbe7
🧗🏿‍♀,Climbing,People & Body,1f9d7_1f3ff_200d_2640,People Body/climbing__1f9d7_1f3ff_200d_2640.png,https://fonts.gstatic.com/s/e/noto3demoji/latest/1f9d7_1f3ff_200d_2640/512.png,512,512,143554,f8e484d399ebde36c704deb97791081b9fe9522cd89288e50bdfc8f0c4ce3972
🤺,Fencing,People & Body,1f93a,People Body/fencing__1f93a.png,https://fonts.gstatic.com/s/e/noto3demoji/latest/1f93a/512.png,512,512,118991,9e9ac2728d5e1f9c1732b377580d5dc9a44dee0280dfe694a6eab33dec33feda
🏇,Horse Racing,People & Body,1f3c7,People Body/horse-racing__1f3c7.png,https://fonts.gstatic.com/s/e/noto3demoji/latest/1f3c7/512.png,512,512,142305,dfe8a596d1a71aa94cb0e07f940a8a9177a1237ad64f5b61a88873820cfac011
🏇🏻,Horse Racing,People & Body,1f3c7_1f3fb,People Body/horse-racing__1f3c7_1f3fb.png,https://fonts.gstatic.com/s/e/noto3demoji/latest/1f3c7_1f3fb/512.png,512,512,143201,b9e72644b78f64523eda87a158c495f103a6e8e910a67feaa9e581061590eeb1
🏇🏼,Horse Racing,People & Body,1f3c7_1f3fc,People Body/horse-racing__1f3c7_1f3fc.png,https://fonts.gstatic.com/s/e/noto3demoji/latest/1f3c7_1f3fc/512.png,512,512,142974,b324f70a8f85120c57a15f93e99d656cb37174cd8723adba4fada834c7e4eee1
🏇🏽,Horse Racing,People & Body,1f3c7_1f3fd,People Body/horse-racing__1f3c7_1f3fd.png,https://fonts.gstatic.com/s/e/noto3demoji/latest/1f3c7_1f3fd/512.png,512,512,141939,0b2b143dc02d070035ef6a71b59d8d2b454197239030976e788f1114a365a272
🏇🏾,Horse Racing,People & Body,1f3c7_1f3fe,People Body/horse-racing__1f3c7_1f3fe.png,https://fonts.gstatic.com/s/e/noto3demoji/latest/1f3c7_1f3fe/512.png,512,512,141942,e3ffe944033023140ee42712246fb352bfa9d9c63de274f4a85f35657f335f66
🏇🏿,Horse Racing,People & Body,1f3c7_1f3ff,People Body/horse-racing__1f3c7_1f3ff.png,https://fonts.gstatic.com/s/e/noto3demoji/latest/1f3c7_1f3ff/512.png,512,512,141810,e432d8a6e93456345b6f17cb700c6d9c75bb523fff440a32e7203d3c90914d71
⛷,Skier,People & Body,26f7,People Body/skier__26f7.png,https://fonts.gstatic.com/s/e/noto3demoji/latest/26f7/512.png,512,512,117071,a4f71268e99ac30eddbb2257076fef7f146fa0bc4a803e9ff9a931d0a33cbf3a
🏂,Snowboarder,People & Body,1f3c2,People Body/snowboarder__1f3c2.png,https://fonts.gstatic.com/s/e/noto3demoji/latest/1f3c2/512.png,512,512,117408,c2ae95c64bef754c4c05a63df991e7da57689e37ce42e336a389cf14245d86f6
🏂🏻,Snowboarder,People & Body,1f3c2_1f3fb,People Body/snowboarder__1f3c2_1f3fb.png,https://fonts.gstatic.com/s/e/noto3demoji/latest/1f3c2_1f3fb/512.png,512,512,117138,1a2b9bdf265bfde48c9f45a781dce8928222acd0b884c3c29b89933bb9dcc616
🏂🏼,Snowboarder,People & Body,1f3c2_1f3fc,People Body/snowboarder__1f3c2_1f3fc.png,https://fonts.gstatic.com/s/e/noto3demoji/latest/1f3c2_1f3fc/512.png,512,512,117118,76cc215c36476a136adf5978f1d70a327c36c41bf037444f06663f4839788124
🏂🏽,Snowboarder,People & Body,1f3c2_1f3fd,People Body/snowboarder__1f3c2_1f3fd.png,https://fonts.gstatic.com/s/e/noto3demoji/latest/1f3c2_1f3fd/512.png,512,512,117081,0e10fbd749407d2e43d13a57e496f14c7fe08171b2cdefc31235399861fdb7e0
🏂🏾,Snowboarder,People & Body,1f3c2_1f3fe,People Body/snowboarder__1f3c2_1f3fe.png,https://fonts.gstatic.com/s/e/noto3demoji/latest/1f3c2_1f3fe/512.png,512,512,117079,c63c444410d4ba729dc51bc1b065e44e108cf7e91490e4d9009281ad498c891f
🏂🏿,Snowboarder,People & Body,1f3c2_1f3ff,People Body/snowboarder__1f3c2_1f3ff.png,https://fonts.gstatic.com/s/e/noto3demoji/latest/1f3c2_1f3ff/512.png,512,512,117196,464e656ca15829c37340d01798dc1d1db10ef18207eb717bbb2680b0e947b978
🏌,Golfing,People & Body,1f3cc,People Body/golfing__1f3cc.png,https://fonts.gstatic.com/s/e/noto3demoji/latest/1f3cc/512.png,512,512,91988,a9370dd1c77d87fc4f0b6186221d18f74f329d33d9db385c2ee0d91fe4f4d2f2
🏌🏻,Golfing,People & Body,1f3cc_1f3fb,People Body/golfing__1f3cc_1f3fb.png,https://fonts.gstatic.com/s/e/noto3demoji/latest/1f3cc_1f3fb/512.png,512,512,93438,fe8e84dd2b6ff183cd8f4d5f7b98d87904e85cca1d6a2e367974dce701e928f1
🏌🏼,Golfing,People & Body,1f3cc_1f3fc,People Body/golfing__1f3cc_1f3fc.png,https://fonts.gstatic.com/s/e/noto3demoji/latest/1f3cc_1f3fc/512.png,512,512,93750,fb99adf1fe73b8e9f3cdf7a1e6973955de1f3ff639baa29d96fc9216333d5073
🏌🏽,Golfing,People & Body,1f3cc_1f3fd,People Body/golfing__1f3cc_1f3fd.png,https://fonts.gstatic.com/s/e/noto3demoji/latest/1f3cc_1f3fd/512.png,512,512,93065,5c2c673e9bef42f78a4c6d007969e9734db2d4cc8a9c9fca8d01fd3806097ee7
🏌🏾,Golfing,People & Body,1f3cc_1f3fe,People Body/golfing__1f3cc_1f3fe.png,https://fonts.gstatic.com/s/e/noto3demoji/latest/1f3cc_1f3fe/512.png,512,512,93119,e64a03eae79ac412977a22f3c8213956c2dec87c51c6913bd650c4e85166cae1
🏌🏿,Golfing,People & Body,1f3cc_1f3ff,People Body/golfing__1f3cc_1f3ff.png,https://fonts.gstatic.com/s/e/noto3demoji/latest/1f3cc_1f3ff/512.png,512,512,92535,81f3f81a7b9a120febf747cdf7e3763615b7de5ab9952c4559bd1ba15639e08b
🏌‍♂,Golfing,People & Body,1f3cc_200d_2642,People Body/golfing__1f3cc_200d_2642.png,https://fonts.gstatic.com/s/e/noto3demoji/latest/1f3cc_200d_2642/512.png,512,512,90000,6cdc57b3f62d434a2931a7ac514d04b129090a3171e100fb231a750733f10df6
🏌🏻‍♂,Golfing,People & Body,1f3cc_1f3fb_200d_2642,People Body/golfing__1f3cc_1f3fb_200d_2642.png,https://fonts.gstatic.com/s/e/noto3demoji/latest/1f3cc_1f3fb_200d_2642/512.png,512,512,91286,4d154d19872c678b4472e34273193fb1d637e5b2fa8720213f5471ef5565de1d
🏌🏼‍♂,Golfing,People & Body,1f3cc_1f3fc_200d_2642,People Body/golfing__1f3cc_1f3fc_200d_2642.png,https://fonts.gstatic.com/s/e/noto3demoji/latest/1f3cc_1f3fc_200d_2642/512.png,512,512,90883,06b18e81b2ed3d20c3c42da1408f7c84cb6ee0d5b9e24e7dd937b18eda7e17f0
🏌🏽‍♂,Golfing,People & Body,1f3cc_1f3fd_200d_2642,People Body/golfing__1f3cc_1f3fd_200d_2642.png,https://fonts.gstatic.com/s/e/noto3demoji/latest/1f3cc_1f3fd_200d_2642/512.png,512,512,90320,ee9aad22ce4770b793e56ffb2e58af8d4da8ae2240541e92459e79f33e67df2c
🏌🏾‍♂,Golfing,People & Body,1f3cc_1f3fe_200d_2642,People Body/golfing__1f3cc_1f3fe_200d_2642.png,https://fonts.gstatic.com/s/e/noto3demoji/latest/1f3cc_1f3fe_200d_2642/512.png,512,512,90550,46e3ae84bf3e954dead711e510152a4f7ccf364eb10751718ddae7eb36e1cbeb
🏌🏿‍♂,Golfing,People & Body,1f3cc_1f3ff_200d_2642,People Body/golfing__1f3cc_1f3ff_200d_2642.png,https://fonts.gstatic.com/s/e/noto3demoji/latest/1f3cc_1f3ff_200d_2642/512.png,512,512,90566,7544f138818be465509efb49a576a98661ba8f479e15740c47a003841fa57702
🏌‍♀,Golfing,People & Body,1f3cc_200d_2640,People Body/golfing__1f3cc_200d_2640.png,https://fonts.gstatic.com/s/e/noto3demoji/latest/1f3cc_200d_2640/512.png,512,512,94925,d11040d9e5c8c885265f3830e77b2c4e3cc87db205c24122353677b4dfdaa63e
🏌🏻‍♀,Golfing,People & Body,1f3cc_1f3fb_200d_2640,People Body/golfing__1f3cc_1f3fb_200d_2640.png,https://fonts.gstatic.com/s/e/noto3demoji/latest/1f3cc_1f3fb_200d_2640/512.png,512,512,94898,61c872aef4a6f6e95bed3758b392ac73cf7b1c147b71f2243f33b57c35ecc2c2
🏌🏼‍♀,Golfing,People & Body,1f3cc_1f3fc_200d_2640,People Body/golfing__1f3cc_1f3fc_200d_2640.png,https://fonts.gstatic.com/s/e/noto3demoji/latest/1f3cc_1f3fc_200d_2640/512.png,512,512,95433,12fdc2087c0102338498070a3b6f335b7aa15f541899a3df36cc519f99614c63
🏌🏽‍♀,Golfing,People & Body,1f3cc_1f3fd_200d_2640,People Body/golfing__1f3cc_1f3fd_200d_2640.png,https://fonts.gstatic.com/s/e/noto3demoji/latest/1f3cc_1f3fd_200d_2640/512.png,512,512,94006,65c6287f8ba6b449ad50c89bb931f8407dc4c3d624fc7b8a67e870cb0f839dad
🏌🏾‍♀,Golfing,People & Body,1f3cc_1f3fe_200d_2640,People Body/golfing__1f3cc_1f3fe_200d_2640.png,https://fonts.gstatic.com/s/e/noto3demoji/latest/1f3cc_1f3fe_200d_2640/512.png,512,512,94078,22683c4756112f727b4437e99adcaa0390abb21612df5bb6ac2092a59fb2cc3d
🏌🏿‍♀,Golfing,People & Body,1f3cc_1f3ff_200d_2640,People Body/golfing__1f3cc_1f3ff_200d_2640.png,https://fonts.gstatic.com/s/e/noto3demoji/latest/1f3cc_1f3ff_200d_2640/512.png,512,512,94178,c4dce1b4dc0cbacbcfdaff413e135259d6726038290aa42a0e6f052d8d9c67a1
🏄,Surfing,People & Body,1f3c4,People Body/surfing__1f3c4.png,https://fonts.gstatic.com/s/e/noto3demoji/latest/1f3c4/512.png,512,512,184206,13de77957229af77b3a906ba27f04c3e0e2639653dd4ed4acca854dedb8f732d
🏄🏻,Surfing,People & Body,1f3c4_1f3fb,People Body/surfing__1f3c4_1f3fb.png,https://fonts.gstatic.com/s/e/noto3demoji/latest/1f3c4_1f3fb/512.png,512,512,184535,9be5954c559248e52fa15b9dae1875d6ae54639102d99ee9a23e1b2c03c78253
🏄🏼,Surfing,People & Body,1f3c4_1f3fc,People Body/surfing__1f3c4_1f3fc.png,https://fonts.gstatic.com/s/e/noto3demoji/latest/1f3c4_1f3fc/512.png,512,512,184535,344af027529dd8cab164e0ccc40cd9239d20eaaf81f3020d10ccbd06d156fc1e
🏄🏽,Surfing,People & Body,1f3c4_1f3fd,People Body/surfing__1f3c4_1f3fd.png,https://fonts.gstatic.com/s/e/noto3demoji/latest/1f3c4_1f3fd/512.png,512,512,182814,e67bc4f27988205939e5f145dfc2c3ceaf927956913e0f588fc40436bb669948
🏄🏾,Surfing,People & Body,1f3c4_1f3fe,People Body/surfing__1f3c4_1f3fe.png,https://fonts.gstatic.com/s/e/noto3demoji/latest/1f3c4_1f3fe/512.png,512,512,182930,352b73f01e89dfa98436ee9926ea907e84a9c824d5e00f814d02b7dd1340f894
🏄🏿,Surfing,People & Body,1f3c4_1f3ff,People Body/surfing__1f3c4_1f3ff.png,https://fonts.gstatic.com/s/e/noto3demoji/latest/1f3c4_1f3ff/512.png,512,512,181963,7d944333893d5805d8901cb9d2ffcedace87a118227c12ae45075964fa1a336b
🏄‍♂,Surfing,People & Body,1f3c4_200d_2642,People Body/surfing__1f3c4_200d_2642.png,https://fonts.gstatic.com/s/e/noto3demoji/latest/1f3c4_200d_2642/512.png,512,512,181694,90fb4e8c2fbf7901c07f9c572aedab0ab579310e5833bc515230b6bc2fa0c537
🏄🏻‍♂,Surfing,People & Body,1f3c4_1f3fb_200d_2642,People Body/surfing__1f3c4_1f3fb_200d_2642.png,https://fonts.gstatic.com/s/e/noto3demoji/latest/1f3c4_1f3fb_200d_2642/512.png,512,512,182167,5e1b42bcd6541f9a61a33d2a174dd4f9fa1113e5e7e13df709acaea46a56db91
🏄🏼‍♂,Surfing,People & Body,1f3c4_1f3fc_200d_2642,People Body/surfing__1f3c4_1f3fc_200d_2642.png,https://fonts.gstatic.com/s/e/noto3demoji/latest/1f3c4_1f3fc_200d_2642/512.png,512,512,181623,b9568761216b85f6f22a31136eb0cb066e753d5e4cdc185caa7daf8e9de9e7b6
🏄🏽‍♂,Surfing,People & Body,1f3c4_1f3fd_200d_2642,People Body/surfing__1f3c4_1f3fd_200d_2642.png,https://fonts.gstatic.com/s/e/noto3demoji/latest/1f3c4_1f3fd_200d_2642/512.png,512,512,180007,9c156d25bfc30f616d7bada1efa078b61f43a666a5c8fe583747fdca57a3237a
🏄🏾‍♂,Surfing,People & Body,1f3c4_1f3fe_200d_2642,People Body/surfing__1f3c4_1f3fe_200d_2642.png,https://fonts.gstatic.com/s/e/noto3demoji/latest/1f3c4_1f3fe_200d_2642/512.png,512,512,180628,d6d4bf10ff0842b568e4a6c80f594a50f819670c87874770a56c4dd079fbedea
🏄🏿‍♂,Surfing,People & Body,1f3c4_1f3ff_200d_2642,People Body/surfing__1f3c4_1f3ff_200d_2642.png,https://fonts.gstatic.com/s/e/noto3demoji/latest/1f3c4_1f3ff_200d_2642/512.png,512,512,179786,71140a6c3ffac5df467808546e1e10d0c6eadab290ae0dcff1d547f826870454
🏄‍♀,Surfing,People & Body,1f3c4_200d_2640,People Body/surfing__1f3c4_200d_2640.png,https://fonts.gstatic.com/s/e/noto3demoji/latest/1f3c4_200d_2640/512.png,512,512,188122,5a8d925ec56e41ffd65623655d2e6d243394522d121b344abc3b9ac30c8364d8
🏄🏻‍♀,Surfing,People & Body,1f3c4_1f3fb_200d_2640,People Body/surfing__1f3c4_1f3fb_200d_2640.png,https://fonts.gstatic.com/s/e/noto3demoji/latest/1f3c4_1f3fb_200d_2640/512.png,512,512,188067,4c461b5b7102dd6a9106ccfc2976e8f99f1206bda191d4e9ee600021443f89e3
🏄🏼‍♀,Surfing,People & Body,1f3c4_1f3fc_200d_2640,People Body/surfing__1f3c4_1f3fc_200d_2640.png,https://fonts.gstatic.com/s/e/noto3demoji/latest/1f3c4_1f3fc_200d_2640/512.png,512,512,187752,df0c7e886281021c9b608b4e089db7f7b4bff8752c0d242ac18f2e4c20c8739f
🏄🏽‍♀,Surfing,People & Body,1f3c4_1f3fd_200d_2640,People Body/surfing__1f3c4_1f3fd_200d_2640.png,https://fonts.gstatic.com/s/e/noto3demoji/latest/1f3c4_1f3fd_200d_2640/512.png,512,512,186655,a2adccb7c983fdcaf6c7d38728bd2cc32bb029ec58802d3ba4f4ef82e22200b6
🏄🏾‍♀,Surfing,People & Body,1f3c4_1f3fe_200d_2640,People Body/surfing__1f3c4_1f3fe_200d_2640.png,https://fonts.gstatic.com/s/e/noto3demoji/latest/1f3c4_1f3fe_200d_2640/512.png,512,512,186739,9ff4de4aab3b965afc6f7aec091bc513d816b3e2d66bee1e95d737fe235c80d7
🏄🏿‍♀,Surfing,People & Body,1f3c4_1f3ff_200d_2640,People Body/surfing__1f3c4_1f3ff_200d_2640.png,https://fonts.gstatic.com/s/e/noto3demoji/latest/1f3c4_1f3ff_200d_2640/512.png,512,512,185473,19bd029756667165346fa822a17dc3a4206d914d8b9a9e7701414da1410d343c
🚣,Rowing Boat,People & Body,1f6a3,People Body/rowing-boat__1f6a3.png,https://fonts.gstatic.com/s/e/noto3demoji/latest/1f6a3/512.png,512,512,158813,4022af5b3ed2534e215305bee80d77cfe80f33938890b465ce06ad20775be663
🚣🏻,Rowing Boat,People & Body,1f6a3_1f3fb,People Body/rowing-boat__1f6a3_1f3fb.png,https://fonts.gstatic.com/s/e/noto3demoji/latest/1f6a3_1f3fb/512.png,512,512,159298,e8e56e3e6e04804cc8051372f25a65078bafd6e5ac99b3085e91e3fe2ed360e5
🚣🏼,Rowing Boat,People & Body,1f6a3_1f3fc,People Body/rowing-boat__1f6a3_1f3fc.png,https://fonts.gstatic.com/s/e/noto3demoji/latest/1f6a3_1f3fc/512.png,512,512,159643,ebc1d1c56b4f55dee30e40e058de6cd53b6e4951904aa012a76f72afe7c45e93
🚣🏽,Rowing Boat,People & Body,1f6a3_1f3fd,People Body/rowing-boat__1f6a3_1f3fd.png,https://fonts.gstatic.com/s/e/noto3demoji/latest/1f6a3_1f3fd/512.png,512,512,158588,3940185ebdb9981be365fc518385ad01cc646ccbcd8133e6e0088fe3c1a07c51
🚣🏾,Rowing Boat,People & Body,1f6a3_1f3fe,People Body/rowing-boat__1f6a3_1f3fe.png,https://fonts.gstatic.com/s/e/noto3demoji/latest/1f6a3_1f3fe/512.png,512,512,158491,3c7c6acb8ea32ca51dc27bec01ddee3e5d380931861966b8c9174c30de5af708
🚣🏿,Rowing Boat,People & Body,1f6a3_1f3ff,People Body/rowing-boat__1f6a3_1f3ff.png,https://fonts.gstatic.com/s/e/noto3demoji/latest/1f6a3_1f3ff/512.png,512,512,157549,cc72f625a321ecf8e7c74dec67e4b75f2ad8c709d15472a3a7f35206adfcf359
🚣‍♂,Rowing Boat,People & Body,1f6a3_200d_2642,People Body/rowing-boat__1f6a3_200d_2642.png,https://fonts.gstatic.com/s/e/noto3demoji/latest/1f6a3_200d_2642/512.png,512,512,157758,7e07ed94feb466ca0ac141ef3d95ddc518a0386f511e18adf97bdcbd07736e98
🚣🏻‍♂,Rowing Boat,People & Body,1f6a3_1f3fb_200d_2642,People Body/rowing-boat__1f6a3_1f3fb_200d_2642.png,https://fonts.gstatic.com/s/e/noto3demoji/latest/1f6a3_1f3fb_200d_2642/512.png,512,512,158040,f7afb0a2b4eaaeea1cff331be40d1e5fe8d712110e11f1382638f1c850dbfd9b
🚣🏼‍♂,Rowing Boat,People & Body,1f6a3_1f3fc_200d_2642,People Body/rowing-boat__1f6a3_1f3fc_200d_2642.png,https://fonts.gstatic.com/s/e/noto3demoji/latest/1f6a3_1f3fc_200d_2642/512.png,512,512,158497,f23d1dd94c1773fe85d314a518334f6bbb4941a59ba2199abcdfb122b9818c36
🚣🏽‍♂,Rowing Boat,People & Body,1f6a3_1f3fd_200d_2642,People Body/rowing-boat__1f6a3_1f3fd_200d_2642.png,https://fonts.gstatic.com/s/e/noto3demoji/latest/1f6a3_1f3fd_200d_2642/512.png,512,512,157474,fa7c1b3c2feafa8ba38fed9a6e1a7d121ecc6df7bc19123ad356ddb1c02c82c9
🚣🏾‍♂,Rowing Boat,People & Body,1f6a3_1f3fe_200d_2642,People Body/rowing-boat__1f6a3_1f3fe_200d_2642.png,https://fonts.gstatic.com/s/e/noto3demoji/latest/1f6a3_1f3fe_200d_2642/512.png,512,512,157425,83d2962c95377ac5ca60e0997a92d4c8fa3ad57d45b9a3443ae38b2962a07f4c
🚣🏿‍♂,Rowing Boat,People & Body,1f6a3_1f3ff_200d_2642,People Body/rowing-boat__1f6a3_1f3ff_200d_2642.png,https://fonts.gstatic.com/s/e/noto3demoji/latest/1f6a3_1f3ff_200d_2642/512.png,512,512,156546,fb98366a1f085ff1835d48facea9c77f6c9e2cb5a50438a266d0faf329daa6bf
🚣‍♀,Rowing Boat,People & Body,1f6a3_200d_2640,People Body/rowing-boat__1f6a3_200d_2640.png,https://fonts.gstatic.com/s/e/noto3demoji/latest/1f6a3_200d_2640/512.png,512,512,164123,86a365b86b7603b20682c7245f153f915091faf3b0a042a1ff2be9ae20fc7b99
🚣🏻‍♀,Rowing Boat,People & Body,1f6a3_1f3fb_200d_2640,People Body/rowing-boat__1f6a3_1f3fb_200d_2640.png,https://fonts.gstatic.com/s/e/noto3demoji/latest/1f6a3_1f3fb_200d_2640/512.png,512,512,164649,f72072d360c14102c957ca80ffe0fdb0ce993d89177ec0af4bd0a3a13007fa49
🚣🏼‍♀,Rowing Boat,People & Body,1f6a3_1f3fc_200d_2640,People Body/rowing-boat__1f6a3_1f3fc_200d_2640.png,https://fonts.gstatic.com/s/e/noto3demoji/latest/1f6a3_1f3fc_200d_2640/512.png,512,512,165602,5a732d2d793480740f2a23149f9322a2d072ba8986bfe84285d1cb2ecafb2bc8
🚣🏽‍♀,Rowing Boat,People & Body,1f6a3_1f3fd_200d_2640,People Body/rowing-boat__1f6a3_1f3fd_200d_2640.png,https://fonts.gstatic.com/s/e/noto3demoji/latest/1f6a3_1f3fd_200d_2640/512.png,512,512,164335,0e053eb6ef3ed80ec8017f80850eeb2093536c15eb92127fa540bb82acd8f317
🚣🏾‍♀,Rowing Boat,People & Body,1f6a3_1f3fe_200d_2640,People Body/rowing-boat__1f6a3_1f3fe_200d_2640.png,https://fonts.gstatic.com/s/e/noto3demoji/latest/1f6a3_1f3fe_200d_2640/512.png,512,512,164056,0b1a739a200e98a53f13876313f30c510aaee868e48da6cbb3d5594dd0bd4b58
🚣🏿‍♀,Rowing Boat,People & Body,1f6a3_1f3ff_200d_2640,People Body/rowing-boat__1f6a3_1f3ff_200d_2640.png,https://fonts.gstatic.com/s/e/noto3demoji/latest/1f6a3_1f3ff_200d_2640/512.png,512,512,162709,98593bcd332bfb6f042752e712805f8199f58ec054d4ad3c3ec197fd1f57b306
🏊,Swimming,People & Body,1f3ca,People Body/swimming__1f3ca.png,https://fonts.gstatic.com/s/e/noto3demoji/latest/1f3ca/512.png,512,512,121597,9b761395344b84e87504e1362ec8696e03c6f03cff68b68e201e285efc2f1291
🏊🏻,Swimming,People & Body,1f3ca_1f3fb,People Body/swimming__1f3ca_1f3fb.png,https://fonts.gstatic.com/s/e/noto3demoji/latest/1f3ca_1f3fb/512.png,512,512,124847,2bb8efb0eca7fb67b3575e56be0f11069093922e3b3bd8fbbca41b5cc2a0cd18
🏊🏼,Swimming,People & Body,1f3ca_1f3fc,People Body/swimming__1f3ca_1f3fc.png,https://fonts.gstatic.com/s/e/noto3demoji/latest/1f3ca_1f3fc/512.png,512,512,124857,0cf50321d2c84b16180a719426ce16601be606a515eab549242cbc670f36b450
🏊🏽,Swimming,People & Body,1f3ca_1f3fd,People Body/swimming__1f3ca_1f3fd.png,https://fonts.gstatic.com/s/e/noto3demoji/latest/1f3ca_1f3fd/512.png,512,512,122285,216f7e2eff4413cf5a550e7f044dc6cefa6eff4ff12fe6b5b046826ba91b9e65
🏊🏾,Swimming,People & Body,1f3ca_1f3fe,People Body/swimming__1f3ca_1f3fe.png,https://fonts.gstatic.com/s/e/noto3demoji/latest/1f3ca_1f3fe/512.png,512,512,121803,16889cbbc250523d092aef6324abeb1c16a3ac1b000ff09cc86b07a795a271b7
🏊🏿,Swimming,People & Body,1f3ca_1f3ff,People Body/swimming__1f3ca_1f3ff.png,https://fonts.gstatic.com/s/e/noto3demoji/latest/1f3ca_1f3ff/512.png,512,512,121409,dec9440f93ed350432bae9282dc193bc3472f8d8b9f9820593d5516a1d070ba6
🏊‍♂,Swimming,People & Body,1f3ca_200d_2642,People Body/swimming__1f3ca_200d_2642.png,https://fonts.gstatic.com/s/e/noto3demoji/latest/1f3ca_200d_2642/512.png,512,512,121789,e1aa1454ea77e54f567524565a1b28a6cf82e97ec81693f701b9313b5713791b
🏊🏻‍♂,Swimming,People & Body,1f3ca_1f3fb_200d_2642,People Body/swimming__1f3ca_1f3fb_200d_2642.png,https://fonts.gstatic.com/s/e/noto3demoji/latest/1f3ca_1f3fb_200d_2642/512.png,512,512,124097,f2aac35759c113e4f293f59d0bde74d588ba03cd8fbbba164b32a26dc7a940bc
🏊🏼‍♂,Swimming,People & Body,1f3ca_1f3fc_200d_2642,People Body/swimming__1f3ca_1f3fc_200d_2642.png,https://fonts.gstatic.com/s/e/noto3demoji/latest/1f3ca_1f3fc_200d_2642/512.png,512,512,125189,49085d0bd1f41d439c8a27b76be0bdc6453d17f0152536716375ed11598c3d2b
🏊🏽‍♂,Swimming,People & Body,1f3ca_1f3fd_200d_2642,People Body/swimming__1f3ca_1f3fd_200d_2642.png,https://fonts.gstatic.com/s/e/noto3demoji/latest/1f3ca_1f3fd_200d_2642/512.png,512,512,122050,5e41e7b9459676e13c9638189e8c03a9650fe85e3d2d4687871a522a6cf4b843
🏊🏾‍♂,Swimming,People & Body,1f3ca_1f3fe_200d_2642,People Body/swimming__1f3ca_1f3fe_200d_2642.png,https://fonts.gstatic.com/s/e/noto3demoji/latest/1f3ca_1f3fe_200d_2642/512.png,512,512,123185,f3fb41d47ab859ea62a0bd5379bcfd1c2f57e0ff6e7d6da8b13974d7a3daadd6
🏊🏿‍♂,Swimming,People & Body,1f3ca_1f3ff_200d_2642,People Body/swimming__1f3ca_1f3ff_200d_2642.png,https://fonts.gstatic.com/s/e/noto3demoji/latest/1f3ca_1f3ff_200d_2642/512.png,512,512,121668,aea53ea928694305e448f57a8864e7632a2a7b819266033eb898c496932f1d93
🏊‍♀,Swimming,People & Body,1f3ca_200d_2640,People Body/swimming__1f3ca_200d_2640.png,https://fonts.gstatic.com/s/e/noto3demoji/latest/1f3ca_200d_2640/512.png,512,512,123378,e6877e7c1d61e73de9154aca1d8e71ddf97211fc8e405e74f3acb350d9e41c3b
🏊🏻‍♀,Swimming,People & Body,1f3ca_1f3fb_200d_2640,People Body/swimming__1f3ca_1f3fb_200d_2640.png,https://fonts.gstatic.com/s/e/noto3demoji/latest/1f3ca_1f3fb_200d_2640/512.png,512,512,127044,54994987aba5f744a7de1c2c01f81387bde5c7851fa012867b4705db12190a32
🏊🏼‍♀,Swimming,People & Body,1f3ca_1f3fc_200d_2640,People Body/swimming__1f3ca_1f3fc_200d_2640.png,https://fonts.gstatic.com/s/e/noto3demoji/latest/1f3ca_1f3fc_200d_2640/512.png,512,512,125891,f92bba5ed6ab5c6372e8e93972adb04db7fb2f9b3458a8d7b86ca15539c571e1
🏊🏽‍♀,Swimming,People & Body,1f3ca_1f3fd_200d_2640,People Body/swimming__1f3ca_1f3fd_200d_2640.png,https://fonts.gstatic.com/s/e/noto3demoji/latest/1f3ca_1f3fd_200d_2640/512.png,512,512,123264,8a76c36d60dca8c95c5901caf996e42ee589ab27c732ab50d9fd1e7633dae671
🏊🏾‍♀,Swimming,People & Body,1f3ca_1f3fe_200d_2640,People Body/swimming__1f3ca_1f3fe_200d_2640.png,https://fonts.gstatic.com/s/e/noto3demoji/latest/1f3ca_1f3fe_200d_2640/512.png,512,512,124037,27b490c019fa42179381597c92e313fc71b19e406f8f745777076940b2032eda
🏊🏿‍♀,Swimming,People & Body,1f3ca_1f3ff_200d_2640,People Body/swimming__1f3ca_1f3ff_200d_2640.png,https://fonts.gstatic.com/s/e/noto3demoji/latest/1f3ca_1f3ff_200d_2640/512.png,512,512,123423,8f096303fc9cca8cbf957195a092817448dec413cb2ca5a0be4dd92f91fc8af7
⛹,Bouncing Ball,People & Body,26f9,People Body/bouncing-ball__26f9.png,https://fonts.gstatic.com/s/e/noto3demoji/latest/26f9/512.png,512,512,101449,67278b83b9d56174de95d5385ba8070513de5dc27b56d5a0e68ece6bd753b94e
⛹🏻,Bouncing Ball,People & Body,26f9_1f3fb,People Body/bouncing-ball__26f9_1f3fb.png,https://fonts.gstatic.com/s/e/noto3demoji/latest/26f9_1f3fb/512.png,512,512,104051,8bf9d4cd12978efc07626ffe3840afca487d7e12366f45bba3045e46102d4657
⛹🏼,Bouncing Ball,People & Body,26f9_1f3fc,People Body/bouncing-ball__26f9_1f3fc.png,https://fonts.gstatic.com/s/e/noto3demoji/latest/26f9_1f3fc/512.png,512,512,103775,0da475623545d7e7197396c91dca6bdfaa34414254e15e8a3360ebb26a719abd
⛹🏽,Bouncing Ball,People & Body,26f9_1f3fd,People Body/bouncing-ball__26f9_1f3fd.png,https://fonts.gstatic.com/s/e/noto3demoji/latest/26f9_1f3fd/512.png,512,512,101609,16defdbd71204034ea92fe01bf7f328d174f18309f111172ec9ffcf231ff0d81
⛹🏾,Bouncing Ball,People & Body,26f9_1f3fe,People Body/bouncing-ball__26f9_1f3fe.png,https://fonts.gstatic.com/s/e/noto3demoji/latest/26f9_1f3fe/512.png,512,512,102104,a617ecd718c95a4330eea4bd08f61b8fe85b29c1ee0aa1a7868ddb10162861e7
⛹🏿,Bouncing Ball,People & Body,26f9_1f3ff,People Body/bouncing-ball__26f9_1f3ff.png,https://fonts.gstatic.com/s/e/noto3demoji/latest/26f9_1f3ff/512.png,512,512,100429,8c00aa39693d0d44669f1825bf87b5699259852b30884e5be794cb1b02cdc0c8
⛹‍♂,Bouncing Ball,People & Body,26f9_200d_2642,People Body/bouncing-ball__26f9_200d_2642.png,https://fonts.gstatic.com/s/e/noto3demoji/latest/26f9_200d_2642/512.png,512,512,100411,4d324db248ab238fe3bc1ccf27d70143bbcaeafe4c8d4761f0fadd29b70ab6d1
⛹🏻‍♂,Bouncing Ball,People & Body,26f9_1f3fb_200d_2642,People Body/bouncing-ball__26f9_1f3fb_200d_2642.png,https://fonts.gstatic.com/s/e/noto3demoji/latest/26f9_1f3fb_200d_2642/512.png,512,512,103168,c46d594d32012462ec098e31bead135d02482999bd5e9a7d614dcaee125c49fd
⛹🏼‍♂,Bouncing Ball,People & Body,26f9_1f3fc_200d_2642,People Body/bouncing-ball__26f9_1f3fc_200d_2642.png,https://fonts.gstatic.com/s/e/noto3demoji/latest/26f9_1f3fc_200d_2642/512.png,512,512,102677,af34e797b06d76218f532398a66f33dcf9d4d3b7186a826aa3ea555cf9c0d464
⛹🏽‍♂,Bouncing Ball,People & Body,26f9_1f3fd_200d_2642,People Body/bouncing-ball__26f9_1f3fd_200d_2642.png,https://fonts.gstatic.com/s/e/noto3demoji/latest/26f9_1f3fd_200d_2642/512.png,512,512,100621,0fe6a4bd3e0aa970e129fe40935ed67f64d464c99bdb425be8800071d0e0e006
⛹🏾‍♂,Bouncing Ball,People & Body,26f9_1f3fe_200d_2642,People Body/bouncing-ball__26f9_1f3fe_200d_2642.png,https://fonts.gstatic.com/s/e/noto3demoji/latest/26f9_1f3fe_200d_2642/512.png,512,512,100750,1bf953053933e0cac275c67b8bb0a8cfdcdd5afae57e4d841dfecb7ef0988ba2
⛹🏿‍♂,Bouncing Ball,People & Body,26f9_1f3ff_200d_2642,People Body/bouncing-ball__26f9_1f3ff_200d_2642.png,https://fonts.gstatic.com/s/e/noto3demoji/latest/26f9_1f3ff_200d_2642/512.png,512,512,99537,d8aa1d3b0fb670fd49900a2197d78a98c092f07f65b846c5ead587f23fb5b0db
⛹‍♀,Bouncing Ball,People & Body,26f9_200d_2640,People Body/bouncing-ball__26f9_200d_2640.png,https://fonts.gstatic.com/s/e/noto3demoji/latest/26f9_200d_2640/512.png,512,512,108736,403ac13a1a410dae891d8f095bc2cb538120329c6c1134114b27fa4fee4d9812
⛹🏻‍♀,Bouncing Ball,People & Body,26f9_1f3fb_200d_2640,People Body/bouncing-ball__26f9_1f3fb_200d_2640.png,https://fonts.gstatic.com/s/e/noto3demoji/latest/26f9_1f3fb_200d_2640/512.png,512,512,110949,be203bd790c7ed9541dbbfcd935d6eb2955644c6c07d76301520b5efe716f3fa
⛹🏼‍♀,Bouncing Ball,People & Body,26f9_1f3fc_200d_2640,People Body/bouncing-ball__26f9_1f3fc_200d_2640.png,https://fonts.gstatic.com/s/e/noto3demoji/latest/26f9_1f3fc_200d_2640/512.png,512,512,111201,31f1d14c083d13b44f429ac267cd2f009a776d0a219e3cab8991fdd458c1cf78
⛹🏽‍♀,Bouncing Ball,People & Body,26f9_1f3fd_200d_2640,People Body/bouncing-ball__26f9_1f3fd_200d_2640.png,https://fonts.gstatic.com/s/e/noto3demoji/latest/26f9_1f3fd_200d_2640/512.png,512,512,108637,615d408d45f886cc584b807a97aa3cacdf3ebc8157fd81552bc22e7e1e5e878d
⛹🏾‍♀,Bouncing Ball,People & Body,26f9_1f3fe_200d_2640,People Body/bouncing-ball__26f9_1f3fe_200d_2640.png,https://fonts.gstatic.com/s/e/noto3demoji/latest/26f9_1f3fe_200d_2640/512.png,512,512,108523,df6b0cdec33dc73b4e0a136a196ffbbb5bf0ad2c21a9bc30fa725b36e6121cfc
⛹🏿‍♀,Bouncing Ball,People & Body,26f9_1f3ff_200d_2640,People Body/bouncing-ball__26f9_1f3ff_200d_2640.png,https://fonts.gstatic.com/s/e/noto3demoji/latest/26f9_1f3ff_200d_2640/512.png,512,512,107127,8dc165c82443653aad0fc9dcb45eb17c0f84636a1b0145d20e9a132959f08e56
🏋,Lifting Weights,People & Body,1f3cb,People Body/lifting-weights__1f3cb.png,https://fonts.gstatic.com/s/e/noto3demoji/latest/1f3cb/512.png,512,512,135567,a726374fe96a9928956476ac027341094d8fe7c850e1e411a04973fdef803033
🏋🏻,Lifting Weights,People & Body,1f3cb_1f3fb,People Body/lifting-weights__1f3cb_1f3fb.png,https://fonts.gstatic.com/s/e/noto3demoji/latest/1f3cb_1f3fb/512.png,512,512,138535,56bb675c6c4e0314b13fecab17a5963d6ea45d10609ca1d019bde8744ea33c01
🏋🏼,Lifting Weights,People & Body,1f3cb_1f3fc,People Body/lifting-weights__1f3cb_1f3fc.png,https://fonts.gstatic.com/s/e/noto3demoji/latest/1f3cb_1f3fc/512.png,512,512,137167,5bf4371d875e713055efa92ed378462f6a88014a80a1fc5ed2a93dc76c7a633e
🏋🏽,Lifting Weights,People & Body,1f3cb_1f3fd,People Body/lifting-weights__1f3cb_1f3fd.png,https://fonts.gstatic.com/s/e/noto3demoji/latest/1f3cb_1f3fd/512.png,512,512,133166,8695c36a66cd398fdc8f9d34b764e2e73087c664aebfda528d4972e1289166ba
🏋🏾,Lifting Weights,People & Body,1f3cb_1f3fe,People Body/lifting-weights__1f3cb_1f3fe.png,https://fonts.gstatic.com/s/e/noto3demoji/latest/1f3cb_1f3fe/512.png,512,512,131556,bc63dd394703a157696cf2d72aee5c1aedbcabe086a33190ef9636bb672de8db
🏋🏿,Lifting Weights,People & Body,1f3cb_1f3ff,People Body/lifting-weights__1f3cb_1f3ff.png,https://fonts.gstatic.com/s/e/noto3demoji/latest/1f3cb_1f3ff/512.png,512,512,132378,584afa8f62fb328730cb1068046f6444c0d1d253455d67f2d9cc9a42d2dcaf72
🏋‍♂,Lifting Weights,People & Body,1f3cb_200d_2642,People Body/lifting-weights__1f3cb_200d_2642.png,https://fonts.gstatic.com/s/e/noto3demoji/latest/1f3cb_200d_2642/512.png,512,512,134643,4bbbfd616ad362f378d5f4e760c46ee7a1e8ccc8a8f82e3d899dd48213d988ec
🏋🏻‍♂,Lifting Weights,People & Body,1f3cb_1f3fb_200d_2642,People Body/lifting-weights__1f3cb_1f3fb_200d_2642.png,https://fonts.gstatic.com/s/e/noto3demoji/latest/1f3cb_1f3fb_200d_2642/512.png,512,512,136972,34ebbebf65c3b030a3dfadf197107d7ad61afda00067d7f245bf6bd9f02e0e48
🏋🏼‍♂,Lifting Weights,People & Body,1f3cb_1f3fc_200d_2642,People Body/lifting-weights__1f3cb_1f3fc_200d_2642.png,https://fonts.gstatic.com/s/e/noto3demoji/latest/1f3cb_1f3fc_200d_2642/512.png,512,512,135033,d32308dd280c838d0952fdb88cfefda43c7ef28ac03d6e70bef90e51e312de7b
🏋🏽‍♂,Lifting Weights,People & Body,1f3cb_1f3fd_200d_2642,People Body/lifting-weights__1f3cb_1f3fd_200d_2642.png,https://fonts.gstatic.com/s/e/noto3demoji/latest/1f3cb_1f3fd_200d_2642/512.png,512,512,131443,60e54176f22c7042f17f14a1bea41cdc28781d8db645ca762c84bf347da453bc
🏋🏾‍♂,Lifting Weights,People & Body,1f3cb_1f3fe_200d_2642,People Body/lifting-weights__1f3cb_1f3fe_200d_2642.png,https://fonts.gstatic.com/s/e/noto3demoji/latest/1f3cb_1f3fe_200d_2642/512.png,512,512,130650,aa16c80817d4920803fef63be9a6fefdefa0673c331a83374582f593a5ad6ffa
🏋🏿‍♂,Lifting Weights,People & Body,1f3cb_1f3ff_200d_2642,People Body/lifting-weights__1f3cb_1f3ff_200d_2642.png,https://fonts.gstatic.com/s/e/noto3demoji/latest/1f3cb_1f3ff_200d_2642/512.png,512,512,131481,f493d953fc263c237805d05e26dd562cc74258de08329b3cb2c66f2d753f0db6
🏋‍♀,Lifting Weights,People & Body,1f3cb_200d_2640,People Body/lifting-weights__1f3cb_200d_2640.png,https://fonts.gstatic.com/s/e/noto3demoji/latest/1f3cb_200d_2640/512.png,512,512,137534,23b4960f08083693705fc2bc96010d4e730c648b74f257fd6e407285d4860eb0
🏋🏻‍♀,Lifting Weights,People & Body,1f3cb_1f3fb_200d_2640,People Body/lifting-weights__1f3cb_1f3fb_200d_2640.png,https://fonts.gstatic.com/s/e/noto3demoji/latest/1f3cb_1f3fb_200d_2640/512.png,512,512,139670,379964829f4d12f303ae5891f9856e8fd10ceb97da8e72d3aacfa78373de344b
🏋🏼‍♀,Lifting Weights,People & Body,1f3cb_1f3fc_200d_2640,People Body/lifting-weights__1f3cb_1f3fc_200d_2640.png,https://fonts.gstatic.com/s/e/noto3demoji/latest/1f3cb_1f3fc_200d_2640/512.png,512,512,137945,31112e708741179c3529aa5c33093e00ccbe7a5c7bd8759798b7ddeb80639ab2
🏋🏽‍♀,Lifting Weights,People & Body,1f3cb_1f3fd_200d_2640,People Body/lifting-weights__1f3cb_1f3fd_200d_2640.png,https://fonts.gstatic.com/s/e/noto3demoji/latest/1f3cb_1f3fd_200d_2640/512.png,512,512,134527,133a54a1452f8bc791e23fb5fb9a326421f3aaf4057a2647f33326b00e4299b7
🏋🏾‍♀,Lifting Weights,People & Body,1f3cb_1f3fe_200d_2640,People Body/lifting-weights__1f3cb_1f3fe_200d_2640.png,https://fonts.gstatic.com/s/e/noto3demoji/latest/1f3cb_1f3fe_200d_2640/512.png,512,512,132636,29da138d83e9fdefd9b795d0b28f463df5775b548aea740fdefef489fcf50071
🏋🏿‍♀,Lifting Weights,People & Body,1f3cb_1f3ff_200d_2640,People Body/lifting-weights__1f3cb_1f3ff_200d_2640.png,https://fonts.gstatic.com/s/e/noto3demoji/latest/1f3cb_1f3ff_200d_2640/512.png,512,512,133446,2af0ad2722c9ec7549078248e3e14f7337649a658395b0a8ce53c14cdeb7ea29
🚴,Biking,People & Body,1f6b4,People Body/biking__1f6b4.png,https://fonts.gstatic.com/s/e/noto3demoji/latest/1f6b4/512.png,512,512,200309,ca71ac2cf6493bffb10bd06821f139e3dfc88c9744ba4221606f8ebaebf5a94c
🚴🏻,Biking,People & Body,1f6b4_1f3fb,People Body/biking__1f6b4_1f3fb.png,https://fonts.gstatic.com/s/e/noto3demoji/latest/1f6b4_1f3fb/512.png,512,512,200878,33bb2842e2dcaa62882f3f0ecb516ba56a14ebacb56768964b468ba8dd552547
🚴🏼,Biking,People & Body,1f6b4_1f3fc,People Body/biking__1f6b4_1f3fc.png,https://fonts.gstatic.com/s/e/noto3demoji/latest/1f6b4_1f3fc/512.png,512,512,201300,e141d577f98d9c1cfdcd7f02a1b8dd20cf5d89f3ba7c34e342faa8e05c5dcdd4
🚴🏽,Biking,People & Body,1f6b4_1f3fd,People Body/biking__1f6b4_1f3fd.png,https://fonts.gstatic.com/s/e/noto3demoji/latest/1f6b4_1f3fd/512.png,512,512,199264,2b0a981894219b7f2505c792d15eccc3573c6f39ee27753ef7f07d48a788bef0
🚴🏾,Biking,People & Body,1f6b4_1f3fe,People Body/biking__1f6b4_1f3fe.png,https://fonts.gstatic.com/s/e/noto3demoji/latest/1f6b4_1f3fe/512.png,512,512,198467,de6df6eef18b7df55d735ea1e899fb33fc1d78abd45bf79fab0d144c301e0a16
🚴🏿,Biking,People & Body,1f6b4_1f3ff,People Body/biking__1f6b4_1f3ff.png,https://fonts.gstatic.com/s/e/noto3demoji/latest/1f6b4_1f3ff/512.png,512,512,198345,e4476d20286b21949c6ebaa6580edfa840f9b4ce4ca86314e16fc3ccc04a4947
🚴‍♂,Biking,People & Body,1f6b4_200d_2642,People Body/biking__1f6b4_200d_2642.png,https://fonts.gstatic.com/s/e/noto3demoji/latest/1f6b4_200d_2642/512.png,512,512,199309,0931d92e760e087fa78dc852c2143fc18676df31a4d97026c04868705bcd6b55
🚴🏻‍♂,Biking,People & Body,1f6b4_1f3fb_200d_2642,People Body/biking__1f6b4_1f3fb_200d_2642.png,https://fonts.gstatic.com/s/e/noto3demoji/latest/1f6b4_1f3fb_200d_2642/512.png,512,512,200696,7645b43731130620a73b28007c69b15830ade27dee0cfebbdb6901b02f981a7a
🚴🏼‍♂,Biking,People & Body,1f6b4_1f3fc_200d_2642,People Body/biking__1f6b4_1f3fc_200d_2642.png,https://fonts.gstatic.com/s/e/noto3demoji/latest/1f6b4_1f3fc_200d_2642/512.png,512,512,200484,a3521cc44fae0cb3a5ed5e4e4af7794ccab071d0db23082cbe0bedfe6606ff10
🚴🏽‍♂,Biking,People & Body,1f6b4_1f3fd_200d_2642,People Body/biking__1f6b4_1f3fd_200d_2642.png,https://fonts.gstatic.com/s/e/noto3demoji/latest/1f6b4_1f3fd_200d_2642/512.png,512,512,198630,a114b915f89be7a4c49b0f93e828d39117079909ab99373da7031327b951889c
🚴🏾‍♂,Biking,People & Body,1f6b4_1f3fe_200d_2642,People Body/biking__1f6b4_1f3fe_200d_2642.png,https://fonts.gstatic.com/s/e/noto3demoji/latest/1f6b4_1f3fe_200d_2642/512.png,512,512,197911,f2b4084d1a769039e7ad51d756367abfe0e7d9390dbca2e67ca0f625a31426e4
🚴🏿‍♂,Biking,People & Body,1f6b4_1f3ff_200d_2642,People Body/biking__1f6b4_1f3ff_200d_2642.png,https://fonts.gstatic.com/s/e/noto3demoji/latest/1f6b4_1f3ff_200d_2642/512.png,512,512,197525,58fefd0936c4d30f96928972a59ce20637ef305183ea74bea5edbc2bcd3d5850
🚴‍♀,Biking,People & Body,1f6b4_200d_2640,People Body/biking__1f6b4_200d_2640.png,https://fonts.gstatic.com/s/e/noto3demoji/latest/1f6b4_200d_2640/512.png,512,512,203670,e889e68fad25eed63b780377c4492212f1c8fde94ae175c88f774952a4b8a136
🚴🏻‍♀,Biking,People & Body,1f6b4_1f3fb_200d_2640,People Body/biking__1f6b4_1f3fb_200d_2640.png,https://fonts.gstatic.com/s/e/noto3demoji/latest/1f6b4_1f3fb_200d_2640/512.png,512,512,203867,2313c151c0039701bfcf7462ab88045072826024e893b1de0135c3bc4f56d843
🚴🏼‍♀,Biking,People & Body,1f6b4_1f3fc_200d_2640,People Body/biking__1f6b4_1f3fc_200d_2640.png,https://fonts.gstatic.com/s/e/noto3demoji/latest/1f6b4_1f3fc_200d_2640/512.png,512,512,204597,9824286f7d8e0d956cf542a53abcb97ef7c4d61eec95f5d17d92e69c17aadcf1
🚴🏽‍♀,Biking,People & Body,1f6b4_1f3fd_200d_2640,People Body/biking__1f6b4_1f3fd_200d_2640.png,https://fonts.gstatic.com/s/e/noto3demoji/latest/1f6b4_1f3fd_200d_2640/512.png,512,512,202665,d3122e0bff91758aad7f9ffff703f8520fc800a2ca059f60d921f3b253ed9eaf
🚴🏾‍♀,Biking,People & Body,1f6b4_1f3fe_200d_2640,People Body/biking__1f6b4_1f3fe_200d_2640.png,https://fonts.gstatic.com/s/e/noto3demoji/latest/1f6b4_1f3fe_200d_2640/512.png,512,512,201455,fcd9e7636a303c1987b9568d7f0a10920d41a2a7bc2ed093fc0fd5c3d0caea8d
🚴🏿‍♀,Biking,People & Body,1f6b4_1f3ff_200d_2640,People Body/biking__1f6b4_1f3ff_200d_2640.png,https://fonts.gstatic.com/s/e/noto3demoji/latest/1f6b4_1f3ff_200d_2640/512.png,512,512,200930,1661f36a872697c1428bae4e146d1755e2ded4917b1e83438729cdd04cd96623
🚵,Mountain Biking,People & Body,1f6b5,People Body/mountain-biking__1f6b5.png,https://fonts.gstatic.com/s/e/noto3demoji/latest/1f6b5/512.png,512,512,215677,96cd34b714805fa3a4f6bb2c7d094d0d689e2d4e8bbcd7228cf57e7d8780f07b
🚵🏻,Mountain Biking,People & Body,1f6b5_1f3fb,People Body/mountain-biking__1f6b5_1f3fb.png,https://fonts.gstatic.com/s/e/noto3demoji/latest/1f6b5_1f3fb/512.png,512,512,214987,5db0b41f60c885f238a12fc0bbf79e7e5bd922df06a6e35dd106f6d42a2aefee
🚵🏼,Mountain Biking,People & Body,1f6b5_1f3fc,People Body/mountain-biking__1f6b5_1f3fc.png,https://fonts.gstatic.com/s/e/noto3demoji/latest/1f6b5_1f3fc/512.png,512,512,214456,554ebec6178134ab9da3e51c55b7f3315deb405af410e418284adc65a56be831
🚵🏽,Mountain Biking,People & Body,1f6b5_1f3fd,People Body/mountain-biking__1f6b5_1f3fd.png,https://fonts.gstatic.com/s/e/noto3demoji/latest/1f6b5_1f3fd/512.png,512,512,213747,a8116b957a0fe42ec351a5dac5c8f747a7023817af417150fd1269ddacdbe096
🚵🏾,Mountain Biking,People & Body,1f6b5_1f3fe,People Body/mountain-biking__1f6b5_1f3fe.png,https://fonts.gstatic.com/s/e/noto3demoji/latest/1f6b5_1f3fe/512.png,512,512,213230,273e81f8b270e592079d51cf66652240437e44646a9d46ba718969830e6c21ae
🚵🏿,Mountain Biking,People & Body,1f6b5_1f3ff,People Body/mountain-biking__1f6b5_1f3ff.png,https://fonts.gstatic.com/s/e/noto3demoji/latest/1f6b5_1f3ff/512.png,512,512,212774,41eac756a07e045fe1453a3c43159ad0d66eba04c338207b89f613b2010e24cf
🚵‍♂,Mountain Biking,People & Body,1f6b5_200d_2642,People Body/mountain-biking__1f6b5_200d_2642.png,https://fonts.gstatic.com/s/e/noto3demoji/latest/1f6b5_200d_2642/512.png,512,512,215953,cb8031e9f7840fe0311f67831d2243a11d3e354fecb5763195631d988ee18d90
🚵🏻‍♂,Mountain Biking,People & Body,1f6b5_1f3fb_200d_2642,People Body/mountain-biking__1f6b5_1f3fb_200d_2642.png,https://fonts.gstatic.com/s/e/noto3demoji/latest/1f6b5_1f3fb_200d_2642/512.png,512,512,215689,041784c69d6282b3ee75e48a2a743536d52bc98dc717c5e8d9e780646250a85a
🚵🏼‍♂,Mountain Biking,People & Body,1f6b5_1f3fc_200d_2642,People Body/mountain-biking__1f6b5_1f3fc_200d_2642.png,https://fonts.gstatic.com/s/e/noto3demoji/latest/1f6b5_1f3fc_200d_2642/512.png,512,512,215671,9b85e16eca6128a8187ac376010a39614b928b99d09c87a56ddc8238c0cfcaf9
🚵🏽‍♂,Mountain Biking,People & Body,1f6b5_1f3fd_200d_2642,People Body/mountain-biking__1f6b5_1f3fd_200d_2642.png,https://fonts.gstatic.com/s/e/noto3demoji/latest/1f6b5_1f3fd_200d_2642/512.png,512,512,214948,c958a960539b6aaace1711fee8096850ecbf944a2fb4f72910e32f3932a519c4
🚵🏾‍♂,Mountain Biking,People & Body,1f6b5_1f3fe_200d_2642,People Body/mountain-biking__1f6b5_1f3fe_200d_2642.png,https://fonts.gstatic.com/s/e/noto3demoji/latest/1f6b5_1f3fe_200d_2642/512.png,512,512,214224,ccfadbe1c6c9353d5b6e737b296c793314477e5bffdcfd5e71cce0a2bdc8311e
🚵🏿‍♂,Mountain Biking,People & Body,1f6b5_1f3ff_200d_2642,People Body/mountain-biking__1f6b5_1f3ff_200d_2642.png,https://fonts.gstatic.com/s/e/noto3demoji/latest/1f6b5_1f3ff_200d_2642/512.png,512,512,213166,8f7a929bfe87fc517677bbbe8ec03dd12097f142cc03ad451ac6569c63d7ce8e
🚵‍♀,Mountain Biking,People & Body,1f6b5_200d_2640,People Body/mountain-biking__1f6b5_200d_2640.png,https://fonts.gstatic.com/s/e/noto3demoji/latest/1f6b5_200d_2640/512.png,512,512,220271,af08d49dd74fd260b7bc86e1b6660f8c321bcc3b00bdad1be917ee315e872e7f
🚵🏻‍♀,Mountain Biking,People & Body,1f6b5_1f3fb_200d_2640,People Body/mountain-biking__1f6b5_1f3fb_200d_2640.png,https://fonts.gstatic.com/s/e/noto3demoji/latest/1f6b5_1f3fb_200d_2640/512.png,512,512,219356,43b2f55e41a68f84a037b48687a21a1bf296a18e15e02d6057d431f102133ed4
🚵🏼‍♀,Mountain Biking,People & Body,1f6b5_1f3fc_200d_2640,People Body/mountain-biking__1f6b5_1f3fc_200d_2640.png,https://fonts.gstatic.com/s/e/noto3demoji/latest/1f6b5_1f3fc_200d_2640/512.png,512,512,219755,24b32abfbf44efb5a9f102594903c5bed779cbe0930cd2651e33f25686390cab
🚵🏽‍♀,Mountain Biking,People & Body,1f6b5_1f3fd_200d_2640,People Body/mountain-biking__1f6b5_1f3fd_200d_2640.png,https://fonts.gstatic.com/s/e/noto3demoji/latest/1f6b5_1f3fd_200d_2640/512.png,512,512,218908,3bbf424dc1fe7e5adfe1103173f1d20dc22638f05ca451af8341f24fead6d4bb
🚵🏾‍♀,Mountain Biking,People & Body,1f6b5_1f3fe_200d_2640,People Body/mountain-biking__1f6b5_1f3fe_200d_2640.png,https://fonts.gstatic.com/s/e/noto3demoji/latest/1f6b5_1f3fe_200d_2640/512.png,512,512,218357,dee94e56ae81870daecc2a34ccb2285ef566e1f7a7ee52cd5cec76ecd3283bf9
🚵🏿‍♀,Mountain Biking,People & Body,1f6b5_1f3ff_200d_2640,People Body/mountain-biking__1f6b5_1f3ff_200d_2640.png,https://fonts.gstatic.com/s/e/noto3demoji/latest/1f6b5_1f3ff_200d_2640/512.png,512,512,216791,90f6f1608fd8f9571fee9b9b6fece1dd134d8a7710e735e1d881ed66e6d87034
🤸,Cartwheel,People & Body,1f938,People Body/cartwheel__1f938.png,https://fonts.gstatic.com/s/e/noto3demoji/latest/1f938/512.png,512,512,76368,51858c7bf7f95949f1daf902ff9e0189538949962050b6014e536368216884d8
🤸🏻,Cartwheel,People & Body,1f938_1f3fb,People Body/cartwheel__1f938_1f3fb.png,https://fonts.gstatic.com/s/e/noto3demoji/latest/1f938_1f3fb/512.png,512,512,80881,7e8cca5ec314a9879501f859f10b75ffee43734e1775459924d68e0954a06e88
🤸🏼,Cartwheel,People & Body,1f938_1f3fc,People Body/cartwheel__1f938_1f3fc.png,https://fonts.gstatic.com/s/e/noto3demoji/latest/1f938_1f3fc/512.png,512,512,79378,dd459988214fcd87b0660258facd87a7bad7cffb2430b172c1fb5abab63a5c16
🤸🏽,Cartwheel,People & Body,1f938_1f3fd,People Body/cartwheel__1f938_1f3fd.png,https://fonts.gstatic.com/s/e/noto3demoji/latest/1f938_1f3fd/512.png,512,512,76911,d86f45e5ac4f56899ea340db8246331fc6018cca83fafc09c8274d791f4413df
🤸🏾,Cartwheel,People & Body,1f938_1f3fe,People Body/cartwheel__1f938_1f3fe.png,https://fonts.gstatic.com/s/e/noto3demoji/latest/1f938_1f3fe/512.png,512,512,77408,5f9ae8de3155efd2d2a2da1610ad1dfbde5976f05d792c04b6dee02df199aad0
🤸🏿,Cartwheel,People & Body,1f938_1f3ff,People Body/cartwheel__1f938_1f3ff.png,https://fonts.gstatic.com/s/e/noto3demoji/latest/1f938_1f3ff/512.png,512,512,77258,c21830d83999d8e4df95f98ef1937d9a18a95dd19385bd760b7dcb09d5c4b9ef
🤸‍♂,Cartwheel,People & Body,1f938_200d_2642,People Body/cartwheel__1f938_200d_2642.png,https://fonts.gstatic.com/s/e/noto3demoji/latest/1f938_200d_2642/512.png,512,512,76017,a7655496592d4503f9b2dd5371071a6100c19f9c9cb43806496527ee7f793d2b
🤸🏻‍♂,Cartwheel,People & Body,1f938_1f3fb_200d_2642,People Body/cartwheel__1f938_1f3fb_200d_2642.png,https://fonts.gstatic.com/s/e/noto3demoji/latest/1f938_1f3fb_200d_2642/512.png,512,512,80454,2ee838e1088899ec4b3069372ac6baded981fa92c41fe7988d0b7aa5bdf756e1
🤸🏼‍♂,Cartwheel,People & Body,1f938_1f3fc_200d_2642,People Body/cartwheel__1f938_1f3fc_200d_2642.png,https://fonts.gstatic.com/s/e/noto3demoji/latest/1f938_1f3fc_200d_2642/512.png,512,512,79230,cc4c844c6bfb4853c77eab30a5a2432d3fe099037695aedd793c324381535b51
🤸🏽‍♂,Cartwheel,People & Body,1f938_1f3fd_200d_2642,People Body/cartwheel__1f938_1f3fd_200d_2642.png,https://fonts.gstatic.com/s/e/noto3demoji/latest/1f938_1f3fd_200d_2642/512.png,512,512,76935,b336677491a40afe794a6b39d1045ba55ca09e0787d7bf3e4ea8937c44fcb3f1
🤸🏾‍♂,Cartwheel,People & Body,1f938_1f3fe_200d_2642,People Body/cartwheel__1f938_1f3fe_200d_2642.png,https://fonts.gstatic.com/s/e/noto3demoji/latest/1f938_1f3fe_200d_2642/512.png,512,512,77157,d1ede4ae19c295d5c492a15fafa06ee010f5c972c855267cc660c739c71a8ad1
🤸🏿‍♂,Cartwheel,People & Body,1f938_1f3ff_200d_2642,People Body/cartwheel__1f938_1f3ff_200d_2642.png,https://fonts.gstatic.com/s/e/noto3demoji/latest/1f938_1f3ff_200d_2642/512.png,512,512,77152,441d139eaab48cc1c56901863aaa222f41a68b215499330d3b81a181607c1edd
🤸‍♀,Cartwheel,People & Body,1f938_200d_2640,People Body/cartwheel__1f938_200d_2640.png,https://fonts.gstatic.com/s/e/noto3demoji/latest/1f938_200d_2640/512.png,512,512,80788,22539820e3ca6b99f75e4377391a66288aa301e8c351d6400de626530a42598b
🤸🏻‍♀,Cartwheel,People & Body,1f938_1f3fb_200d_2640,People Body/cartwheel__1f938_1f3fb_200d_2640.png,https://fonts.gstatic.com/s/e/noto3demoji/latest/1f938_1f3fb_200d_2640/512.png,512,512,84443,00a70338edc19f775869344d893bc407b7f736b16854864b2c25664f8ebed8bc
🤸🏼‍♀,Cartwheel,People & Body,1f938_1f3fc_200d_2640,People Body/cartwheel__1f938_1f3fc_200d_2640.png,https://fonts.gstatic.com/s/e/noto3demoji/latest/1f938_1f3fc_200d_2640/512.png,512,512,83800,4669cd11fe1d01c12018c552e8b5ccac80aefa75f0f9aeef45cb85fa5180df84
🤸🏽‍♀,Cartwheel,People & Body,1f938_1f3fd_200d_2640,People Body/cartwheel__1f938_1f3fd_200d_2640.png,https://fonts.gstatic.com/s/e/noto3demoji/latest/1f938_1f3fd_200d_2640/512.png,512,512,81496,ceac0123e565cd89ffb64ba32a4c5a4efacbce2fe1ecc53c6f5208b626a35742
🤸🏾‍♀,Cartwheel,People & Body,1f938_1f3fe_200d_2640,People Body/cartwheel__1f938_1f3fe_200d_2640.png,https://fonts.gstatic.com/s/e/noto3demoji/latest/1f938_1f3fe_200d_2640/512.png,512,512,81344,d937a755301f1b218ed598f2ea699fe3520745a33a7c071b53b56d06ac596347
🤸🏿‍♀,Cartwheel,People & Body,1f938_1f3ff_200d_2640,People Body/cartwheel__1f938_1f3ff_200d_2640.png,https://fonts.gstatic.com/s/e/noto3demoji/latest/1f938_1f3ff_200d_2640/512.png,512,512,81022,7f1545538e1f469843244e0865b13eff1e80c951a6d4059d831d6f91b3cbe5e3
🤼,Wrestling,People & Body,1f93c,People Body/wrestling__1f93c.png,https://fonts.gstatic.com/s/e/noto3demoji/latest/1f93c/512.png,512,512,116435,748f0fe309beedb97bafe885e617da6e0a284290b1736fc27f3b0fbefef88a30
🤼🏻,Wrestling,People & Body,1f93c_1f3fb,People Body/wrestling__1f93c_1f3fb.png,https://fonts.gstatic.com/s/e/noto3demoji/latest/1f93c_1f3fb/512.png,512,512,121629,6d9147bddb3673ecba79cb7e94d85677616893eee543fddc9d1f3476a1710ba0
🤼🏼,Wrestling,People & Body,1f93c_1f3fc,People Body/wrestling__1f93c_1f3fc.png,https://fonts.gstatic.com/s/e/noto3demoji/latest/1f93c_1f3fc/512.png,512,512,120947,77973f999278bc0eaf8d8ea58f7e7a4106079e9cc7b96faada5ec78dd0b85118
🤼🏽,Wrestling,People & Body,1f93c_1f3fd,People Body/wrestling__1f93c_1f3fd.png,https://fonts.gstatic.com/s/e/noto3demoji/latest/1f93c_1f3fd/512.png,512,512,117515,1b88c3f86b90a3ae7a1eb959b156abb8194f402c8d3434e903c9e9614bcb8721
🤼🏾,Wrestling,People & Body,1f93c_1f3fe,People Body/wrestling__1f93c_1f3fe.png,https://fonts.gstatic.com/s/e/noto3demoji/latest/1f93c_1f3fe/512.png,512,512,119169,dc3687c39ad713a2e6fe711f46f42bd0dfba1597992629a3622811e78d192e45
🤼🏿,Wrestling,People & Body,1f93c_1f3ff,People Body/wrestling__1f93c_1f3ff.png,https://fonts.gstatic.com/s/e/noto3demoji/latest/1f93c_1f3ff/512.png,512,512,116914,0c2139d4261d8ed28d9d28feec2f413ecbec0a57e7a100050e728b3e8c7c0c24
🤼‍♂,Wrestling Men,People & Body,1f93c_200d_2642,People Body/wrestling-men__1f93c_200d_2642.png,https://fonts.gstatic.com/s/e/noto3demoji/latest/1f93c_200d_2642/512.png,512,512,109642,5226639998f38ef9dd347e608d231c5664cc7d21d246ee835397c67ca2ef144c
🤼🏻‍♂,Wrestling Men,People & Body,1f93c_1f3fb_200d_2642,People Body/wrestling-men__1f93c_1f3fb_200d_2642.png,https://fonts.gstatic.com/s/e/noto3demoji/latest/1f93c_1f3fb_200d_2642/512.png,512,512,115347,41bb2b979bd69585ba3067d25142fd1ec1c8743cb2ab07d43d28d6d1c04432ff
🤼🏼‍♂,Wrestling Men,People & Body,1f93c_1f3fc_200d_2642,People Body/wrestling-men__1f93c_1f3fc_200d_2642.png,https://fonts.gstatic.com/s/e/noto3demoji/latest/1f93c_1f3fc_200d_2642/512.png,512,512,114279,d906d077e2cb879de8f1e3ab7f514856f633eb76d4214e93789093fca7b2eb99
🤼🏽‍♂,Wrestling Men,People & Body,1f93c_1f3fd_200d_2642,People Body/wrestling-men__1f93c_1f3fd_200d_2642.png,https://fonts.gstatic.com/s/e/noto3demoji/latest/1f93c_1f3fd_200d_2642/512.png,512,512,110756,d6319511dc1ed4671ba6da7cd57e078d84aa02697488d9149eb2a07727b5642c
🤼🏾‍♂,Wrestling Men,People & Body,1f93c_1f3fe_200d_2642,People Body/wrestling-men__1f93c_1f3fe_200d_2642.png,https://fonts.gstatic.com/s/e/noto3demoji/latest/1f93c_1f3fe_200d_2642/512.png,512,512,113002,35f5f39ec70a285571f945531a810b8436a1679bb88ea581ec12fe13edf062ee
🤼🏿‍♂,Wrestling Men,People & Body,1f93c_1f3ff_200d_2642,People Body/wrestling-men__1f93c_1f3ff_200d_2642.png,https://fonts.gstatic.com/s/e/noto3demoji/latest/1f93c_1f3ff_200d_2642/512.png,512,512,111069,7747aacc1b5816b48d8c8e2af0e92bf7b39ece8841136d20d68120e6920ee0ca
🤼‍♀,Wrestling Women,People & Body,1f93c_200d_2640,People Body/wrestling-women__1f93c_200d_2640.png,https://fonts.gstatic.com/s/e/noto3demoji/latest/1f93c_200d_2640/512.png,512,512,125403,4fe52ac8b56f52296feaa528072c75f9d05919b69eb1e4348154d325935c5cd6
🤼🏻‍♀,Wrestling Women,People & Body,1f93c_1f3fb_200d_2640,People Body/wrestling-women__1f93c_1f3fb_200d_2640.png,https://fonts.gstatic.com/s/e/noto3demoji/latest/1f93c_1f3fb_200d_2640/512.png,512,512,129562,d0ad7ec19b25d7db81414228d472e6b8713735a9f4b606a9e180a57e8a4d5fd5
🤼🏼‍♀,Wrestling Women,People & Body,1f93c_1f3fc_200d_2640,People Body/wrestling-women__1f93c_1f3fc_200d_2640.png,https://fonts.gstatic.com/s/e/noto3demoji/latest/1f93c_1f3fc_200d_2640/512.png,512,512,129861,a1d48bb9af9c681a8c64312be1069e92fdfe5edf20ababaa85c24ba749c8d1c6
🤼🏽‍♀,Wrestling Women,People & Body,1f93c_1f3fd_200d_2640,People Body/wrestling-women__1f93c_1f3fd_200d_2640.png,https://fonts.gstatic.com/s/e/noto3demoji/latest/1f93c_1f3fd_200d_2640/512.png,512,512,125389,f2606be39a9ba98715cae7316416c8da4d811698e1edf12d54f0bfd1bc3df8c3
🤼🏾‍♀,Wrestling Women,People & Body,1f93c_1f3fe_200d_2640,People Body/wrestling-women__1f93c_1f3fe_200d_2640.png,https://fonts.gstatic.com/s/e/noto3demoji/latest/1f93c_1f3fe_200d_2640/512.png,512,512,126913,2a35cc2ece05b34a3d7178f89e3221c92075ecee13540e826f503208a1ab3805
🤼🏿‍♀,Wrestling Women,People & Body,1f93c_1f3ff_200d_2640,People Body/wrestling-women__1f93c_1f3ff_200d_2640.png,https://fonts.gstatic.com/s/e/noto3demoji/latest/1f93c_1f3ff_200d_2640/512.png,512,512,124283,e79fce7dad0b347c6124103c6ac3e0504853fc35afdb5fe6a7caf2ee2bb6d36f
🧑🏻‍🫯‍🧑🏼,Wrestling,People & Body,1f9d1_1f3fb_200d_1faef_200d_1f9d1_1f3fc,People Body/wrestling__1f9d1_1f3fb_200d_1faef_200d_1f9d1_1f3fc.png,https://fonts.gstatic.com/s/e/noto3demoji/latest/1f9d1_1f3fb_200d_1faef_200d_1f9d1_1f3fc/512.png,512,512,122096,d7dae2a92913afb3d1b40200e72cc92d5dbea7c956170b08ed2dd92f8f3010a2
🧑🏻‍🫯‍🧑🏽,Wrestling,People & Body,1f9d1_1f3fb_200d_1faef_200d_1f9d1_1f3fd,People Body/wrestling__1f9d1_1f3fb_200d_1faef_200d_1f9d1_1f3fd.png,https://fonts.gstatic.com/s/e/noto3demoji/latest/1f9d1_1f3fb_200d_1faef_200d_1f9d1_1f3fd/512.png,512,512,120499,5044394c2fbf12065edf8f4c926b04a23939d4246a3c88ce709c7401a9da2cb6
🧑🏻‍🫯‍🧑🏾,Wrestling,People & Body,1f9d1_1f3fb_200d_1faef_200d_1f9d1_1f3fe,People Body/wrestling__1f9d1_1f3fb_200d_1faef_200d_1f9d1_1f3fe.png,https://fonts.gstatic.com/s/e/noto3demoji/latest/1f9d1_1f3fb_200d_1faef_200d_1f9d1_1f3fe/512.png,512,512,121818,c95ff2d2a3822114324b9df071001e2388fc4306903df58543ca22296b9328db
🧑🏻‍🫯‍🧑🏿,Wrestling,People & Body,1f9d1_1f3fb_200d_1faef_200d_1f9d1_1f3ff,People Body/wrestling__1f9d1_1f3fb_200d_1faef_200d_1f9d1_1f3ff.png,https://fonts.gstatic.com/s/e/noto3demoji/latest/1f9d1_1f3fb_200d_1faef_200d_1f9d1_1f3ff/512.png,512,512,120774,02423fdf714800aa71903db8018fe2aba0f904b65ee008e97d4195b372084f98
🧑🏼‍🫯‍🧑🏻,Wrestling,People & Body,1f9d1_1f3fc_200d_1faef_200d_1f9d1_1f3fb,People Body/wrestling__1f9d1_1f3fc_200d_1faef_200d_1f9d1_1f3fb.png,https://fonts.gstatic.com/s/e/noto3demoji/latest/1f9d1_1f3fc_200d_1faef_200d_1f9d1_1f3fb/512.png,512,512,121339,f51237009ed3e1c9a1a3b0fb6011810053559c07fee45e2f35a5b7ada720912a
🧑🏼‍🫯‍🧑🏽,Wrestling,People & Body,1f9d1_1f3fc_200d_1faef_200d_1f9d1_1f3fd,People Body/wrestling__1f9d1_1f3fc_200d_1faef_200d_1f9d1_1f3fd.png,https://fonts.gstatic.com/s/e/noto3demoji/latest/1f9d1_1f3fc_200d_1faef_200d_1f9d1_1f3fd/512.png,512,512,119577,40746e3acca370ed99c4e6a6acb33ea358e58dfff0692e4d1a00bc022b8bfd82
🧑🏼‍🫯‍🧑🏾,Wrestling,People & Body,1f9d1_1f3fc_200d_1faef_200d_1f9d1_1f3fe,People Body/wrestling__1f9d1_1f3fc_200d_1faef_200d_1f9d1_1f3fe.png,https://fonts.gstatic.com/s/e/noto3demoji/latest/1f9d1_1f3fc_200d_1faef_200d_1f9d1_1f3fe/512.png,512,512,120849,6af290b3b56a6536efe9012480121e6f7087c5172ad01da3bfb2b3551ab596d6
🧑🏼‍🫯‍🧑🏿,Wrestling,People & Body,1f9d1_1f3fc_200d_1faef_200d_1f9d1_1f3ff,People Body/wrestling__1f9d1_1f3fc_200d_1faef_200d_1f9d1_1f3ff.png,https://fonts.gstatic.com/s/e/noto3demoji/latest/1f9d1_1f3fc_200d_1faef_200d_1f9d1_1f3ff/512.png,512,512,119767,f10e8ea0f8a3601fcb3ff4eed714e7ef1a337a9bb5d320afc388dcde69c35c4e
🧑🏽‍🫯‍🧑🏻,Wrestling,People & Body,1f9d1_1f3fd_200d_1faef_200d_1f9d1_1f3fb,People Body/wrestling__1f9d1_1f3fd_200d_1faef_200d_1f9d1_1f3fb.png,https://fonts.gstatic.com/s/e/noto3demoji/latest/1f9d1_1f3fd_200d_1faef_200d_1f9d1_1f3fb/512.png,512,512,120135,a95468501a02c342ce1f05ae1b5ad523183f1789649aee11c254a633db0233bb
🧑🏽‍🫯‍🧑🏼,Wrestling,People & Body,1f9d1_1f3fd_200d_1faef_200d_1f9d1_1f3fc,People Body/wrestling__1f9d1_1f3fd_200d_1faef_200d_1f9d1_1f3fc.png,https://fonts.gstatic.com/s/e/noto3demoji/latest/1f9d1_1f3fd_200d_1faef_200d_1f9d1_1f3fc/512.png,512,512,120138,d948829bb9491f3d539392e92288b5b0a3d94fd171a211f69ebdf99480cc8ffb
🧑🏽‍🫯‍🧑🏾,Wrestling,People & Body,1f9d1_1f3fd_200d_1faef_200d_1f9d1_1f3fe,People Body/wrestling__1f9d1_1f3fd_200d_1faef_200d_1f9d1_1f3fe.png,https://fonts.gstatic.com/s/e/noto3demoji/latest/1f9d1_1f3fd_200d_1faef_200d_1f9d1_1f3fe/512.png,512,512,118827,5db0faaa862c2945fd606a81dd2a456d43934a87bcc50bf94a690109df927327
🧑🏽‍🫯‍🧑🏿,Wrestling,People & Body,1f9d1_1f3fd_200d_1faef_200d_1f9d1_1f3ff,People Body/wrestling__1f9d1_1f3fd_200d_1faef_200d_1f9d1_1f3ff.png,https://fonts.gstatic.com/s/e/noto3demoji/latest/1f9d1_1f3fd_200d_1faef_200d_1f9d1_1f3ff/512.png,512,512,117890,f3fc03ff1ebd1767b83b04f4a464ae766f5c455b0f70c7cae459f148e0d97e51
🧑🏾‍🫯‍🧑🏻,Wrestling,People & Body,1f9d1_1f3fe_200d_1faef_200d_1f9d1_1f3fb,People Body/wrestling__1f9d1_1f3fe_200d_1faef_200d_1f9d1_1f3fb.png,https://fonts.gstatic.com/s/e/noto3demoji/latest/1f9d1_1f3fe_200d_1faef_200d_1f9d1_1f3fb/512.png,512,512,121256,e2efbdb53db9770379bcd10cc9c9fbdf3967459d7ea008a7e4b4933d5f7e93d8
🧑🏾‍🫯‍🧑🏼,Wrestling,People & Body,1f9d1_1f3fe_200d_1faef_200d_1f9d1_1f3fc,People Body/wrestling__1f9d1_1f3fe_200d_1faef_200d_1f9d1_1f3fc.png,https://fonts.gstatic.com/s/e/noto3demoji/latest/1f9d1_1f3fe_200d_1faef_200d_1f9d1_1f3fc/512.png,512,512,121234,f128e07b3c2fc18fd0367c812889d5ed365c803d0b63396b3bcb656463509644
🧑🏾‍🫯‍🧑🏽,Wrestling,People & Body,1f9d1_1f3fe_200d_1faef_200d_1f9d1_1f3fd,People Body/wrestling__1f9d1_1f3fe_200d_1faef_200d_1f9d1_1f3fd.png,https://fonts.gstatic.com/s/e/noto3demoji/latest/1f9d1_1f3fe_200d_1faef_200d_1f9d1_1f3fd/512.png,512,512,119090,25356ae8efc5ba01319a7a3fd9bc1e889a474ef36557040fde3d03e0920e3fee
🧑🏾‍🫯‍🧑🏿,Wrestling,People & Body,1f9d1_1f3fe_200d_1faef_200d_1f9d1_1f3ff,People Body/wrestling__1f9d1_1f3fe_200d_1faef_200d_1f9d1_1f3ff.png,https://fonts.gstatic.com/s/e/noto3demoji/latest/1f9d1_1f3fe_200d_1faef_200d_1f9d1_1f3ff/512.png,512,512,118628,e588dab9aac3f431374d2fab56ab3558179d1b31595f67021651db11d42d59f9
🧑🏿‍🫯‍🧑🏻,Wrestling,People & Body,1f9d1_1f3ff_200d_1faef_200d_1f9d1_1f3fb,People Body/wrestling__1f9d1_1f3ff_200d_1faef_200d_1f9d1_1f3fb.png,https://fonts.gstatic.com/s/e/noto3demoji/latest/1f9d1_1f3ff_200d_1faef_200d_1f9d1_1f3fb/512.png,512,512,120116,540810b02c1e66034bd90e7d6023afb38011a9fd7c6caee8077b7caf43d0b6de
🧑🏿‍🫯‍🧑🏼,Wrestling,People & Body,1f9d1_1f3ff_200d_1faef_200d_1f9d1_1f3fc,People Body/wrestling__1f9d1_1f3ff_200d_1faef_200d_1f9d1_1f3fc.png,https://fonts.gstatic.com/s/e/noto3demoji/latest/1f9d1_1f3ff_200d_1faef_200d_1f9d1_1f3fc/512.png,512,512,120068,707c560f16f3bd380805cc958b99df9a2628e709dd8027169071b2d537f432a6
🧑🏿‍🫯‍🧑🏽,Wrestling,People & Body,1f9d1_1f3ff_200d_1faef_200d_1f9d1_1f3fd,People Body/wrestling__1f9d1_1f3ff_200d_1faef_200d_1f9d1_1f3fd.png,https://fonts.gstatic.com/s/e/noto3demoji/latest/1f9d1_1f3ff_200d_1faef_200d_1f9d1_1f3fd/512.png,512,512,117918,4704694a46815b50bb8e8cb0342a2e389c51814015e25e3cc9b86bd7421798ff
🧑🏿‍🫯‍🧑🏾,Wrestling,People & Body,1f9d1_1f3ff_200d_1faef_200d_1f9d1_1f3fe,People Body/wrestling__1f9d1_1f3ff_200d_1faef_200d_1f9d1_1f3fe.png,https://fonts.gstatic.com/s/e/noto3demoji/latest/1f9d1_1f3ff_200d_1faef_200d_1f9d1_1f3fe/512.png,512,512,118550,c28a7941e5f2d84ed16a8dd328f0a6f2ee066e0b6f40cc799e04f3388a41978d
👨🏻‍🫯‍👨🏼,Wrestling Men,People & Body,1f468_1f3fb_200d_1faef_200d_1f468_1f3fc,People Body/wrestling-men__1f468_1f3fb_200d_1faef_200d_1f468_1f3fc.png,https://fonts.gstatic.com/s/e/noto3demoji/latest/1f468_1f3fb_200d_1faef_200d_1f468_1f3fc/512.png,512,512,115145,7c3dbd29a449f3489d1400466b7fe291326555363ea45b6a881b419cfc4be726
👨🏻‍🫯‍👨🏽,Wrestling Men,People & Body,1f468_1f3fb_200d_1faef_200d_1f468_1f3fd,People Body/wrestling-men__1f468_1f3fb_200d_1faef_200d_1f468_1f3fd.png,https://fonts.gstatic.com/s/e/noto3demoji/latest/1f468_1f3fb_200d_1faef_200d_1f468_1f3fd/512.png,512,512,114106,eec46c589feab566d3558305d44e0d7c82b5cb42cf18a51f81c140fc8788dd3d
👨🏻‍🫯‍👨🏾,Wrestling Men,People & Body,1f468_1f3fb_200d_1faef_200d_1f468_1f3fe,People Body/wrestling-men__1f468_1f3fb_200d_1faef_200d_1f468_1f3fe.png,https://fonts.gstatic.com/s/e/noto3demoji/latest/1f468_1f3fb_200d_1faef_200d_1f468_1f3fe/512.png,512,512,115626,fef6b3d87241bc6706e85ec480145e5f162a1be70b9b8f89ed7aa731ecd11944
👨🏻‍🫯‍👨🏿,Wrestling Men,People & Body,1f468_1f3fb_200d_1faef_200d_1f468_1f3ff,People Body/wrestling-men__1f468_1f3fb_200d_1faef_200d_1f468_1f3ff.png,https://fonts.gstatic.com/s/e/noto3demoji/latest/1f468_1f3fb_200d_1faef_200d_1f468_1f3ff/512.png,512,512,114346,043d304f0f9accd135594e7b582ab62c96f649439f20628a62868d513b036da7
👨🏼‍🫯‍👨🏻,Wrestling Men,People & Body,1f468_1f3fc_200d_1faef_200d_1f468_1f3fb,People Body/wrestling-men__1f468_1f3fc_200d_1faef_200d_1f468_1f3fb.png,https://fonts.gstatic.com/s/e/noto3demoji/latest/1f468_1f3fc_200d_1faef_200d_1f468_1f3fb/512.png,512,512,115405,9450bcdb97ad3c37f9c45b1a891de5b08c18d6774d8a32460b4385105da5c3b4
👨🏼‍🫯‍👨🏽,Wrestling Men,People & Body,1f468_1f3fc_200d_1faef_200d_1f468_1f3fd,People Body/wrestling-men__1f468_1f3fc_200d_1faef_200d_1f468_1f3fd.png,https://fonts.gstatic.com/s/e/noto3demoji/latest/1f468_1f3fc_200d_1faef_200d_1f468_1f3fd/512.png,512,512,113160,1355c56a057205170c423a863e8e00ab1e362a423af32f0cf915fe9467c3b2f7
👨🏼‍🫯‍👨🏾,Wrestling Men,People & Body,1f468_1f3fc_200d_1faef_200d_1f468_1f3fe,People Body/wrestling-men__1f468_1f3fc_200d_1faef_200d_1f468_1f3fe.png,https://fonts.gstatic.com/s/e/noto3demoji/latest/1f468_1f3fc_200d_1faef_200d_1f468_1f3fe/512.png,512,512,114900,71f6296bc27d6bcf67ae7260d501fd592c8c07dc48caf9852101bc33b4bd1a23
👨🏼‍🫯‍👨🏿,Wrestling Men,People & Body,1f468_1f3fc_200d_1faef_200d_1f468_1f3ff,People Body/wrestling-men__1f468_1f3fc_200d_1faef_200d_1f468_1f3ff.png,https://fonts.gstatic.com/s/e/noto3demoji/latest/1f468_1f3fc_200d_1faef_200d_1f468_1f3ff/512.png,512,512,113615,a5e5dacd72d0ae7ceca133ce6b7e49461d1ff8627ac04cff8e8899bfbfb840d6
👨🏽‍🫯‍👨🏻,Wrestling Men,People & Body,1f468_1f3fd_200d_1faef_200d_1f468_1f3fb,People Body/wrestling-men__1f468_1f3fd_200d_1faef_200d_1f468_1f3fb.png,https://fonts.gstatic.com/s/e/noto3demoji/latest/1f468_1f3fd_200d_1faef_200d_1f468_1f3fb/512.png,512,512,114001,0448074c0c7bcec80a7b2651bb40743860a1c2226bc9d050e103fd22e804e07a
👨🏽‍🫯‍👨🏼,Wrestling Men,People & Body,1f468_1f3fd_200d_1faef_200d_1f468_1f3fc,People Body/wrestling-men__1f468_1f3fd_200d_1faef_200d_1f468_1f3fc.png,https://fonts.gstatic.com/s/e/noto3demoji/latest/1f468_1f3fd_200d_1faef_200d_1f468_1f3fc/512.png,512,512,113182,b528c6316731725ee740714254220beca17deb82e91b666bbfeb42da4a1fd1de
👨🏽‍🫯‍👨🏾,Wrestling Men,People & Body,1f468_1f3fd_200d_1faef_200d_1f468_1f3fe,People Body/wrestling-men__1f468_1f3fd_200d_1faef_200d_1f468_1f3fe.png,https://fonts.gstatic.com/s/e/noto3demoji/latest/1f468_1f3fd_200d_1faef_200d_1f468_1f3fe/512.png,512,512,112732,cbfa2eb73c195438ff7eea3831d2d41babd6412714a5cbf54e6a760962574a0f
👨🏽‍🫯‍👨🏿,Wrestling Men,People & Body,1f468_1f3fd_200d_1faef_200d_1f468_1f3ff,People Body/wrestling-men__1f468_1f3fd_200d_1faef_200d_1f468_1f3ff.png,https://fonts.gstatic.com/s/e/noto3demoji/latest/1f468_1f3fd_200d_1faef_200d_1f468_1f3ff/512.png,512,512,111522,71ce9c6b49b31b17b9837b7587e9530a71922285d964c30cc96e88977fb750fa
👨🏾‍🫯‍👨🏻,Wrestling Men,People & Body,1f468_1f3fe_200d_1faef_200d_1f468_1f3fb,People Body/wrestling-men__1f468_1f3fe_200d_1faef_200d_1f468_1f3fb.png,https://fonts.gstatic.com/s/e/noto3demoji/latest/1f468_1f3fe_200d_1faef_200d_1f468_1f3fb/512.png,512,512,114899,ef216a6020cb316e07e5854681444a9409f414fa1971fd6bffed656db3e50e39
👨🏾‍🫯‍👨🏼,Wrestling Men,People & Body,1f468_1f3fe_200d_1faef_200d_1f468_1f3fc,People Body/wrestling-men__1f468_1f3fe_200d_1faef_200d_1f468_1f3fc.png,https://fonts.gstatic.com/s/e/noto3demoji/latest/1f468_1f3fe_200d_1faef_200d_1f468_1f3fc/512.png,512,512,114268,5fb871748855245870fef001a2f9961d2636e7b122d805f48e85aa8f66d63748
👨🏾‍🫯‍👨🏽,Wrestling Men,People & Body,1f468_1f3fe_200d_1faef_200d_1f468_1f3fd,People Body/wrestling-men__1f468_1f3fe_200d_1faef_200d_1f468_1f3fd.png,https://fonts.gstatic.com/s/e/noto3demoji/latest/1f468_1f3fe_200d_1faef_200d_1f468_1f3fd/512.png,512,512,112295,f6b2e7987750aaf3909a462c8185022f63e1a6c79f46649c1db2ca23f8cde69f
👨🏾‍🫯‍👨🏿,Wrestling Men,People & Body,1f468_1f3fe_200d_1faef_200d_1f468_1f3ff,People Body/wrestling-men__1f468_1f3fe_200d_1faef_200d_1f468_1f3ff.png,https://fonts.gstatic.com/s/e/noto3demoji/latest/1f468_1f3fe_200d_1faef_200d_1f468_1f3ff/512.png,512,512,112125,3b724514b9ccc92383593c10f7fbea10d3505fb83bf3a46fc6af902b7b973cd5
👨🏿‍🫯‍👨🏻,Wrestling Men,People & Body,1f468_1f3ff_200d_1faef_200d_1f468_1f3fb,People Body/wrestling-men__1f468_1f3ff_200d_1faef_200d_1f468_1f3fb.png,https://fonts.gstatic.com/s/e/noto3demoji/latest/1f468_1f3ff_200d_1faef_200d_1f468_1f3fb/512.png,512,512,114376,711065226a45ba91666753b0617150dba387f75cfb839481437a589003174ed0
👨🏿‍🫯‍👨🏼,Wrestling Men,People & Body,1f468_1f3ff_200d_1faef_200d_1f468_1f3fc,People Body/wrestling-men__1f468_1f3ff_200d_1faef_200d_1f468_1f3fc.png,https://fonts.gstatic.com/s/e/noto3demoji/latest/1f468_1f3ff_200d_1faef_200d_1f468_1f3fc/512.png,512,512,113700,897262582ffc1ef852a844cf183cd6b73cc96502180172a2ddb389818c4a7d2d
👨🏿‍🫯‍👨🏽,Wrestling Men,People & Body,1f468_1f3ff_200d_1faef_200d_1f468_1f3fd,People Body/wrestling-men__1f468_1f3ff_200d_1faef_200d_1f468_1f3fd.png,https://fonts.gstatic.com/s/e/noto3demoji/latest/1f468_1f3ff_200d_1faef_200d_1f468_1f3fd/512.png,512,512,112097,ccf4e8f82ada8e74291f9bbb6f5cb43b18d27b11de67106da6bd96451c8b6fcc
👨🏿‍🫯‍👨🏾,Wrestling Men,People & Body,1f468_1f3ff_200d_1faef_200d_1f468_1f3fe,People Body/wrestling-men__1f468_1f3ff_200d_1faef_200d_1f468_1f3fe.png,https://fonts.gstatic.com/s/e/noto3demoji/latest/1f468_1f3ff_200d_1faef_200d_1f468_1f3fe/512.png,512,512,112971,fc83a686f0eef144daa242801163421a7cac140fe7e8980590c31f922958e610
👩🏻‍🫯‍👩🏼,Wrestling Women,People & Body,1f469_1f3fb_200d_1faef_200d_1f469_1f3fc,People Body/wrestling-women__1f469_1f3fb_200d_1faef_200d_1f469_1f3fc.png,https://fonts.gstatic.com/s/e/noto3demoji/latest/1f469_1f3fb_200d_1faef_200d_1f469_1f3fc/512.png,512,512,130423,90debb242973aa573a8a42f1163ff60aba6b24ad30e515f76ab7a4dfb9bab3f3
👩🏻‍🫯‍👩🏽,Wrestling Women,People & Body,1f469_1f3fb_200d_1faef_200d_1f469_1f3fd,People Body/wrestling-women__1f469_1f3fb_200d_1faef_200d_1f469_1f3fd.png,https://fonts.gstatic.com/s/e/noto3demoji/latest/1f469_1f3fb_200d_1faef_200d_1f469_1f3fd/512.png,512,512,128471,6c4399e0986905299a1a63c3654cd16132ddcee0b0d8ca7c49bb7ca7a243f850
👩🏻‍🫯‍👩🏾,Wrestling Women,People & Body,1f469_1f3fb_200d_1faef_200d_1f469_1f3fe,People Body/wrestling-women__1f469_1f3fb_200d_1faef_200d_1f469_1f3fe.png,https://fonts.gstatic.com/s/e/noto3demoji/latest/1f469_1f3fb_200d_1faef_200d_1f469_1f3fe/512.png,512,512,129789,4b051ddd21e9e381a8abfe769d23df742b8a820d91ec8f42b5c1c4db56b745ae
👩🏻‍🫯‍👩🏿,Wrestling Women,People & Body,1f469_1f3fb_200d_1faef_200d_1f469_1f3ff,People Body/wrestling-women__1f469_1f3fb_200d_1faef_200d_1f469_1f3ff.png,https://fonts.gstatic.com/s/e/noto3demoji/latest/1f469_1f3fb_200d_1faef_200d_1f469_1f3ff/512.png,512,512,128150,75aa88c9dade4034449cfd8a862de5d10207cc80a937e515f4433855b25a7372
👩🏼‍🫯‍👩🏻,Wrestling Women,People & Body,1f469_1f3fc_200d_1faef_200d_1f469_1f3fb,People Body/wrestling-women__1f469_1f3fc_200d_1faef_200d_1f469_1f3fb.png,https://fonts.gstatic.com/s/e/noto3demoji/latest/1f469_1f3fc_200d_1faef_200d_1f469_1f3fb/512.png,512,512,130322,561c7f09cdc9bd60e41839ddaaf51bd0811b5a6411b40fb64ee5720383655abb
👩🏼‍🫯‍👩🏽,Wrestling Women,People & Body,1f469_1f3fc_200d_1faef_200d_1f469_1f3fd,People Body/wrestling-women__1f469_1f3fc_200d_1faef_200d_1f469_1f3fd.png,https://fonts.gstatic.com/s/e/noto3demoji/latest/1f469_1f3fc_200d_1faef_200d_1f469_1f3fd/512.png,512,512,128169,2b389402ef38ba867732ccb01fabcb794f9ad72c501c0ce667a30a97f7fbcc73
👩🏼‍🫯‍👩🏾,Wrestling Women,People & Body,1f469_1f3fc_200d_1faef_200d_1f469_1f3fe,People Body/wrestling-women__1f469_1f3fc_200d_1faef_200d_1f469_1f3fe.png,https://fonts.gstatic.com/s/e/noto3demoji/latest/1f469_1f3fc_200d_1faef_200d_1f469_1f3fe/512.png,512,512,129569,2007df69d2828ace63e6e1e9b9ce03d10463a9c570bb2e4e98e2589384224346
👩🏼‍🫯‍👩🏿,Wrestling Women,People & Body,1f469_1f3fc_200d_1faef_200d_1f469_1f3ff,People Body/wrestling-women__1f469_1f3fc_200d_1faef_200d_1f469_1f3ff.png,https://fonts.gstatic.com/s/e/noto3demoji/latest/1f469_1f3fc_200d_1faef_200d_1f469_1f3ff/512.png,512,512,128034,222d75e6825a1c31d90d4bee202322267c06bd47c31adc8cd9a3fed5e5c2e390
👩🏽‍🫯‍👩🏻,Wrestling Women,People & Body,1f469_1f3fd_200d_1faef_200d_1f469_1f3fb,People Body/wrestling-women__1f469_1f3fd_200d_1faef_200d_1f469_1f3fb.png,https://fonts.gstatic.com/s/e/noto3demoji/latest/1f469_1f3fd_200d_1faef_200d_1f469_1f3fb/512.png,512,512,128763,887e150c433d7b3022a5ccc5dcdf721b831f17dc21f04f3e62316fc982a7479d
👩🏽‍🫯‍👩🏼,Wrestling Women,People & Body,1f469_1f3fd_200d_1faef_200d_1f469_1f3fc,People Body/wrestling-women__1f469_1f3fd_200d_1faef_200d_1f469_1f3fc.png,https://fonts.gstatic.com/s/e/noto3demoji/latest/1f469_1f3fd_200d_1faef_200d_1f469_1f3fc/512.png,512,512,128768,9616eec5f841d955aac951d6c06a17fd6c582295d908b2ea122466c443445c6d
👩🏽‍🫯‍👩🏾,Wrestling Women,People & Body,1f469_1f3fd_200d_1faef_200d_1f469_1f3fe,People Body/wrestling-women__1f469_1f3fd_200d_1faef_200d_1f469_1f3fe.png,https://fonts.gstatic.com/s/e/noto3demoji/latest/1f469_1f3fd_200d_1faef_200d_1f469_1f3fe/512.png,512,512,127086,6e4b372b78376a33c6c62adea79836d458682b6997f22e1639c7d5acedceca19
👩🏽‍🫯‍👩🏿,Wrestling Women,People & Body,1f469_1f3fd_200d_1faef_200d_1f469_1f3ff,People Body/wrestling-women__1f469_1f3fd_200d_1faef_200d_1f469_1f3ff.png,https://fonts.gstatic.com/s/e/noto3demoji/latest/1f469_1f3fd_200d_1faef_200d_1f469_1f3ff/512.png,512,512,125897,6eecfae6dd91212eab0c6621921ea343cf436e4991abde8ad5a089dc30979b13
👩🏾‍🫯‍👩🏻,Wrestling Women,People & Body,1f469_1f3fe_200d_1faef_200d_1f469_1f3fb,People Body/wrestling-women__1f469_1f3fe_200d_1faef_200d_1f469_1f3fb.png,https://fonts.gstatic.com/s/e/noto3demoji/latest/1f469_1f3fe_200d_1faef_200d_1f469_1f3fb/512.png,512,512,129239,dd1cf09530b2ae48ffeaac6fd683f96afb869d7855a76743b3847ef653857508
👩🏾‍🫯‍👩🏼,Wrestling Women,People & Body,1f469_1f3fe_200d_1faef_200d_1f469_1f3fc,People Body/wrestling-women__1f469_1f3fe_200d_1faef_200d_1f469_1f3fc.png,https://fonts.gstatic.com/s/e/noto3demoji/latest/1f469_1f3fe_200d_1faef_200d_1f469_1f3fc/512.png,512,512,129407,e8159a956f636d953645d3b19e3749ce89fd174c33f500dfdd13d430433a3203
👩🏾‍🫯‍👩🏽,Wrestling Women,People & Body,1f469_1f3fe_200d_1faef_200d_1f469_1f3fd,People Body/wrestling-women__1f469_1f3fe_200d_1faef_200d_1f469_1f3fd.png,https://fonts.gstatic.com/s/e/noto3demoji/latest/1f469_1f3fe_200d_1faef_200d_1f469_1f3fd/512.png,512,512,126802,a2a957cf43ab72bea9484665b5cd1723f3b5b104ffd570bf36fb8f7014d0c136
👩🏾‍🫯‍👩🏿,Wrestling Women,People & Body,1f469_1f3fe_200d_1faef_200d_1f469_1f3ff,People Body/wrestling-women__1f469_1f3fe_200d_1faef_200d_1f469_1f3ff.png,https://fonts.gstatic.com/s/e/noto3demoji/latest/1f469_1f3fe_200d_1faef_200d_1f469_1f3ff/512.png,512,512,126163,9ffb424c711b1df200163e0cd2408944b7b9708831d4c2301da0dc84c79cf392
👩🏿‍🫯‍👩🏻,Wrestling Women,People & Body,1f469_1f3ff_200d_1faef_200d_1f469_1f3fb,People Body/wrestling-women__1f469_1f3ff_200d_1faef_200d_1f469_1f3fb.png,https://fonts.gstatic.com/s/e/noto3demoji/latest/1f469_1f3ff_200d_1faef_200d_1f469_1f3fb/512.png,512,512,128336,e3284d1671f55dcf4bf6b844150bdd09dc665263194dde6e0138f55bb8429507
👩🏿‍🫯‍👩🏼,Wrestling Women,People & Body,1f469_1f3ff_200d_1faef_200d_1f469_1f3fc,People Body/wrestling-women__1f469_1f3ff_200d_1faef_200d_1f469_1f3fc.png,https://fonts.gstatic.com/s/e/noto3demoji/latest/1f469_1f3ff_200d_1faef_200d_1f469_1f3fc/512.png,512,512,128494,4a6eb6356fbf79edaaead3085a27f7581658d63aa0d0ef4740e7c6f1bbf83ccd
👩🏿‍🫯‍👩🏽,Wrestling Women,People & Body,1f469_1f3ff_200d_1faef_200d_1f469_1f3fd,People Body/wrestling-women__1f469_1f3ff_200d_1faef_200d_1f469_1f3fd.png,https://fonts.gstatic.com/s/e/noto3demoji/latest/1f469_1f3ff_200d_1faef_200d_1f469_1f3fd/512.png,512,512,125749,fc419e6ed578fac0ddbff36abe8b956c1fa1c17ec0c80d762c69564ec17bf65e
👩🏿‍🫯‍👩🏾,Wrestling Women,People & Body,1f469_1f3ff_200d_1faef_200d_1f469_1f3fe,People Body/wrestling-women__1f469_1f3ff_200d_1faef_200d_1f469_1f3fe.png,https://fonts.gstatic.com/s/e/noto3demoji/latest/1f469_1f3ff_200d_1faef_200d_1f469_1f3fe/512.png,512,512,126597,9fab43ff28323f3b9dc743796c786bd6ea74ebe53303ada4b94f1c015c80177d
🤽,Water Polo,People & Body,1f93d,People Body/water-polo__1f93d.png,https://fonts.gstatic.com/s/e/noto3demoji/latest/1f93d/512.png,512,512,182672,d183c519a398f5b707c34b0e0be1b95ed245ad20cb7e993ea844597d245164f5
🤽🏻,Water Polo,People & Body,1f93d_1f3fb,People Body/water-polo__1f93d_1f3fb.png,https://fonts.gstatic.com/s/e/noto3demoji/latest/1f93d_1f3fb/512.png,512,512,185167,9c597406797397cffe06c7d615f6a5e63087a3b6b03f21c757351f50b9d33c08
🤽🏼,Water Polo,People & Body,1f93d_1f3fc,People Body/water-polo__1f93d_1f3fc.png,https://fonts.gstatic.com/s/e/noto3demoji/latest/1f93d_1f3fc/512.png,512,512,184041,8dc8216b4efe9ca37b250458f9b0ce5889363348f72c08bac477d5c6b53657b0
🤽🏽,Water Polo,People & Body,1f93d_1f3fd,People Body/water-polo__1f93d_1f3fd.png,https://fonts.gstatic.com/s/e/noto3demoji/latest/1f93d_1f3fd/512.png,512,512,181076,575723bad560e2d2bc3e0fd6e28a1518a377661d9016a7e0bc0a24a9c76bbf2c
🤽🏾,Water Polo,People & Body,1f93d_1f3fe,People Body/water-polo__1f93d_1f3fe.png,https://fonts.gstatic.com/s/e/noto3demoji/latest/1f93d_1f3fe/512.png,512,512,182131,124fe91429a1387d4a2bf6a1546509a0363160f5f2aba4217c095f0737aaa6ad
🤽🏿,Water Polo,People & Body,1f93d_1f3ff,People Body/water-polo__1f93d_1f3ff.png,https://fonts.gstatic.com/s/e/noto3demoji/latest/1f93d_1f3ff/512.png,512,512,181835,646058014fb951ee46d78d7caee76e798b095407b994c5a39ccb82d7c53e1acc
🤽‍♂,Water Polo,People & Body,1f93d_200d_2642,People Body/water-polo__1f93d_200d_2642.png,https://fonts.gstatic.com/s/e/noto3demoji/latest/1f93d_200d_2642/512.png,512,512,184337,40b8fe8709d8362b79445ce6a1edd3ba3db17d46aef1dddcfd0402fc0505be88
🤽🏻‍♂,Water Polo,People & Body,1f93d_1f3fb_200d_2642,People Body/water-polo__1f93d_1f3fb_200d_2642.png,https://fonts.gstatic.com/s/e/noto3demoji/latest/1f93d_1f3fb_200d_2642/512.png,512,512,189403,63684a85250217327a11421757779fe9f2b71431ca8bee48a12c0aa5a3da96b3
🤽🏼‍♂,Water Polo,People & Body,1f93d_1f3fc_200d_2642,People Body/water-polo__1f93d_1f3fc_200d_2642.png,https://fonts.gstatic.com/s/e/noto3demoji/latest/1f93d_1f3fc_200d_2642/512.png,512,512,187800,9b7a60a2b8ce2e54b7e71840c27d8f2fc522b27cafa9032f638f4c88a3ee2ab7
🤽🏽‍♂,Water Polo,People & Body,1f93d_1f3fd_200d_2642,People Body/water-polo__1f93d_1f3fd_200d_2642.png,https://fonts.gstatic.com/s/e/noto3demoji/latest/1f93d_1f3fd_200d_2642/512.png,512,512,183509,209e178c7c614a57d238817348cf34a2ae56c20fc495a3b2554821f4e0dda147
🤽🏾‍♂,Water Polo,People & Body,1f93d_1f3fe_200d_2642,People Body/water-polo__1f93d_1f3fe_200d_2642.png,https://fonts.gstatic.com/s/e/noto3demoji/latest/1f93d_1f3fe_200d_2642/512.png,512,512,185287,c4413f3b10acafbe5a7daabfac29565a6e6e76aebdbc635576f505d04f276f97
🤽🏿‍♂,Water Polo,People & Body,1f93d_1f3ff_200d_2642,People Body/water-polo__1f93d_1f3ff_200d_2642.png,https://fonts.gstatic.com/s/e/noto3demoji/latest/1f93d_1f3ff_200d_2642/512.png,512,512,184698,4e9df48cd17efe4f66ccc1c7ddb386702e76b7f18f98ebb3ce2f3b90d100e5ab
🤽‍♀,Water Polo,People & Body,1f93d_200d_2640,People Body/water-polo__1f93d_200d_2640.png,https://fonts.gstatic.com/s/e/noto3demoji/latest/1f93d_200d_2640/512.png,512,512,188896,decf6d255f898343ec1fe6b85267f934caf46f09b2504d52a545d3bd12b039be
🤽🏻‍♀,Water Polo,People & Body,1f93d_1f3fb_200d_2640,People Body/water-polo__1f93d_1f3fb_200d_2640.png,https://fonts.gstatic.com/s/e/noto3demoji/latest/1f93d_1f3fb_200d_2640/512.png,512,512,191409,c31bfa852a2c3924bad659c28dbf01cf7497abcf9ec9a08f9c1fb608fea5ac3b
🤽🏼‍♀,Water Polo,People & Body,1f93d_1f3fc_200d_2640,People Body/water-polo__1f93d_1f3fc_200d_2640.png,https://fonts.gstatic.com/s/e/noto3demoji/latest/1f93d_1f3fc_200d_2640/512.png,512,512,190337,d83710bae49687077df5428e490ca3a51b6a214ae56ffb1245e67644c934da15
🤽🏽‍♀,Water Polo,People & Body,1f93d_1f3fd_200d_2640,People Body/water-polo__1f93d_1f3fd_200d_2640.png,https://fonts.gstatic.com/s/e/noto3demoji/latest/1f93d_1f3fd_200d_2640/512.png,512,512,186325,4f5e64b43736c89f9c8c432d043dbf2d1e65b244291b908d5626cee235457c14
🤽🏾‍♀,Water Polo,People & Body,1f93d_1f3fe_200d_2640,People Body/water-polo__1f93d_1f3fe_200d_2640.png,https://fonts.gstatic.com/s/e/noto3demoji/latest/1f93d_1f3fe_200d_2640/512.png,512,512,188066,bee10c231b460f874e3a901caff8e05b979e97211efae3fcf0bb93320811b753
🤽🏿‍♀,Water Polo,People & Body,1f93d_1f3ff_200d_2640,People Body/water-polo__1f93d_1f3ff_200d_2640.png,https://fonts.gstatic.com/s/e/noto3demoji/latest/1f93d_1f3ff_200d_2640/512.png,512,512,187139,ecf5a365a3c5262c19e9fa3fce24f042cbe85632c32558ffcfc04a4b3d96f43d
🤾,Handball,People & Body,1f93e,People Body/handball__1f93e.png,https://fonts.gstatic.com/s/e/noto3demoji/latest/1f93e/512.png,512,512,111933,90dcc18414e59ccc8a32b177dc22001366f1c3256d8ed44bd1dfce66252774ca
🤾🏻,Handball,People & Body,1f93e_1f3fb,People Body/handball__1f93e_1f3fb.png,https://fonts.gstatic.com/s/e/noto3demoji/latest/1f93e_1f3fb/512.png,512,512,114649,d2f7535392bfc08f3ef8d07418100672799faf259cf0a0ebcc1e9d9d14799739
🤾🏼,Handball,People & Body,1f93e_1f3fc,People Body/handball__1f93e_1f3fc.png,https://fonts.gstatic.com/s/e/noto3demoji/latest/1f93e_1f3fc/512.png,512,512,114396,809ca16228b8809f5e03286224509683b1a0c3895a60725c3fe07a6391fe38ed
🤾🏽,Handball,People & Body,1f93e_1f3fd,People Body/handball__1f93e_1f3fd.png,https://fonts.gstatic.com/s/e/noto3demoji/latest/1f93e_1f3fd/512.png,512,512,111396,e336f7120ab9203313da61c1df50a469932bd1c01e873b16d86cb44e7c69a866
🤾🏾,Handball,People & Body,1f93e_1f3fe,People Body/handball__1f93e_1f3fe.png,https://fonts.gstatic.com/s/e/noto3demoji/latest/1f93e_1f3fe/512.png,512,512,111278,785b91b8f2845077cc3a52119194c4f5cbd9df70e481ea99e8dab4560cf4f7cc
🤾🏿,Handball,People & Body,1f93e_1f3ff,People Body/handball__1f93e_1f3ff.png,https://fonts.gstatic.com/s/e/noto3demoji/latest/1f93e_1f3ff/512.png,512,512,109557,a1e6717808289598268985c57000c7f9d223049007585e4609bfd185c466fa13
🤾‍♂,Handball,People & Body,1f93e_200d_2642,People Body/handball__1f93e_200d_2642.png,https://fonts.gstatic.com/s/e/noto3demoji/latest/1f93e_200d_2642/512.png,512,512,108555,b9e02a6eef004b89a129e59e11d141c99280ac5196b2b910072e847d774f6db6
🤾🏻‍♂,Handball,People & Body,1f93e_1f3fb_200d_2642,People Body/handball__1f93e_1f3fb_200d_2642.png,https://fonts.gstatic.com/s/e/noto3demoji/latest/1f93e_1f3fb_200d_2642/512.png,512,512,110715,e01995e6ce2983c6d2a21a95936723c2fd01e74d64811df3f085daa3182e1363
🤾🏼‍♂,Handball,People & Body,1f93e_1f3fc_200d_2642,People Body/handball__1f93e_1f3fc_200d_2642.png,https://fonts.gstatic.com/s/e/noto3demoji/latest/1f93e_1f3fc_200d_2642/512.png,512,512,109996,7f1300035b067fd4ce120e696f704ad650a267acd34616866a35848a2513c065
🤾🏽‍♂,Handball,People & Body,1f93e_1f3fd_200d_2642,People Body/handball__1f93e_1f3fd_200d_2642.png,https://fonts.gstatic.com/s/e/noto3demoji/latest/1f93e_1f3fd_200d_2642/512.png,512,512,107677,e499b4c88ecc204857c1346a27fada93a65ee116283634feb727e4d3d960a1aa
🤾🏾‍♂,Handball,People & Body,1f93e_1f3fe_200d_2642,People Body/handball__1f93e_1f3fe_200d_2642.png,https://fonts.gstatic.com/s/e/noto3demoji/latest/1f93e_1f3fe_200d_2642/512.png,512,512,108256,8667971cae51ac47eb61441d659d44fd0557884ef562873691a3f74db2ab1f6d
🤾🏿‍♂,Handball,People & Body,1f93e_1f3ff_200d_2642,People Body/handball__1f93e_1f3ff_200d_2642.png,https://fonts.gstatic.com/s/e/noto3demoji/latest/1f93e_1f3ff_200d_2642/512.png,512,512,106941,95d15f4b7d1ccb89c037badd482da38313c705e881819e7cbd1429630aeffcfa
🤾‍♀,Handball,People & Body,1f93e_200d_2640,People Body/handball__1f93e_200d_2640.png,https://fonts.gstatic.com/s/e/noto3demoji/latest/1f93e_200d_2640/512.png,512,512,119232,7f83ad6186f2df564bd3fd2bc5c6f63f11411cddac2ecd32319e4e3e0ca18fa7
🤾🏻‍♀,Handball,People & Body,1f93e_1f3fb_200d_2640,People Body/handball__1f93e_1f3fb_200d_2640.png,https://fonts.gstatic.com/s/e/noto3demoji/latest/1f93e_1f3fb_200d_2640/512.png,512,512,120711,77bcb788783439510dbeb4ea8f2e39ad59e4db93ce625ec55ee47866e126a566
🤾🏼‍♀,Handball,People & Body,1f93e_1f3fc_200d_2640,People Body/handball__1f93e_1f3fc_200d_2640.png,https://fonts.gstatic.com/s/e/noto3demoji/latest/1f93e_1f3fc_200d_2640/512.png,512,512,120858,38627f5bb30419773cb148d69a6741251d5dc8cfded6d96047ae6d00eba452a3
🤾🏽‍♀,Handball,People & Body,1f93e_1f3fd_200d_2640,People Body/handball__1f93e_1f3fd_200d_2640.png,https://fonts.gstatic.com/s/e/noto3demoji/latest/1f93e_1f3fd_200d_2640/512.png,512,512,117932,20fa6aa02de800ae267ecba4d044b08dc9e976095ff0dc7d226194702638eb94
🤾🏾‍♀,Handball,People & Body,1f93e_1f3fe_200d_2640,People Body/handball__1f93e_1f3fe_200d_2640.png,https://fonts.gstatic.com/s/e/noto3demoji/latest/1f93e_1f3fe_200d_2640/512.png,512,512,117790,b6caaa2768c1739d517221deffbc7201086c9e11ae4bc8fb039be9e25042f981
🤾🏿‍♀,Handball,People & Body,1f93e_1f3ff_200d_2640,People Body/handball__1f93e_1f3ff_200d_2640.png,https://fonts.gstatic.com/s/e/noto3demoji/latest/1f93e_1f3ff_200d_2640/512.png,512,512,116398,6d79561bdd0936fe13fb655d6c7100fe9bd7fd292c01cf04b3a4cd48e93ebd53
🤹,Juggling,People & Body,1f939,People Body/juggling__1f939.png,https://fonts.gstatic.com/s/e/noto3demoji/latest/1f939/512.png,512,512,143112,3708662dec87922e7db8cf5fce25ef3084b012a9a71bca0406656a843724596a
🤹🏻,Juggling,People & Body,1f939_1f3fb,People Body/juggling__1f939_1f3fb.png,https://fonts.gstatic.com/s/e/noto3demoji/latest/1f939_1f3fb/512.png,512,512,146283,96e33ea1b250d2755339bca358f1aebc80b9d7de41f68f287717a2738e2d6358
🤹🏼,Juggling,People & Body,1f939_1f3fc,People Body/juggling__1f939_1f3fc.png,https://fonts.gstatic.com/s/e/noto3demoji/latest/1f939_1f3fc/512.png,512,512,147114,9a9548699a651a50a4776439c20017cea3e94effce8f78f5a474ce2c7adb74c5
🤹🏽,Juggling,People & Body,1f939_1f3fd,People Body/juggling__1f939_1f3fd.png,https://fonts.gstatic.com/s/e/noto3demoji/latest/1f939_1f3fd/512.png,512,512,144251,71bd56cbdf40ee25b79e28977d440c2db18ff14b231c3f42270983e704536e93
🤹🏾,Juggling,People & Body,1f939_1f3fe,People Body/juggling__1f939_1f3fe.png,https://fonts.gstatic.com/s/e/noto3demoji/latest/1f939_1f3fe/512.png,512,512,143722,4f893444006da72f53a92fdc24ec417bd1b15421cf448e403d6ca5da972fc168
🤹🏿,Juggling,People & Body,1f939_1f3ff,People Body/juggling__1f939_1f3ff.png,https://fonts.gstatic.com/s/e/noto3demoji/latest/1f939_1f3ff/512.png,512,512,142046,02d3677228f374897c0bd3a64b2ba4af3fd64f104f77d35e374e1e8e7e091d66
🤹‍♂,Juggling,People & Body,1f939_200d_2642,People Body/juggling__1f939_200d_2642.png,https://fonts.gstatic.com/s/e/noto3demoji/latest/1f939_200d_2642/512.png,512,512,134582,472a7aa9d4309607c3c8053fdb270971b610dd4ccba42860e4a3531aa462aad6
🤹🏻‍♂,Juggling,People & Body,1f939_1f3fb_200d_2642,People Body/juggling__1f939_1f3fb_200d_2642.png,https://fonts.gstatic.com/s/e/noto3demoji/latest/1f939_1f3fb_200d_2642/512.png,512,512,137776,c64b71fa7c71274c34110bc3da28b20bcee95d0074d8ea88ddaf79f95634abb7
🤹🏼‍♂,Juggling,People & Body,1f939_1f3fc_200d_2642,People Body/juggling__1f939_1f3fc_200d_2642.png,https://fonts.gstatic.com/s/e/noto3demoji/latest/1f939_1f3fc_200d_2642/512.png,512,512,137150,0507a5cb71ed712d541f15a6d03484841ccb3f4467819a69320572fefe8f852f
🤹🏽‍♂,Juggling,People & Body,1f939_1f3fd_200d_2642,People Body/juggling__1f939_1f3fd_200d_2642.png,https://fonts.gstatic.com/s/e/noto3demoji/latest/1f939_1f3fd_200d_2642/512.png,512,512,135536,f421192457113c50b83ab19a63680759ce5d8e2c92c85dd0450b197692c2a0f6
🤹🏾‍♂,Juggling,People & Body,1f939_1f3fe_200d_2642,People Body/juggling__1f939_1f3fe_200d_2642.png,https://fonts.gstatic.com/s/e/noto3demoji/latest/1f939_1f3fe_200d_2642/512.png,512,512,135532,14bce4669aae1b40e3af4a043fa61814352306de2b9e570071367418ec08947f
🤹🏿‍♂,Juggling,People & Body,1f939_1f3ff_200d_2642,People Body/juggling__1f939_1f3ff_200d_2642.png,https://fonts.gstatic.com/s/e/noto3demoji/latest/1f939_1f3ff_200d_2642/512.png,512,512,134342,7aa823639a8fc143610c409376063f9646dbb12fe19809cd893de93e28c661f2
🤹‍♀,Juggling,People & Body,1f939_200d_2640,People Body/juggling__1f939_200d_2640.png,https://fonts.gstatic.com/s/e/noto3demoji/latest/1f939_200d_2640/512.png,512,512,148125,8995ece12a65818817358806f25fee791a434c03f97b75c291d979afd3a1ce49
🤹🏻‍♀,Juggling,People & Body,1f939_1f3fb_200d_2640,People Body/juggling__1f939_1f3fb_200d_2640.png,https://fonts.gstatic.com/s/e/noto3demoji/latest/1f939_1f3fb_200d_2640/512.png,512,512,150629,ff60a60c696b1f6d12af362b6a234fd64a11732cafa92f0ba297abcbc9fc8ce4
🤹🏼‍♀,Juggling,People & Body,1f939_1f3fc_200d_2640,People Body/juggling__1f939_1f3fc_200d_2640.png,https://fonts.gstatic.com/s/e/noto3demoji/latest/1f939_1f3fc_200d_2640/512.png,512,512,151394,ecd3251f8b2af170bf4a8461daa2f98744075bc8f5dd0d86ee23d23f77f9c1b8
🤹🏽‍♀,Juggling,People & Body,1f939_1f3fd_200d_2640,People Body/juggling__1f939_1f3fd_200d_2640.png,https://fonts.gstatic.com/s/e/noto3demoji/latest/1f939_1f3fd_200d_2640/512.png,512,512,148503,33448e3a4bf9980773aa90723fbf154c4aa2a89434de9649beb147df6c079fc9
🤹🏾‍♀,Juggling,People & Body,1f939_1f3fe_200d_2640,People Body/juggling__1f939_1f3fe_200d_2640.png,https://fonts.gstatic.com/s/e/noto3demoji/latest/1f939_1f3fe_200d_2640/512.png,512,512,147789,c510f61e43d05fe320e74a5af4f409c35ba5dfce56281ce311ff7813972cf1e8
🤹🏿‍♀,Juggling,People & Body,1f939_1f3ff_200d_2640,People Body/juggling__1f939_1f3ff_200d_2640.png,https://fonts.gstatic.com/s/e/noto3demoji/latest/1f939_1f3ff_200d_2640/512.png,512,512,146617,19e8c8fbc867732f5538ac5865b3933c04b1efd42e2411a628657af6d76040b3
🧘,Yoga,People & Body,1f9d8,People Body/yoga__1f9d8.png,https://fonts.gstatic.com/s/e/noto3demoji/latest/1f9d8/512.png,512,512,116904,a6b2795d2b3f9faf36d22f936bc3667eca618935ff594832f079aa8d371756b9
🧘🏻,Yoga,People & Body,1f9d8_1f3fb,People Body/yoga__1f9d8_1f3fb.png,https://fonts.gstatic.com/s/e/noto3demoji/latest/1f9d8_1f3fb/512.png,512,512,122244,4789c02e68692ff3dcb450cb88552184bae15d0ae21f30c64fe062326d30f173
🧘🏼,Yoga,People & Body,1f9d8_1f3fc,People Body/yoga__1f9d8_1f3fc.png,https://fonts.gstatic.com/s/e/noto3demoji/latest/1f9d8_1f3fc/512.png,512,512,120755,61b4d67a6eee6dac6c64c7a63f76d77bc6627d9ff5a450ea73ebd312ce3ce350
🧘🏽,Yoga,People & Body,1f9d8_1f3fd,People Body/yoga__1f9d8_1f3fd.png,https://fonts.gstatic.com/s/e/noto3demoji/latest/1f9d8_1f3fd/512.png,512,512,115647,f70c3fdc5fbb7b090ee66325cd15f5f8bd5495b6f53eabe6a8984e8b89361090
🧘🏾,Yoga,People & Body,1f9d8_1f3fe,People Body/yoga__1f9d8_1f3fe.png,https://fonts.gstatic.com/s/e/noto3demoji/latest/1f9d8_1f3fe/512.png,512,512,116999,58ddafc1e5fc5cbcb50c4aef7c24d11b313b77555c8b5e89e2f831e4e9940c9d
🧘🏿,Yoga,People & Body,1f9d8_1f3ff,People Body/yoga__1f9d8_1f3ff.png,https://fonts.gstatic.com/s/e/noto3demoji/latest/1f9d8_1f3ff/512.png,512,512,112039,76e2b7855f404f81c83f89ec3261628099353df385b61a36056887e9503f76eb
🧘‍♂,Yoga,People & Body,1f9d8_200d_2642,People Body/yoga__1f9d8_200d_2642.png,https://fonts.gstatic.com/s/e/noto3demoji/latest/1f9d8_200d_2642/512.png,512,512,109419,81cddbbb53f1c8ce9b833a3bce50ad7504d9834f8a1e42fae7d74a064433e093
🧘🏻‍♂,Yoga,People & Body,1f9d8_1f3fb_200d_2642,People Body/yoga__1f9d8_1f3fb_200d_2642.png,https://fonts.gstatic.com/s/e/noto3demoji/latest/1f9d8_1f3fb_200d_2642/512.png,512,512,115106,75c26b61619393e8b00ef8c5a9d23c5012d3754af144381bfc71e4d29fc517d5
🧘🏼‍♂,Yoga,People & Body,1f9d8_1f3fc_200d_2642,People Body/yoga__1f9d8_1f3fc_200d_2642.png,https://fonts.gstatic.com/s/e/noto3demoji/latest/1f9d8_1f3fc_200d_2642/512.png,512,512,112171,d2939173e7c2dc94d8793ae2786e7a51bd1566bdc107a218e003f95e9885b884
🧘🏽‍♂,Yoga,People & Body,1f9d8_1f3fd_200d_2642,People Body/yoga__1f9d8_1f3fd_200d_2642.png,https://fonts.gstatic.com/s/e/noto3demoji/latest/1f9d8_1f3fd_200d_2642/512.png,512,512,107865,070490bc80dc1b4f27e7fb9c953614b40a5ef8abac9e2aac2219e6381a775b8f
🧘🏾‍♂,Yoga,People & Body,1f9d8_1f3fe_200d_2642,People Body/yoga__1f9d8_1f3fe_200d_2642.png,https://fonts.gstatic.com/s/e/noto3demoji/latest/1f9d8_1f3fe_200d_2642/512.png,512,512,109772,6d71f6ebc59df376eb56a5c1c3c788cd0c4affd569ce3a564f1b273acdd26d11
🧘🏿‍♂,Yoga,People & Body,1f9d8_1f3ff_200d_2642,People Body/yoga__1f9d8_1f3ff_200d_2642.png,https://fonts.gstatic.com/s/e/noto3demoji/latest/1f9d8_1f3ff_200d_2642/512.png,512,512,105953,3c62a6bb2779ff49e3eb80af68564e2f615ba30d9da3548fc3ae65c36cddfb33
🧘‍♀,Yoga,People & Body,1f9d8_200d_2640,People Body/yoga__1f9d8_200d_2640.png,https://fonts.gstatic.com/s/e/noto3demoji/latest/1f9d8_200d_2640/512.png,512,512,121080,b490d0adbb60cc4c8e1c3b5eea998904cfd1260fad3d5784d1439ecf220a0632
🧘🏻‍♀,Yoga,People & Body,1f9d8_1f3fb_200d_2640,People Body/yoga__1f9d8_1f3fb_200d_2640.png,https://fonts.gstatic.com/s/e/noto3demoji/latest/1f9d8_1f3fb_200d_2640/512.png,512,512,126094,6e6794f7ed8667f04bbd9b95dcee67084fb85f7aef054a7a4b4a20f922ceda9e
🧘🏼‍♀,Yoga,People & Body,1f9d8_1f3fc_200d_2640,People Body/yoga__1f9d8_1f3fc_200d_2640.png,https://fonts.gstatic.com/s/e/noto3demoji/latest/1f9d8_1f3fc_200d_2640/512.png,512,512,124270,7d7dcf8d59d4b0e92912bde5ad8de6fcbe421306f77d8402e5d88f82c44b10cf
🧘🏽‍♀,Yoga,People & Body,1f9d8_1f3fd_200d_2640,People Body/yoga__1f9d8_1f3fd_200d_2640.png,https://fonts.gstatic.com/s/e/noto3demoji/latest/1f9d8_1f3fd_200d_2640/512.png,512,512,119638,c5759ef8338773d2e57853319c5d8910d81b37c7a340b998bc0eb717123d3928
🧘🏾‍♀,Yoga,People & Body,1f9d8_1f3fe_200d_2640,People Body/yoga__1f9d8_1f3fe_200d_2640.png,https://fonts.gstatic.com/s/e/noto3demoji/latest/1f9d8_1f3fe_200d_2640/512.png,512,512,120352,89b957b6bf42d1907225b81a01d84716fdbdb3bf48ad0bcd0c6b659c0a60ee0b
🧘🏿‍♀,Yoga,People & Body,1f9d8_1f3ff_200d_2640,People Body/yoga__1f9d8_1f3ff_200d_2640.png,https://fonts.gstatic.com/s/e/noto3demoji/latest/1f9d8_1f3ff_200d_2640/512.png,512,512,116423,4e57371074e30d865155179311be6b324f5293b094c3a4a542afe5d6178c9a47
🛀,Bathe,People & Body,1f6c0,People Body/bathe__1f6c0.png,https://fonts.gstatic.com/s/e/noto3demoji/latest/1f6c0/512.png,512,512,179612,837727705e2576692511999be964af572f0794cf03b1372f1df932d28477bd20
🛀🏻,Bathe,People & Body,1f6c0_1f3fb,People Body/bathe__1f6c0_1f3fb.png,https://fonts.gstatic.com/s/e/noto3demoji/latest/1f6c0_1f3fb/512.png,512,512,180297,7f1b4d1afab57685283e978b4c8e4a1b8208d2f62905f69ed0c6dcad01b33486
🛀🏼,Bathe,People & Body,1f6c0_1f3fc,People Body/bathe__1f6c0_1f3fc.png,https://fonts.gstatic.com/s/e/noto3demoji/latest/1f6c0_1f3fc/512.png,512,512,180231,eeae9b63fd10d19af65596b7cc666104e72bd79d256d951927f4c5a6da204762
🛀🏽,Bathe,People & Body,1f6c0_1f3fd,People Body/bathe__1f6c0_1f3fd.png,https://fonts.gstatic.com/s/e/noto3demoji/latest/1f6c0_1f3fd/512.png,512,512,179695,f010a037f375f2f5c70a968dc2d916353addd3a8e33af5b18e34b3c8ed420316
🛀🏾,Bathe,People & Body,1f6c0_1f3fe,People Body/bathe__1f6c0_1f3fe.png,https://fonts.gstatic.com/s/e/noto3demoji/latest/1f6c0_1f3fe/512.png,512,512,179270,fe1cbf69874dc255ee902164f4a9fc44948faa0bac840f44aa9f8f6de9590bc4
🛀🏿,Bathe,People & Body,1f6c0_1f3ff,People Body/bathe__1f6c0_1f3ff.png,https://fonts.gstatic.com/s/e/noto3demoji/latest/1f6c0_1f3ff/512.png,512,512,178802,71679a1f4902b83300a138660d8e464f050c28eb30def1fa6a7c9cf92792f489
🛌,In Bed,People & Body,1f6cc,People Body/in-bed__1f6cc.png,https://fonts.gstatic.com/s/e/noto3demoji/latest/1f6cc/512.png,512,512,118876,651359228ad208f1493af2aca868c02b0a0f2189ff50895de495452a6f116a03
🛌🏻,In Bed,People & Body,1f6cc_1f3fb,People Body/in-bed__1f6cc_1f3fb.png,https://fonts.gstatic.com/s/e/noto3demoji/latest/1f6cc_1f3fb/512.png,512,512,118841,60115d060b0a5543de802188fcfd42cfd61fb74e6fdc68c47a33be30e4e87929
🛌🏼,In Bed,People & Body,1f6cc_1f3fc,People Body/in-bed__1f6cc_1f3fc.png,https://fonts.gstatic.com/s/e/noto3demoji/latest/1f6cc_1f3fc/512.png,512,512,118806,bdf6ad98cae38cb6c322a3d953ca1e353e1ff49fa5c7c98b66dbbc6ec9510cdd
🛌🏽,In Bed,People & Body,1f6cc_1f3fd,People Body/in-bed__1f6cc_1f3fd.png,https://fonts.gstatic.com/s/e/noto3demoji/latest/1f6cc_1f3fd/512.png,512,512,118820,1c868a3b8fc7d5d56217e5585ad18b9829248637a6b366d18a6b1aaee65d2c73
🛌🏾,In Bed,People & Body,1f6cc_1f3fe,People Body/in-bed__1f6cc_1f3fe.png,https://fonts.gstatic.com/s/e/noto3demoji/latest/1f6cc_1f3fe/512.png,512,512,118839,06fc195c2db51be2519a70349da96aa5e4e14be2dbed47cd6169ec3a8a0ec138
🛌🏿,In Bed,People & Body,1f6cc_1f3ff,People Body/in-bed__1f6cc_1f3ff.png,https://fonts.gstatic.com/s/e/noto3demoji/latest/1f6cc_1f3ff/512.png,512,512,118375,63af2150f73cf401c92611e8467d428383ec13717e4206daabd389ddd2815d24
🧑‍🤝‍🧑,Holding Hands,People & Body,1f9d1_200d_1f91d_200d_1f9d1,People Body/holding-hands__1f9d1_200d_1f91d_200d_1f9d1.png,https://fonts.gstatic.com/s/e/noto3demoji/latest/1f9d1_200d_1f91d_200d_1f9d1/512.png,512,512,148967,569c79ce1d643ea4ae2322578283241eccaa1ac47ca8fc2507ff3a2a834f37a9
🧑🏻‍🤝‍🧑🏻,Holding Hands,People & Body,1f9d1_1f3fb_200d_1f91d_200d_1f9d1_1f3fb,People Body/holding-hands__1f9d1_1f3fb_200d_1f91d_200d_1f9d1_1f3fb.png,https://fonts.gstatic.com/s/e/noto3demoji/latest/1f9d1_1f3fb_200d_1f91d_200d_1f9d1_1f3fb/512.png,512,512,150170,bc244f6f68af10bc0a6dde280e5113dc58bed6631cd411c796b7d2d6333e7cfd
🧑🏻‍🤝‍🧑🏼,Holding Hands,People & Body,1f9d1_1f3fb_200d_1f91d_200d_1f9d1_1f3fc,People Body/holding-hands__1f9d1_1f3fb_200d_1f91d_200d_1f9d1_1f3fc.png,https://fonts.gstatic.com/s/e/noto3demoji/latest/1f9d1_1f3fb_200d_1f91d_200d_1f9d1_1f3fc/512.png,512,512,150710,fb9d2a3c7514fecd3c102ab0cd6804c88ddddcf177b4e3cfd3c021c1c7ff8cb0
🧑🏻‍🤝‍🧑🏽,Holding Hands,People & Body,1f9d1_1f3fb_200d_1f91d_200d_1f9d1_1f3fd,People Body/holding-hands__1f9d1_1f3fb_200d_1f91d_200d_1f9d1_1f3fd.png,https://fonts.gstatic.com/s/e/noto3demoji/latest/1f9d1_1f3fb_200d_1f91d_200d_1f9d1_1f3fd/512.png,512,512,149608,cbbb794eed6ca84f5bcda1e3877eb7d1b1a38a90d34b4b52c0ff02fc2a0f9c17
🧑🏻‍🤝‍🧑🏾,Holding Hands,People & Body,1f9d1_1f3fb_200d_1f91d_200d_1f9d1_1f3fe,People Body/holding-hands__1f9d1_1f3fb_200d_1f91d_200d_1f9d1_1f3fe.png,https://fonts.gstatic.com/s/e/noto3demoji/latest/1f9d1_1f3fb_200d_1f91d_200d_1f9d1_1f3fe/512.png,512,512,149086,cf5a150666b8007e3fce859a0e9e5f14ae3ae61f0f732bacf884b266e0277f92
🧑🏻‍🤝‍🧑🏿,Holding Hands,People & Body,1f9d1_1f3fb_200d_1f91d_200d_1f9d1_1f3ff,People Body/holding-hands__1f9d1_1f3fb_200d_1f91d_200d_1f9d1_1f3ff.png,https://fonts.gstatic.com/s/e/noto3demoji/latest/1f9d1_1f3fb_200d_1f91d_200d_1f9d1_1f3ff/512.png,512,512,147407,80b68b7377545a1ef3359ba710f330e86501ba02e1e99dde894d82a95083c4d1
🧑🏼‍🤝‍🧑🏻,Holding Hands,People & Body,1f9d1_1f3fc_200d_1f91d_200d_1f9d1_1f3fb,People Body/holding-hands__1f9d1_1f3fc_200d_1f91d_200d_1f9d1_1f3fb.png,https://fonts.gstatic.com/s/e/noto3demoji/latest/1f9d1_1f3fc_200d_1f91d_200d_1f9d1_1f3fb/512.png,512,512,151618,1202081edc307dc90ef9568e02e25919d8712e46391caf27537ecccf63cf19b4
🧑🏼‍🤝‍🧑🏼,Holding Hands,People & Body,1f9d1_1f3fc_200d_1f91d_200d_1f9d1_1f3fc,People Body/holding-hands__1f9d1_1f3fc_200d_1f91d_200d_1f9d1_1f3fc.png,https://fonts.gstatic.com/s/e/noto3demoji/latest/1f9d1_1f3fc_200d_1f91d_200d_1f9d1_1f3fc/512.png,512,512,150860,05e92abe0aca2a79d029c404bac38b0709e2911ffd489c2ecb47c0491822a0ca
🧑🏼‍🤝‍🧑🏽,Holding Hands,People & Body,1f9d1_1f3fc_200d_1f91d_200d_1f9d1_1f3fd,People Body/holding-hands__1f9d1_1f3fc_200d_1f91d_200d_1f9d1_1f3fd.png,https://fonts.gstatic.com/s/e/noto3demoji/latest/1f9d1_1f3fc_200d_1f91d_200d_1f9d1_1f3fd/512.png,512,512,150018,25cb83efbb43a30763854b39c3f3e6857fe67f4e4316ff90f14b6be24b5cf050
🧑🏼‍🤝‍🧑🏾,Holding Hands,People & Body,1f9d1_1f3fc_200d_1f91d_200d_1f9d1_1f3fe,People Body/holding-hands__1f9d1_1f3fc_200d_1f91d_200d_1f9d1_1f3fe.png,https://fonts.gstatic.com/s/e/noto3demoji/latest/1f9d1_1f3fc_200d_1f91d_200d_1f9d1_1f3fe/512.png,512,512,149727,bf774128b2c2c18ebd7e7ead0dc6fef2155a17cffc09fc68746d6fa398f8e1bd
🧑🏼‍🤝‍🧑🏿,Holding Hands,People & Body,1f9d1_1f3fc_200d_1f91d_200d_1f9d1_1f3ff,People Body/holding-hands__1f9d1_1f3fc_200d_1f91d_200d_1f9d1_1f3ff.png,https://fonts.gstatic.com/s/e/noto3demoji/latest/1f9d1_1f3fc_200d_1f91d_200d_1f9d1_1f3ff/512.png,512,512,148208,9406ecbfb6a676e32435c783956f6b641267afa08be3a34d9553361de0bbc8fe
🧑🏽‍🤝‍🧑🏻,Holding Hands,People & Body,1f9d1_1f3fd_200d_1f91d_200d_1f9d1_1f3fb,People Body/holding-hands__1f9d1_1f3fd_200d_1f91d_200d_1f9d1_1f3fb.png,https://fonts.gstatic.com/s/e/noto3demoji/latest/1f9d1_1f3fd_200d_1f91d_200d_1f9d1_1f3fb/512.png,512,512,149648,34fa2181acd7faabf186976ff76658f7e44e7e32d89851aa3508355e153a6ec5
🧑🏽‍🤝‍🧑🏼,Holding Hands,People & Body,1f9d1_1f3fd_200d_1f91d_200d_1f9d1_1f3fc,People Body/holding-hands__1f9d1_1f3fd_200d_1f91d_200d_1f9d1_1f3fc.png,https://fonts.gstatic.com/s/e/noto3demoji/latest/1f9d1_1f3fd_200d_1f91d_200d_1f9d1_1f3fc/512.png,512,512,149361,1ace76ad6590f7b9052a16633c5f176e55dcdcd3bf591f4279cadbcb8e357f00
🧑🏽‍🤝‍🧑🏽,Holding Hands,People & Body,1f9d1_1f3fd_200d_1f91d_200d_1f9d1_1f3fd,People Body/holding-hands__1f9d1_1f3fd_200d_1f91d_200d_1f9d1_1f3fd.png,https://fonts.gstatic.com/s/e/noto3demoji/latest/1f9d1_1f3fd_200d_1f91d_200d_1f9d1_1f3fd/512.png,512,512,146875,52e096ed351e7c93886856e942b1849323a4fa61cffab8bb0a480dd0cd4e1595
🧑🏽‍🤝‍🧑🏾,Holding Hands,People & Body,1f9d1_1f3fd_200d_1f91d_200d_1f9d1_1f3fe,People Body/holding-hands__1f9d1_1f3fd_200d_1f91d_200d_1f9d1_1f3fe.png,https://fonts.gstatic.com/s/e/noto3demoji/latest/1f9d1_1f3fd_200d_1f91d_200d_1f9d1_1f3fe/512.png,512,512,146973,310d38fbfbba44e29c19b0bdf716b817f220bb134733b0ee6d3cb7038fd2ad13
🧑🏽‍🤝‍🧑🏿,Holding Hands,People & Body,1f9d1_1f3fd_200d_1f91d_200d_1f9d1_1f3ff,People Body/holding-hands__1f9d1_1f3fd_200d_1f91d_200d_1f9d1_1f3ff.png,https://fonts.gstatic.com/s/e/noto3demoji/latest/1f9d1_1f3fd_200d_1f91d_200d_1f9d1_1f3ff/512.png,512,512,145765,37ce8cd895523151bf9aa391a674a8deea121f8faf786436267d5794d7786e1c
🧑🏾‍🤝‍🧑🏻,Holding Hands,People & Body,1f9d1_1f3fe_200d_1f91d_200d_1f9d1_1f3fb,People Body/holding-hands__1f9d1_1f3fe_200d_1f91d_200d_1f9d1_1f3fb.png,https://fonts.gstatic.com/s/e/noto3demoji/latest/1f9d1_1f3fe_200d_1f91d_200d_1f9d1_1f3fb/512.png,512,512,149343,9f67872c089d726cc455545da434a9d828f6566f71812adc74a16ca564ee0f7f
🧑🏾‍🤝‍🧑🏼,Holding Hands,People & Body,1f9d1_1f3fe_200d_1f91d_200d_1f9d1_1f3fc,People Body/holding-hands__1f9d1_1f3fe_200d_1f91d_200d_1f9d1_1f3fc.png,https://fonts.gstatic.com/s/e/noto3demoji/latest/1f9d1_1f3fe_200d_1f91d_200d_1f9d1_1f3fc/512.png,512,512,149211,af8830e3bc86acb15951f160740dd44aacbdcaea6b3430862575aed637e3f35c
🧑🏾‍🤝‍🧑🏽,Holding Hands,People & Body,1f9d1_1f3fe_200d_1f91d_200d_1f9d1_1f3fd,People Body/holding-hands__1f9d1_1f3fe_200d_1f91d_200d_1f9d1_1f3fd.png,https://fonts.gstatic.com/s/e/noto3demoji/latest/1f9d1_1f3fe_200d_1f91d_200d_1f9d1_1f3fd/512.png,512,512,147226,3024e39d455d6202274ea68b830da91528c2669f70d8eae08388635c5ad51524
🧑🏾‍🤝‍🧑🏾,Holding Hands,People & Body,1f9d1_1f3fe_200d_1f91d_200d_1f9d1_1f3fe,People Body/holding-hands__1f9d1_1f3fe_200d_1f91d_200d_1f9d1_1f3fe.png,https://fonts.gstatic.com/s/e/noto3demoji/latest/1f9d1_1f3fe_200d_1f91d_200d_1f9d1_1f3fe/512.png,512,512,146124,d2755515f9cc318e5b12a3d587c9188dbd1b948b0fbfa8ffab0df47075d04b94
🧑🏾‍🤝‍🧑🏿,Holding Hands,People & Body,1f9d1_1f3fe_200d_1f91d_200d_1f9d1_1f3ff,People Body/holding-hands__1f9d1_1f3fe_200d_1f91d_200d_1f9d1_1f3ff.png,https://fonts.gstatic.com/s/e/noto3demoji/latest/1f9d1_1f3fe_200d_1f91d_200d_1f9d1_1f3ff/512.png,512,512,145337,bd71e9e8f16992f33fc6225fd333424b8d6740d94333ce275907185fe661c82e
🧑🏿‍🤝‍🧑🏻,Holding Hands,People & Body,1f9d1_1f3ff_200d_1f91d_200d_1f9d1_1f3fb,People Body/holding-hands__1f9d1_1f3ff_200d_1f91d_200d_1f9d1_1f3fb.png,https://fonts.gstatic.com/s/e/noto3demoji/latest/1f9d1_1f3ff_200d_1f91d_200d_1f9d1_1f3fb/512.png,512,512,147766,b5e8d8f51a80641def9013ed56c8eb3ae1848a5a455e3122e02aa2b08865ff38
🧑🏿‍🤝‍🧑🏼,Holding Hands,People & Body,1f9d1_1f3ff_200d_1f91d_200d_1f9d1_1f3fc,People Body/holding-hands__1f9d1_1f3ff_200d_1f91d_200d_1f9d1_1f3fc.png,https://fonts.gstatic.com/s/e/noto3demoji/latest/1f9d1_1f3ff_200d_1f91d_200d_1f9d1_1f3fc/512.png,512,512,147808,0e4fb37c73c340f569175e0af3639b61df8bf1986f89e32eb00c5db8cb113b13
🧑🏿‍🤝‍🧑🏽,Holding Hands,People & Body,1f9d1_1f3ff_200d_1f91d_200d_1f9d1_1f3fd,People Body/holding-hands__1f9d1_1f3ff_200d_1f91d_200d_1f9d1_1f3fd.png,https://fonts.gstatic.com/s/e/noto3demoji/latest/1f9d1_1f3ff_200d_1f91d_200d_1f9d1_1f3fd/512.png,512,512,145876,efaf58767c91257429e2ac31ffdb4db8c0ba7c65d644511725fc70a778068316
🧑🏿‍🤝‍🧑🏾,Holding Hands,People & Body,1f9d1_1f3ff_200d_1f91d_200d_1f9d1_1f3fe,People Body/holding-hands__1f9d1_1f3ff_200d_1f91d_200d_1f9d1_1f3fe.png,https://fonts.gstatic.com/s/e/noto3demoji/latest/1f9d1_1f3ff_200d_1f91d_200d_1f9d1_1f3fe/512.png,512,512,145157,31c5a082ad14395302cb9ee7bd52694bafc17edacd9b418f8b5c9f4b77375b10
🧑🏿‍🤝‍🧑🏿,Holding Hands,People & Body,1f9d1_1f3ff_200d_1f91d_200d_1f9d1_1f3ff,People Body/holding-hands__1f9d1_1f3ff_200d_1f91d_200d_1f9d1_1f3ff.png,https://fonts.gstatic.com/s/e/noto3demoji/latest/1f9d1_1f3ff_200d_1f91d_200d_1f9d1_1f3ff/512.png,512,512,142896,ff592ee8c333f86e703b3d8d001431eed047f73a5a2178c4309852acafbadf31
👭,Holding Hands Women,People & Body,1f46d,People Body/holding-hands-women__1f46d.png,https://fonts.gstatic.com/s/e/noto3demoji/latest/1f46d/512.png,512,512,148198,4a02b00e2ab39599dc199cf599cc1da8c4047b00756a2f1a84dd62d7d940bc2b
👭🏻,Holding Hands Women,People & Body,1f46d_1f3fb,People Body/holding-hands-women__1f46d_1f3fb.png,https://fonts.gstatic.com/s/e/noto3demoji/latest/1f46d_1f3fb/512.png,512,512,150563,574ba3b3d6b34aa45449c2e32371e3478fac7f8e18a2852db68de991219ceca2
👩🏻‍🤝‍👩🏼,Holding Hands Women,People & Body,1f469_1f3fb_200d_1f91d_200d_1f469_1f3fc,People Body/holding-hands-women__1f469_1f3fb_200d_1f91d_200d_1f469_1f3fc.png,https://fonts.gstatic.com/s/e/noto3demoji/latest/1f469_1f3fb_200d_1f91d_200d_1f469_1f3fc/512.png,512,512,151037,75706d11c05d948ae3fc5216f951af0ff2a3da87a0ea39525398f556e1867742
👩🏻‍🤝‍👩🏽,Holding Hands Women,People & Body,1f469_1f3fb_200d_1f91d_200d_1f469_1f3fd,People Body/holding-hands-women__1f469_1f3fb_200d_1f91d_200d_1f469_1f3fd.png,https://fonts.gstatic.com/s/e/noto3demoji/latest/1f469_1f3fb_200d_1f91d_200d_1f469_1f3fd/512.png,512,512,149551,59718eeb5c65715aa4635acf8a1c37cfb89f57d77e2b522e68741e8f3f4e0156
👩🏻‍🤝‍👩🏾,Holding Hands Women,People & Body,1f469_1f3fb_200d_1f91d_200d_1f469_1f3fe,People Body/holding-hands-women__1f469_1f3fb_200d_1f91d_200d_1f469_1f3fe.png,https://fonts.gstatic.com/s/e/noto3demoji/latest/1f469_1f3fb_200d_1f91d_200d_1f469_1f3fe/512.png,512,512,149093,bc5119ac274d267a90746b6d5f772c10fd97c157baea2f07cc10eda5aad592f9
👩🏻‍🤝‍👩🏿,Holding Hands Women,People & Body,1f469_1f3fb_200d_1f91d_200d_1f469_1f3ff,People Body/holding-hands-women__1f469_1f3fb_200d_1f91d_200d_1f469_1f3ff.png,https://fonts.gstatic.com/s/e/noto3demoji/latest/1f469_1f3fb_200d_1f91d_200d_1f469_1f3ff/512.png,512,512,148424,c73b536101ab32d5f669d49d84caee5df28ecde6433f29253bdaf40ba05005a9
👩🏼‍🤝‍👩🏻,Holding Hands Women,People & Body,1f469_1f3fc_200d_1f91d_200d_1f469_1f3fb,People Body/holding-hands-women__1f469_1f3fc_200d_1f91d_200d_1f469_1f3fb.png,https://fonts.gstatic.com/s/e/noto3demoji/latest/1f469_1f3fc_200d_1f91d_200d_1f469_1f3fb/512.png,512,512,150586,b912dbf7bffcce79b2167df246e841919b1d7af6fe6f758728f0a181f3042b42
👭🏼,Holding Hands Women,People & Body,1f46d_1f3fc,People Body/holding-hands-women__1f46d_1f3fc.png,https://fonts.gstatic.com/s/e/noto3demoji/latest/1f46d_1f3fc/512.png,512,512,149338,e47b795432ac655ababd4e1311332dc09d31b4f9c8485add29403feae610ce79
👩🏼‍🤝‍👩🏽,Holding Hands Women,People & Body,1f469_1f3fc_200d_1f91d_200d_1f469_1f3fd,People Body/holding-hands-women__1f469_1f3fc_200d_1f91d_200d_1f469_1f3fd.png,https://fonts.gstatic.com/s/e/noto3demoji/latest/1f469_1f3fc_200d_1f91d_200d_1f469_1f3fd/512.png,512,512,148424,d22f420d1700b1ce0140bfa3d8b8e1d00317a058b67e8a5ed38b124cb6fe2ba4
👩🏼‍🤝‍👩🏾,Holding Hands Women,People & Body,1f469_1f3fc_200d_1f91d_200d_1f469_1f3fe,People Body/holding-hands-women__1f469_1f3fc_200d_1f91d_200d_1f469_1f3fe.png,https://fonts.gstatic.com/s/e/noto3demoji/latest/1f469_1f3fc_200d_1f91d_200d_1f469_1f3fe/512.png,512,512,148257,fbd2f637794755371e6196d823809bf6084b9744a0fb3095d890d3fff7f5206b
👩🏼‍🤝‍👩🏿,Holding Hands Women,People & Body,1f469_1f3fc_200d_1f91d_200d_1f469_1f3ff,People Body/holding-hands-women__1f469_1f3fc_200d_1f91d_200d_1f469_1f3ff.png,https://fonts.gstatic.com/s/e/noto3demoji/latest/1f469_1f3fc_200d_1f91d_200d_1f469_1f3ff/512.png,512,512,147737,a5265ce6a4057a00e454a3d89db49031f1ef7f767aa3d0148d0fc571a1a87ac9
👩🏽‍🤝‍👩🏻,Holding Hands Women,People & Body,1f469_1f3fd_200d_1f91d_200d_1f469_1f3fb,People Body/holding-hands-women__1f469_1f3fd_200d_1f91d_200d_1f469_1f3fb.png,https://fonts.gstatic.com/s/e/noto3demoji/latest/1f469_1f3fd_200d_1f91d_200d_1f469_1f3fb/512.png,512,512,148867,ac6b5e53ac5b62359e41c629eec9ae237faf8dab036c2a9fd8b63888674cfdcd
👩🏽‍🤝‍👩🏼,Holding Hands Women,People & Body,1f469_1f3fd_200d_1f91d_200d_1f469_1f3fc,People Body/holding-hands-women__1f469_1f3fd_200d_1f91d_200d_1f469_1f3fc.png,https://fonts.gstatic.com/s/e/noto3demoji/latest/1f469_1f3fd_200d_1f91d_200d_1f469_1f3fc/512.png,512,512,148191,fe1092a68143e459d6e0e51080d51a72b879d6896592160293fd1708cbc46b09
👭🏽,Holding Hands Women,People & Body,1f46d_1f3fd,People Body/holding-hands-women__1f46d_1f3fd.png,https://fonts.gstatic.com/s/e/noto3demoji/latest/1f46d_1f3fd/512.png,512,512,145822,f1717925e902c00e88a3fa4aa6dd6de0b67bbc35ad60dc2f72dcfcdc0547f983
👩🏽‍🤝‍👩🏾,Holding Hands Women,People & Body,1f469_1f3fd_200d_1f91d_200d_1f469_1f3fe,People Body/holding-hands-women__1f469_1f3fd_200d_1f91d_200d_1f469_1f3fe.png,https://fonts.gstatic.com/s/e/noto3demoji/latest/1f469_1f3fd_200d_1f91d_200d_1f469_1f3fe/512.png,512,512,145897,e2bbed766b816b34187ac57c0f5f85d7b2eefe2e21f170b91c66c62e9c99216f
👩🏽‍🤝‍👩🏿,Holding Hands Women,People & Body,1f469_1f3fd_200d_1f91d_200d_1f469_1f3ff,People Body/holding-hands-women__1f469_1f3fd_200d_1f91d_200d_1f469_1f3ff.png,https://fonts.gstatic.com/s/e/noto3demoji/latest/1f469_1f3fd_200d_1f91d_200d_1f469_1f3ff/512.png,512,512,145543,e31a1045e26c01f2a8d507381fd8ef1531522e1371a5993fcb3e25e6166160c7
👩🏾‍🤝‍👩🏻,Holding Hands Women,People & Body,1f469_1f3fe_200d_1f91d_200d_1f469_1f3fb,People Body/holding-hands-women__1f469_1f3fe_200d_1f91d_200d_1f469_1f3fb.png,https://fonts.gstatic.com/s/e/noto3demoji/latest/1f469_1f3fe_200d_1f91d_200d_1f469_1f3fb/512.png,512,512,149202,28ee2467d454e54e318e4d7719a810e7a6f5c4a7e711a60e476a9e58624a3156
👩🏾‍🤝‍👩🏼,Holding Hands Women,People & Body,1f469_1f3fe_200d_1f91d_200d_1f469_1f3fc,People Body/holding-hands-women__1f469_1f3fe_200d_1f91d_200d_1f469_1f3fc.png,https://fonts.gstatic.com/s/e/noto3demoji/latest/1f469_1f3fe_200d_1f91d_200d_1f469_1f3fc/512.png,512,512,148440,a226808b207e069e3f9e2086507bec72c5406e83e46369628dd8051309054873
👩🏾‍🤝‍👩🏽,Holding Hands Women,People & Body,1f469_1f3fe_200d_1f91d_200d_1f469_1f3fd,People Body/holding-hands-women__1f469_1f3fe_200d_1f91d_200d_1f469_1f3fd.png,https://fonts.gstatic.com/s/e/noto3demoji/latest/1f469_1f3fe_200d_1f91d_200d_1f469_1f3fd/512.png,512,512,146298,a00d67062a493b9352a7aad5725ac0d1dc6e70dd49acbecbfabec85350b70170
👭🏾,Holding Hands Women,People & Body,1f46d_1f3fe,People Body/holding-hands-women__1f46d_1f3fe.png,https://fonts.gstatic.com/s/e/noto3demoji/latest/1f46d_1f3fe/512.png,512,512,145196,c90c405f7a8e40cbcfd9a9c00ec5ed3b6ee5e87d10583c0e60132714adc9f02e
👩🏾‍🤝‍👩🏿,Holding Hands Women,People & Body,1f469_1f3fe_200d_1f91d_200d_1f469_1f3ff,People Body/holding-hands-women__1f469_1f3fe_200d_1f91d_200d_1f469_1f3ff.png,https://fonts.gstatic.com/s/e/noto3demoji/latest/1f469_1f3fe_200d_1f91d_200d_1f469_1f3ff/512.png,512,512,145262,0987d3ecd3555706fa95cd626d7f0dd3893e80b71e679007f24da3d65f2298e3
👩🏿‍🤝‍👩🏻,Holding Hands Women,People & Body,1f469_1f3ff_200d_1f91d_200d_1f469_1f3fb,People Body/holding-hands-women__1f469_1f3ff_200d_1f91d_200d_1f469_1f3fb.png,https://fonts.gstatic.com/s/e/noto3demoji/latest/1f469_1f3ff_200d_1f91d_200d_1f469_1f3fb/512.png,512,512,147461,35dafef4677606f5d97c038ee81ec313d3a59c711f89dbf056ceb87f0b421055
👩🏿‍🤝‍👩🏼,Holding Hands Women,People & Body,1f469_1f3ff_200d_1f91d_200d_1f469_1f3fc,People Body/holding-hands-women__1f469_1f3ff_200d_1f91d_200d_1f469_1f3fc.png,https://fonts.gstatic.com/s/e/noto3demoji/latest/1f469_1f3ff_200d_1f91d_200d_1f469_1f3fc/512.png,512,512,147099,9f5a32de81061d12ac2f37b8d0c56007a21969990d5d2c3563638704ae829332
👩🏿‍🤝‍👩🏽,Holding Hands Women,People & Body,1f469_1f3ff_200d_1f91d_200d_1f469_1f3fd,People Body/holding-hands-women__1f469_1f3ff_200d_1f91d_200d_1f469_1f3fd.png,https://fonts.gstatic.com/s/e/noto3demoji/latest/1f469_1f3ff_200d_1f91d_200d_1f469_1f3fd/512.png,512,512,145167,a9f8037f06e53e7f554c47c0fe994c078bf3d036f7e587b00e89c87afeb9476a
👩🏿‍🤝‍👩🏾,Holding Hands Women,People & Body,1f469_1f3ff_200d_1f91d_200d_1f469_1f3fe,People Body/holding-hands-women__1f469_1f3ff_200d_1f91d_200d_1f469_1f3fe.png,https://fonts.gstatic.com/s/e/noto3demoji/latest/1f469_1f3ff_200d_1f91d_200d_1f469_1f3fe/512.png,512,512,144397,a1d02168edadd52a27eba0dad058c66c2623add8cd76c6a1aa373f11ba86a381
👭🏿,Holding Hands Women,People & Body,1f46d_1f3ff,People Body/holding-hands-women__1f46d_1f3ff.png,https://fonts.gstatic.com/s/e/noto3demoji/latest/1f46d_1f3ff/512.png,512,512,143047,c491f53ddf302fa86d558d8463b635fbc46d769b7b967f78adf7f9dfecbbbf72
👫,Holding Hands Woman And Man,People & Body,1f46b,People Body/holding-hands-woman-and-man__1f46b.png,https://fonts.gstatic.com/s/e/noto3demoji/latest/1f46b/512.png,512,512,141897,45d7dcb5ba8368e9c054b4e0fd5775316dbcbe387a4a2da4f28aeec157f8a5f8
👫🏻,Holding Hands Woman And Man,People & Body,1f46b_1f3fb,People Body/holding-hands-woman-and-man__1f46b_1f3fb.png,https://fonts.gstatic.com/s/e/noto3demoji/latest/1f46b_1f3fb/512.png,512,512,143614,63b609094901fddc233bd355b52a5bbfcf83cb45014e2bcdd9e1c5d688901ca2
👩🏻‍🤝‍👨🏼,Holding Hands Woman And Man,People & Body,1f469_1f3fb_200d_1f91d_200d_1f468_1f3fc,People Body/holding-hands-woman-and-man__1f469_1f3fb_200d_1f91d_200d_1f468_1f3fc.png,https://fonts.gstatic.com/s/e/noto3demoji/latest/1f469_1f3fb_200d_1f91d_200d_1f468_1f3fc/512.png,512,512,143440,9884b55ddb7042a10bcd1cd2ffa85e861dab7ecdcc063530a778e0fcfb58010e
👩🏻‍🤝‍👨🏽,Holding Hands Woman And Man,People & Body,1f469_1f3fb_200d_1f91d_200d_1f468_1f3fd,People Body/holding-hands-woman-and-man__1f469_1f3fb_200d_1f91d_200d_1f468_1f3fd.png,https://fonts.gstatic.com/s/e/noto3demoji/latest/1f469_1f3fb_200d_1f91d_200d_1f468_1f3fd/512.png,512,512,142635,0eef35e478344e2f489ca78b6e75a46502512e839b13023cb8b17ab7a6e3f08b
👩🏻‍🤝‍👨🏾,Holding Hands Woman And Man,People & Body,1f469_1f3fb_200d_1f91d_200d_1f468_1f3fe,People Body/holding-hands-woman-and-man__1f469_1f3fb_200d_1f91d_200d_1f468_1f3fe.png,https://fonts.gstatic.com/s/e/noto3demoji/latest/1f469_1f3fb_200d_1f91d_200d_1f468_1f3fe/512.png,512,512,142476,8e96e27f44ccf1590e9130b16093019dd74c43c916a99588117eda642683e7cc
👩🏻‍🤝‍👨🏿,Holding Hands Woman And Man,People & Body,1f469_1f3fb_200d_1f91d_200d_1f468_1f3ff,People Body/holding-hands-woman-and-man__1f469_1f3fb_200d_1f91d_200d_1f468_1f3ff.png,https://fonts.gstatic.com/s/e/noto3demoji/latest/1f469_1f3fb_200d_1f91d_200d_1f468_1f3ff/512.png,512,512,141600,cfff4ab5b54bee56dd5381fef1cd8714c17ecc47859ad073bd74561b6cde768d
👩🏼‍🤝‍👨🏻,Holding Hands Woman And Man,People & Body,1f469_1f3fc_200d_1f91d_200d_1f468_1f3fb,People Body/holding-hands-woman-and-man__1f469_1f3fc_200d_1f91d_200d_1f468_1f3fb.png,https://fonts.gstatic.com/s/e/noto3demoji/latest/1f469_1f3fc_200d_1f91d_200d_1f468_1f3fb/512.png,512,512,144020,5af181ee88bfacb2e00aa947142209c6de3cb7de783bfde92881121c84b4a8bc
👫🏼,Holding Hands Woman And Man,People & Body,1f46b_1f3fc,People Body/holding-hands-woman-and-man__1f46b_1f3fc.png,https://fonts.gstatic.com/s/e/noto3demoji/latest/1f46b_1f3fc/512.png,512,512,143033,0d4dc2ee2efe6fa29035029406f6d0a85aeea196717e452cfa7b5791165c276b
👩🏼‍🤝‍👨🏽,Holding Hands Woman And Man,People & Body,1f469_1f3fc_200d_1f91d_200d_1f468_1f3fd,People Body/holding-hands-woman-and-man__1f469_1f3fc_200d_1f91d_200d_1f468_1f3fd.png,https://fonts.gstatic.com/s/e/noto3demoji/latest/1f469_1f3fc_200d_1f91d_200d_1f468_1f3fd/512.png,512,512,142403,b9ed4ee2bdc778d25431b2accf3d040bb8bfe8326836e0cf4799270da33a3b14
👩🏼‍🤝‍👨🏾,Holding Hands Woman And Man,People & Body,1f469_1f3fc_200d_1f91d_200d_1f468_1f3fe,People Body/holding-hands-woman-and-man__1f469_1f3fc_200d_1f91d_200d_1f468_1f3fe.png,https://fonts.gstatic.com/s/e/noto3demoji/latest/1f469_1f3fc_200d_1f91d_200d_1f468_1f3fe/512.png,512,512,142295,a3b680047d1374e40b55b8b209a1a5ff9a4bb0d6cdb75a964578f4a7896fe361
👩🏼‍🤝‍👨🏿,Holding Hands Woman And Man,People & Body,1f469_1f3fc_200d_1f91d_200d_1f468_1f3ff,People Body/holding-hands-woman-and-man__1f469_1f3fc_200d_1f91d_200d_1f468_1f3ff.png,https://fonts.gstatic.com/s/e/noto3demoji/latest/1f469_1f3fc_200d_1f91d_200d_1f468_1f3ff/512.png,512,512,141541,b20138394a30187ec4ec7cb9a7146753d15f1542420dbbc3c58fcb90986a5ac2
👩🏽‍🤝‍👨🏻,Holding Hands Woman And Man,People & Body,1f469_1f3fd_200d_1f91d_200d_1f468_1f3fb,People Body/holding-hands-woman-and-man__1f469_1f3fd_200d_1f91d_200d_1f468_1f3fb.png,https://fonts.gstatic.com/s/e/noto3demoji/latest/1f469_1f3fd_200d_1f91d_200d_1f468_1f3fb/512.png,512,512,142630,d720c1e372dfacbba3c71d9d8f6c45c06d342e4c9b5755e83cd8b5967f94a5fd
👩🏽‍🤝‍👨🏼,Holding Hands Woman And Man,People & Body,1f469_1f3fd_200d_1f91d_200d_1f468_1f3fc,People Body/holding-hands-woman-and-man__1f469_1f3fd_200d_1f91d_200d_1f468_1f3fc.png,https://fonts.gstatic.com/s/e/noto3demoji/latest/1f469_1f3fd_200d_1f91d_200d_1f468_1f3fc/512.png,512,512,141677,5d30908c808b3b3d8bdb14d2e7bccb892c66cb2c4b3bcb6e38ae64a2cc904867
👫🏽,Holding Hands Woman And Man,People & Body,1f46b_1f3fd,People Body/holding-hands-woman-and-man__1f46b_1f3fd.png,https://fonts.gstatic.com/s/e/noto3demoji/latest/1f46b_1f3fd/512.png,512,512,140205,81933b19108f70309494cf9b7bb92cca3e60ae9de932274bc8f1cc5c56e08264
👩🏽‍🤝‍👨🏾,Holding Hands Woman And Man,People & Body,1f469_1f3fd_200d_1f91d_200d_1f468_1f3fe,People Body/holding-hands-woman-and-man__1f469_1f3fd_200d_1f91d_200d_1f468_1f3fe.png,https://fonts.gstatic.com/s/e/noto3demoji/latest/1f469_1f3fd_200d_1f91d_200d_1f468_1f3fe/512.png,512,512,140337,77ebc6bdb1d1319f75f01ad3b3eabc2448b6988b5614071acad9b463c9f70894
👩🏽‍🤝‍👨🏿,Holding Hands Woman And Man,People & Body,1f469_1f3fd_200d_1f91d_200d_1f468_1f3ff,People Body/holding-hands-woman-and-man__1f469_1f3fd_200d_1f91d_200d_1f468_1f3ff.png,https://fonts.gstatic.com/s/e/noto3demoji/latest/1f469_1f3fd_200d_1f91d_200d_1f468_1f3ff/512.png,512,512,139661,70abdd9a13ccc81cd6af7c9f3d9dd63977348b6e6d91180afd35db715249c145
👩🏾‍🤝‍👨🏻,Holding Hands Woman And Man,People & Body,1f469_1f3fe_200d_1f91d_200d_1f468_1f3fb,People Body/holding-hands-woman-and-man__1f469_1f3fe_200d_1f91d_200d_1f468_1f3fb.png,https://fonts.gstatic.com/s/e/noto3demoji/latest/1f469_1f3fe_200d_1f91d_200d_1f468_1f3fb/512.png,512,512,142999,df3fca7812d3c1d4da5e13e99619ea3f93b5d6db45427bd288aa1ff052b4780c
👩🏾‍🤝‍👨🏼,Holding Hands Woman And Man,People & Body,1f469_1f3fe_200d_1f91d_200d_1f468_1f3fc,People Body/holding-hands-woman-and-man__1f469_1f3fe_200d_1f91d_200d_1f468_1f3fc.png,https://fonts.gstatic.com/s/e/noto3demoji/latest/1f469_1f3fe_200d_1f91d_200d_1f468_1f3fc/512.png,512,512,141970,01ba10923d108565e7e5d6bb36e52a42e2628a9fd3545ec9ac144f50f58ee38e
👩🏾‍🤝‍👨🏽,Holding Hands Woman And Man,People & Body,1f469_1f3fe_200d_1f91d_200d_1f468_1f3fd,People Body/holding-hands-woman-and-man__1f469_1f3fe_200d_1f91d_200d_1f468_1f3fd.png,https://fonts.gstatic.com/s/e/noto3demoji/latest/1f469_1f3fe_200d_1f91d_200d_1f468_1f3fd/512.png,512,512,140788,cfb90e09ac616093c7f1617c9d8d5d136ca3aa32692acd34bbdd387864ba45f2
👫🏾,Holding Hands Woman And Man,People & Body,1f46b_1f3fe,People Body/holding-hands-woman-and-man__1f46b_1f3fe.png,https://fonts.gstatic.com/s/e/noto3demoji/latest/1f46b_1f3fe/512.png,512,512,139779,537893ca307df1b21f736d1a0b583f660e46fc8a709ca5451f1248e59ccc7343
👩🏾‍🤝‍👨🏿,Holding Hands Woman And Man,People & Body,1f469_1f3fe_200d_1f91d_200d_1f468_1f3ff,People Body/holding-hands-woman-and-man__1f469_1f3fe_200d_1f91d_200d_1f468_1f3ff.png,https://fonts.gstatic.com/s/e/noto3demoji/latest/1f469_1f3fe_200d_1f91d_200d_1f468_1f3ff/512.png,512,512,139522,16bfd8d7aef45b7449e144e2e01d63df8cdd9d75d111b2d240b03646140700f0
👩🏿‍🤝‍👨🏻,Holding Hands Woman And Man,People & Body,1f469_1f3ff_200d_1f91d_200d_1f468_1f3fb,People Body/holding-hands-woman-and-man__1f469_1f3ff_200d_1f91d_200d_1f468_1f3fb.png,https://fonts.gstatic.com/s/e/noto3demoji/latest/1f469_1f3ff_200d_1f91d_200d_1f468_1f3fb/512.png,512,512,141467,ce3b24513bc6b020a14be030a64d90ff8197bfe14ea74a4fa7e12074d4c0afa3
👩🏿‍🤝‍👨🏼,Holding Hands Woman And Man,People & Body,1f469_1f3ff_200d_1f91d_200d_1f468_1f3fc,People Body/holding-hands-woman-and-man__1f469_1f3ff_200d_1f91d_200d_1f468_1f3fc.png,https://fonts.gstatic.com/s/e/noto3demoji/latest/1f469_1f3ff_200d_1f91d_200d_1f468_1f3fc/512.png,512,512,140346,b3a426c9901bf512930c1ea3472e00244fc6193ca13dc1d8dc087ee411ab23b5
👩🏿‍🤝‍👨🏽,Holding Hands Woman And Man,People & Body,1f469_1f3ff_200d_1f91d_200d_1f468_1f3fd,People Body/holding-hands-woman-and-man__1f469_1f3ff_200d_1f91d_200d_1f468_1f3fd.png,https://fonts.gstatic.com/s/e/noto3demoji/latest/1f469_1f3ff_200d_1f91d_200d_1f468_1f3fd/512.png,512,512,139189,b3ddb06032ce9ef72202cd67d17569989aa46116772a9e1f471342d5f8e533d5
👩🏿‍🤝‍👨🏾,Holding Hands Woman And Man,People & Body,1f469_1f3ff_200d_1f91d_200d_1f468_1f3fe,People Body/holding-hands-woman-and-man__1f469_1f3ff_200d_1f91d_200d_1f468_1f3fe.png,https://fonts.gstatic.com/s/e/noto3demoji/latest/1f469_1f3ff_200d_1f91d_200d_1f468_1f3fe/512.png,512,512,138685,6b114b4301a817ccdff87b673786d95a05d983d9b8131fa5146b34993d8d2017
👫🏿,Holding Hands Woman And Man,People & Body,1f46b_1f3ff,People Body/holding-hands-woman-and-man__1f46b_1f3ff.png,https://fonts.gstatic.com/s/e/noto3demoji/latest/1f46b_1f3ff/512.png,512,512,137450,95d215e4218787a27026d3f2b5e6e1659047800a4a7a143076fc67a2115092a5
👬,Holding Hands Men,People & Body,1f46c,People Body/holding-hands-men__1f46c.png,https://fonts.gstatic.com/s/e/noto3demoji/latest/1f46c/512.png,512,512,133104,1a91ea751c9f3caf5c92f4dd966d05b6ce7dec414a915286eff3399dbb2ad185
👬🏻,Holding Hands Men,People & Body,1f46c_1f3fb,People Body/holding-hands-men__1f46c_1f3fb.png,https://fonts.gstatic.com/s/e/noto3demoji/latest/1f46c_1f3fb/512.png,512,512,135446,4eaeb0e2f5f17dbe3cf7f74d889668369c7d0458ae0d01992bb07c6ef262bd27
👨🏻‍🤝‍👨🏼,Holding Hands Men,People & Body,1f468_1f3fb_200d_1f91d_200d_1f468_1f3fc,People Body/holding-hands-men__1f468_1f3fb_200d_1f91d_200d_1f468_1f3fc.png,https://fonts.gstatic.com/s/e/noto3demoji/latest/1f468_1f3fb_200d_1f91d_200d_1f468_1f3fc/512.png,512,512,135189,943926a027fd30f0974a00a31a8408aa65a6f89d71526facaf785fbdffc085a5
👨🏻‍🤝‍👨🏽,Holding Hands Men,People & Body,1f468_1f3fb_200d_1f91d_200d_1f468_1f3fd,People Body/holding-hands-men__1f468_1f3fb_200d_1f91d_200d_1f468_1f3fd.png,https://fonts.gstatic.com/s/e/noto3demoji/latest/1f468_1f3fb_200d_1f91d_200d_1f468_1f3fd/512.png,512,512,134590,440560a26d72d47535ebb271a1f8d2a2ab52071378c18951dd0afa557a5c100a
👨🏻‍🤝‍👨🏾,Holding Hands Men,People & Body,1f468_1f3fb_200d_1f91d_200d_1f468_1f3fe,People Body/holding-hands-men__1f468_1f3fb_200d_1f91d_200d_1f468_1f3fe.png,https://fonts.gstatic.com/s/e/noto3demoji/latest/1f468_1f3fb_200d_1f91d_200d_1f468_1f3fe/512.png,512,512,134199,ee81a2442eb66dae4a20c1d3223f11883d9d29c250fae178d951debc8998da45
👨🏻‍🤝‍👨🏿,Holding Hands Men,People & Body,1f468_1f3fb_200d_1f91d_200d_1f468_1f3ff,People Body/holding-hands-men__1f468_1f3fb_200d_1f91d_200d_1f468_1f3ff.png,https://fonts.gstatic.com/s/e/noto3demoji/latest/1f468_1f3fb_200d_1f91d_200d_1f468_1f3ff/512.png,512,512,133463,964430c0aaaa699453e351c7b393604ff4832813033b0b0c214e33af22a26232
👨🏼‍🤝‍👨🏻,Holding Hands Men,People & Body,1f468_1f3fc_200d_1f91d_200d_1f468_1f3fb,People Body/holding-hands-men__1f468_1f3fc_200d_1f91d_200d_1f468_1f3fb.png,https://fonts.gstatic.com/s/e/noto3demoji/latest/1f468_1f3fc_200d_1f91d_200d_1f468_1f3fb/512.png,512,512,134965,d89d9e2f25ee3ee96aa4e2946a2abcce809c62fdc2cd20d26c561e99c57d4417
👬🏼,Holding Hands Men,People & Body,1f46c_1f3fc,People Body/holding-hands-men__1f46c_1f3fc.png,https://fonts.gstatic.com/s/e/noto3demoji/latest/1f46c_1f3fc/512.png,512,512,133496,5d8dcfd7f5b07669b054c127927c755522124f465a800c38ab5e0decbb13539f
👨🏼‍🤝‍👨🏽,Holding Hands Men,People & Body,1f468_1f3fc_200d_1f91d_200d_1f468_1f3fd,People Body/holding-hands-men__1f468_1f3fc_200d_1f91d_200d_1f468_1f3fd.png,https://fonts.gstatic.com/s/e/noto3demoji/latest/1f468_1f3fc_200d_1f91d_200d_1f468_1f3fd/512.png,512,512,133331,54f132265be2b21ee9c015d77578598fef44d3841f5c078224c120a374981371
👨🏼‍🤝‍👨🏾,Holding Hands Men,People & Body,1f468_1f3fc_200d_1f91d_200d_1f468_1f3fe,People Body/holding-hands-men__1f468_1f3fc_200d_1f91d_200d_1f468_1f3fe.png,https://fonts.gstatic.com/s/e/noto3demoji/latest/1f468_1f3fc_200d_1f91d_200d_1f468_1f3fe/512.png,512,512,132969,8ce8d93164b1c62002ae2d918a01f7489835a6683d31d9e1abf426835e7a8e92
👨🏼‍🤝‍👨🏿,Holding Hands Men,People & Body,1f468_1f3fc_200d_1f91d_200d_1f468_1f3ff,People Body/holding-hands-men__1f468_1f3fc_200d_1f91d_200d_1f468_1f3ff.png,https://fonts.gstatic.com/s/e/noto3demoji/latest/1f468_1f3fc_200d_1f91d_200d_1f468_1f3ff/512.png,512,512,132515,53f0b58619990c363a396b74dff6b6dd3bc0c26e56cc765caf74457a8192ee29
👨🏽‍🤝‍👨🏻,Holding Hands Men,People & Body,1f468_1f3fd_200d_1f91d_200d_1f468_1f3fb,People Body/holding-hands-men__1f468_1f3fd_200d_1f91d_200d_1f468_1f3fb.png,https://fonts.gstatic.com/s/e/noto3demoji/latest/1f468_1f3fd_200d_1f91d_200d_1f468_1f3fb/512.png,512,512,133903,074d61cbbb15673beb6a7ddc3a333221f582d7af9de5aa612fa11193df5103e7
👨🏽‍🤝‍👨🏼,Holding Hands Men,People & Body,1f468_1f3fd_200d_1f91d_200d_1f468_1f3fc,People Body/holding-hands-men__1f468_1f3fd_200d_1f91d_200d_1f468_1f3fc.png,https://fonts.gstatic.com/s/e/noto3demoji/latest/1f468_1f3fd_200d_1f91d_200d_1f468_1f3fc/512.png,512,512,132816,6db31d3e6b252e25f9f26f2ca0f451769888540c117176dbfb1fc8b83910fdfa
👬🏽,Holding Hands Men,People & Body,1f46c_1f3fd,People Body/holding-hands-men__1f46c_1f3fd.png,https://fonts.gstatic.com/s/e/noto3demoji/latest/1f46c_1f3fd/512.png,512,512,131305,2582576519c38d8cf19eb6e4f8d82cc5ae44b37ac725c3c67e8fb1b56ad19ada
👨🏽‍🤝‍👨🏾,Holding Hands Men,People & Body,1f468_1f3fd_200d_1f91d_200d_1f468_1f3fe,People Body/holding-hands-men__1f468_1f3fd_200d_1f91d_200d_1f468_1f3fe.png,https://fonts.gstatic.com/s/e/noto3demoji/latest/1f468_1f3fd_200d_1f91d_200d_1f468_1f3fe/512.png,512,512,131299,000c207d5665acdd0d0ee95c69e76b2302dc0a1f9c53783ccdb3568a76775373
👨🏽‍🤝‍👨🏿,Holding Hands Men,People & Body,1f468_1f3fd_200d_1f91d_200d_1f468_1f3ff,People Body/holding-hands-men__1f468_1f3fd_200d_1f91d_200d_1f468_1f3ff.png,https://fonts.gstatic.com/s/e/noto3demoji/latest/1f468_1f3fd_200d_1f91d_200d_1f468_1f3ff/512.png,512,512,130823,63b4796a3fcbc66712e40ac9dad1e81debd3d1497954fa3d483eb60608fb59bf
👨🏾‍🤝‍👨🏻,Holding Hands Men,People & Body,1f468_1f3fe_200d_1f91d_200d_1f468_1f3fb,People Body/holding-hands-men__1f468_1f3fe_200d_1f91d_200d_1f468_1f3fb.png,https://fonts.gstatic.com/s/e/noto3demoji/latest/1f468_1f3fe_200d_1f91d_200d_1f468_1f3fb/512.png,512,512,134565,7351d16d75206a56a7a08f96358f328772c82de77f05ab492bfa93dd92955a2b
👨🏾‍🤝‍👨🏼,Holding Hands Men,People & Body,1f468_1f3fe_200d_1f91d_200d_1f468_1f3fc,People Body/holding-hands-men__1f468_1f3fe_200d_1f91d_200d_1f468_1f3fc.png,https://fonts.gstatic.com/s/e/noto3demoji/latest/1f468_1f3fe_200d_1f91d_200d_1f468_1f3fc/512.png,512,512,133350,c0bd56e604153a01787c1c01c28022ed96a91c5c95888df0a7463c4058f28572
👨🏾‍🤝‍👨🏽,Holding Hands Men,People & Body,1f468_1f3fe_200d_1f91d_200d_1f468_1f3fd,People Body/holding-hands-men__1f468_1f3fe_200d_1f91d_200d_1f468_1f3fd.png,https://fonts.gstatic.com/s/e/noto3demoji/latest/1f468_1f3fe_200d_1f91d_200d_1f468_1f3fd/512.png,512,512,132353,958c72d68657965b2da7c8f6f21dd941b6a4c597767d3acb53f3678fb6800735
👬🏾,Holding Hands Men,People & Body,1f46c_1f3fe,People Body/holding-hands-men__1f46c_1f3fe.png,https://fonts.gstatic.com/s/e/noto3demoji/latest/1f46c_1f3fe/512.png,512,512,131153,6d18334ad9a58e9a50769cc2aa6b12c8579f6eaf398f890fcc16fcd2c9438766
👨🏾‍🤝‍👨🏿,Holding Hands Men,People & Body,1f468_1f3fe_200d_1f91d_200d_1f468_1f3ff,People Body/holding-hands-men__1f468_1f3fe_200d_1f91d_200d_1f468_1f3ff.png,https://fonts.gstatic.com/s/e/noto3demoji/latest/1f468_1f3fe_200d_1f91d_200d_1f468_1f3ff/512.png,512,512,131034,e108697bdb5b67a0ab2de41d0686faa670d5da85e704e70ea80fc10ac1a5ddfa
👨🏿‍🤝‍👨🏻,Holding Hands Men,People & Body,1f468_1f3ff_200d_1f91d_200d_1f468_1f3fb,People Body/holding-hands-men__1f468_1f3ff_200d_1f91d_200d_1f468_1f3fb.png,https://fonts.gstatic.com/s/e/noto3demoji/latest/1f468_1f3ff_200d_1f91d_200d_1f468_1f3fb/512.png,512,512,133134,74a5127f9287e4d3d9ff10706ec967d86c8441b59439206d3f0efe277360d0c4
👨🏿‍🤝‍👨🏼,Holding Hands Men,People & Body,1f468_1f3ff_200d_1f91d_200d_1f468_1f3fc,People Body/holding-hands-men__1f468_1f3ff_200d_1f91d_200d_1f468_1f3fc.png,https://fonts.gstatic.com/s/e/noto3demoji/latest/1f468_1f3ff_200d_1f91d_200d_1f468_1f3fc/512.png,512,512,132088,b177b22aee227188d97e72b17d8b96ce0751529d0c71394a7c0b08e0be5654c1
👨🏿‍🤝‍👨🏽,Holding Hands Men,People & Body,1f468_1f3ff_200d_1f91d_200d_1f468_1f3fd,People Body/holding-hands-men__1f468_1f3ff_200d_1f91d_200d_1f468_1f3fd.png,https://fonts.gstatic.com/s/e/noto3demoji/latest/1f468_1f3ff_200d_1f91d_200d_1f468_1f3fd/512.png,512,512,130899,d2c223f28c793d0fa27f9c940f84f8c4cc1360648e980aa4aca0b36fb04adf5c
👨🏿‍🤝‍👨🏾,Holding Hands Men,People & Body,1f468_1f3ff_200d_1f91d_200d_1f468_1f3fe,People Body/holding-hands-men__1f468_1f3ff_200d_1f91d_200d_1f468_1f3fe.png,https://fonts.gstatic.com/s/e/noto3demoji/latest/1f468_1f3ff_200d_1f91d_200d_1f468_1f3fe/512.png,512,512,130281,175506b053dc01817939a3623089ad36c6b819b5719a62c7b86c941c5ce53628
👬🏿,Holding Hands Men,People & Body,1f46c_1f3ff,People Body/holding-hands-men__1f46c_1f3ff.png,https://fonts.gstatic.com/s/e/noto3demoji/latest/1f46c_1f3ff/512.png,512,512,129124,03cb2aa8f139194d15e607a1b5c6bc14834a10c800bf6a8ff936b5bfe18646ec
💏,Kiss People,People & Body,1f48f,People Body/kiss-people__1f48f.png,https://fonts.gstatic.com/s/e/noto3demoji/latest/1f48f/512.png,512,512,167571,3eec9cb8c57905c16fa0b754c8a493ab896be2ab44c7d2bf5e07e2cd50ef5b19
💏🏻,Kiss People,People & Body,1f48f_1f3fb,People Body/kiss-people__1f48f_1f3fb.png,https://fonts.gstatic.com/s/e/noto3demoji/latest/1f48f_1f3fb/512.png,512,512,182877,395e44af7f17fff701ce216954a297cd83d74b4cdcc26ed57923bc4999fe7613
💏🏼,Kiss People,People & Body,1f48f_1f3fc,People Body/kiss-people__1f48f_1f3fc.png,https://fonts.gstatic.com/s/e/noto3demoji/latest/1f48f_1f3fc/512.png,512,512,184285,4b90af4e4dab8b327c9e45252a885bb482d290500466e66bad880d2d70c68a05
💏🏽,Kiss People,People & Body,1f48f_1f3fd,People Body/kiss-people__1f48f_1f3fd.png,https://fonts.gstatic.com/s/e/noto3demoji/latest/1f48f_1f3fd/512.png,512,512,173943,58ba5f9e2e42901c2d57cb85315da9423fd6574be71cd43d8a3f78ac8be9961c
💏🏾,Kiss People,People & Body,1f48f_1f3fe,People Body/kiss-people__1f48f_1f3fe.png,https://fonts.gstatic.com/s/e/noto3demoji/latest/1f48f_1f3fe/512.png,512,512,174439,5be5d7b7d9b4007ac1aa32bd1c87461d6b04d4765492463e9b53e746030bff4b
💏🏿,Kiss People,People & Body,1f48f_1f3ff,People Body/kiss-people__1f48f_1f3ff.png,https://fonts.gstatic.com/s/e/noto3demoji/latest/1f48f_1f3ff/512.png,512,512,168474,4c473fedc6b40a3f92eaa7e50edd585c7344e2c14810d694be361709337311b8
🧑🏻‍❤‍💋‍🧑🏼,Kiss People,People & Body,1f9d1_1f3fb_200d_2764_200d_1f48b_200d_1f9d1_1f3fc,People Body/kiss-people__1f9d1_1f3fb_200d_2764_200d_1f48b_200d_1f9d1_1f3fc.png,https://fonts.gstatic.com/s/e/noto3demoji/latest/1f9d1_1f3fb_200d_2764_200d_1f48b_200d_1f9d1_1f3fc/512.png,512,512,185710,af9b7ded714cd8f9a92ef4839f05648f748ff2da21f7bedfadd65fe65d4784e1
🧑🏻‍❤‍💋‍🧑🏽,Kiss People,People & Body,1f9d1_1f3fb_200d_2764_200d_1f48b_200d_1f9d1_1f3fd,People Body/kiss-people__1f9d1_1f3fb_200d_2764_200d_1f48b_200d_1f9d1_1f3fd.png,https://fonts.gstatic.com/s/e/noto3demoji/latest/1f9d1_1f3fb_200d_2764_200d_1f48b_200d_1f9d1_1f3fd/512.png,512,512,180276,7eb33ea912237cd91febcde2959d45207131278ec0a83a090d19cef5925cc37d
🧑🏻‍❤‍💋‍🧑🏾,Kiss People,People & Body,1f9d1_1f3fb_200d_2764_200d_1f48b_200d_1f9d1_1f3fe,People Body/kiss-people__1f9d1_1f3fb_200d_2764_200d_1f48b_200d_1f9d1_1f3fe.png,https://fonts.gstatic.com/s/e/noto3demoji/latest/1f9d1_1f3fb_200d_2764_200d_1f48b_200d_1f9d1_1f3fe/512.png,512,512,180654,679b20daafb937af73a7fce6d0011a49b0fba2abf288aba5f5bae76aaa1a9802
🧑🏻‍❤‍💋‍🧑🏿,Kiss People,People & Body,1f9d1_1f3fb_200d_2764_200d_1f48b_200d_1f9d1_1f3ff,People Body/kiss-people__1f9d1_1f3fb_200d_2764_200d_1f48b_200d_1f9d1_1f3ff.png,https://fonts.gstatic.com/s/e/noto3demoji/latest/1f9d1_1f3fb_200d_2764_200d_1f48b_200d_1f9d1_1f3ff/512.png,512,512,177789,2ca7ac54cc91ec982f5a67403544ff4f3973ceddc9d7d2f27149e176c227d42b
🧑🏼‍❤‍💋‍🧑🏻,Kiss People,People & Body,1f9d1_1f3fc_200d_2764_200d_1f48b_200d_1f9d1_1f3fb,People Body/kiss-people__1f9d1_1f3fc_200d_2764_200d_1f48b_200d_1f9d1_1f3fb.png,https://fonts.gstatic.com/s/e/noto3demoji/latest/1f9d1_1f3fc_200d_2764_200d_1f48b_200d_1f9d1_1f3fb/512.png,512,512,183820,a5cc8c2c5728aabc71bf1299931264d321bb02fc8eb1a5f420743d897706c568
🧑🏼‍❤‍💋‍🧑🏽,Kiss People,People & Body,1f9d1_1f3fc_200d_2764_200d_1f48b_200d_1f9d1_1f3fd,People Body/kiss-people__1f9d1_1f3fc_200d_2764_200d_1f48b_200d_1f9d1_1f3fd.png,https://fonts.gstatic.com/s/e/noto3demoji/latest/1f9d1_1f3fc_200d_2764_200d_1f48b_200d_1f9d1_1f3fd/512.png,512,512,179768,4d0b7d2a09942b04b8511be9ffcf0c34f0b1dac227b38a78bc2442f475bd90cd
🧑🏼‍❤‍💋‍🧑🏾,Kiss People,People & Body,1f9d1_1f3fc_200d_2764_200d_1f48b_200d_1f9d1_1f3fe,People Body/kiss-people__1f9d1_1f3fc_200d_2764_200d_1f48b_200d_1f9d1_1f3fe.png,https://fonts.gstatic.com/s/e/noto3demoji/latest/1f9d1_1f3fc_200d_2764_200d_1f48b_200d_1f9d1_1f3fe/512.png,512,512,180062,e9db64c837616d9a1ded0656c730ed282a70d4c5e3219aded75af6cb0b3c4ce8
🧑🏼‍❤‍💋‍🧑🏿,Kiss People,People & Body,1f9d1_1f3fc_200d_2764_200d_1f48b_200d_1f9d1_1f3ff,People Body/kiss-people__1f9d1_1f3fc_200d_2764_200d_1f48b_200d_1f9d1_1f3ff.png,https://fonts.gstatic.com/s/e/noto3demoji/latest/1f9d1_1f3fc_200d_2764_200d_1f48b_200d_1f9d1_1f3ff/512.png,512,512,177425,083418add0599158c9e217d092cc019986f4b7dac4d867415777387044fc78dc
🧑🏽‍❤‍💋‍🧑🏻,Kiss People,People & Body,1f9d1_1f3fd_200d_2764_200d_1f48b_200d_1f9d1_1f3fb,People Body/kiss-people__1f9d1_1f3fd_200d_2764_200d_1f48b_200d_1f9d1_1f3fb.png,https://fonts.gstatic.com/s/e/noto3demoji/latest/1f9d1_1f3fd_200d_2764_200d_1f48b_200d_1f9d1_1f3fb/512.png,512,512,179559,4272930b5dadfef132f74708662cdf68bd4ac794a788944a2001ab4bf911df5f
🧑🏽‍❤‍💋‍🧑🏼,Kiss People,People & Body,1f9d1_1f3fd_200d_2764_200d_1f48b_200d_1f9d1_1f3fc,People Body/kiss-people__1f9d1_1f3fd_200d_2764_200d_1f48b_200d_1f9d1_1f3fc.png,https://fonts.gstatic.com/s/e/noto3demoji/latest/1f9d1_1f3fd_200d_2764_200d_1f48b_200d_1f9d1_1f3fc/512.png,512,512,180980,62cef5f6eccfd90fa778191d2e952618aba9c9eee5db23eb1a9bc88baf992cdc
🧑🏽‍❤‍💋‍🧑🏾,Kiss People,People & Body,1f9d1_1f3fd_200d_2764_200d_1f48b_200d_1f9d1_1f3fe,People Body/kiss-people__1f9d1_1f3fd_200d_2764_200d_1f48b_200d_1f9d1_1f3fe.png,https://fonts.gstatic.com/s/e/noto3demoji/latest/1f9d1_1f3fd_200d_2764_200d_1f48b_200d_1f9d1_1f3fe/512.png,512,512,175052,00bf6a759de5e6079294d903597e302bb44ed411f4257e5ec14ae1ec6945de20
🧑🏽‍❤‍💋‍🧑🏿,Kiss People,People & Body,1f9d1_1f3fd_200d_2764_200d_1f48b_200d_1f9d1_1f3ff,People Body/kiss-people__1f9d1_1f3fd_200d_2764_200d_1f48b_200d_1f9d1_1f3ff.png,https://fonts.gstatic.com/s/e/noto3demoji/latest/1f9d1_1f3fd_200d_2764_200d_1f48b_200d_1f9d1_1f3ff/512.png,512,512,172637,a8b53fe2ff58b2e43eafbdbea6754759349741245001e53d5c7bfb7e08a5f5d0
🧑🏾‍❤‍💋‍🧑🏻,Kiss People,People & Body,1f9d1_1f3fe_200d_2764_200d_1f48b_200d_1f9d1_1f3fb,People Body/kiss-people__1f9d1_1f3fe_200d_2764_200d_1f48b_200d_1f9d1_1f3fb.png,https://fonts.gstatic.com/s/e/noto3demoji/latest/1f9d1_1f3fe_200d_2764_200d_1f48b_200d_1f9d1_1f3fb/512.png,512,512,179887,8c9a4fb672ea1198bb07ae4184e7cffdc3048015b3c2021dc542217a3331f6b8
🧑🏾‍❤‍💋‍🧑🏼,Kiss People,People & Body,1f9d1_1f3fe_200d_2764_200d_1f48b_200d_1f9d1_1f3fc,People Body/kiss-people__1f9d1_1f3fe_200d_2764_200d_1f48b_200d_1f9d1_1f3fc.png,https://fonts.gstatic.com/s/e/noto3demoji/latest/1f9d1_1f3fe_200d_2764_200d_1f48b_200d_1f9d1_1f3fc/512.png,512,512,181618,564b3b13030f8254da370b64d5c01d49c0e1a740c04cd5232cd5e6a5fce03941
🧑🏾‍❤‍💋‍🧑🏽,Kiss People,People & Body,1f9d1_1f3fe_200d_2764_200d_1f48b_200d_1f9d1_1f3fd,People Body/kiss-people__1f9d1_1f3fe_200d_2764_200d_1f48b_200d_1f9d1_1f3fd.png,https://fonts.gstatic.com/s/e/noto3demoji/latest/1f9d1_1f3fe_200d_2764_200d_1f48b_200d_1f9d1_1f3fd/512.png,512,512,175373,782b2ee54166e60ecbb4a166fcdded6720155daa359b824f91912960b7cc044c
🧑🏾‍❤‍💋‍🧑🏿,Kiss People,People & Body,1f9d1_1f3fe_200d_2764_200d_1f48b_200d_1f9d1_1f3ff,People Body/kiss-people__1f9d1_1f3fe_200d_2764_200d_1f48b_200d_1f9d1_1f3ff.png,https://fonts.gstatic.com/s/e/noto3demoji/latest/1f9d1_1f3fe_200d_2764_200d_1f48b_200d_1f9d1_1f3ff/512.png,512,512,172667,b08da0f6c533dc14f67bf135801d569877d3867d17d07fe9423da9922bdc82a8
🧑🏿‍❤‍💋‍🧑🏻,Kiss People,People & Body,1f9d1_1f3ff_200d_2764_200d_1f48b_200d_1f9d1_1f3fb,People Body/kiss-people__1f9d1_1f3ff_200d_2764_200d_1f48b_200d_1f9d1_1f3fb.png,https://fonts.gstatic.com/s/e/noto3demoji/latest/1f9d1_1f3ff_200d_2764_200d_1f48b_200d_1f9d1_1f3fb/512.png,512,512,177287,74e2c72b214f796cd520373db66b35c1b965d64d9476651ca17aeafcb61a36c7
🧑🏿‍❤‍💋‍🧑🏼,Kiss People,People & Body,1f9d1_1f3ff_200d_2764_200d_1f48b_200d_1f9d1_1f3fc,People Body/kiss-people__1f9d1_1f3ff_200d_2764_200d_1f48b_200d_1f9d1_1f3fc.png,https://fonts.gstatic.com/s/e/noto3demoji/latest/1f9d1_1f3ff_200d_2764_200d_1f48b_200d_1f9d1_1f3fc/512.png,512,512,179118,8151a9b7162f18be0a8089920074179b27759cf8cdde48135f458dc35a150053
🧑🏿‍❤‍💋‍🧑🏽,Kiss People,People & Body,1f9d1_1f3ff_200d_2764_200d_1f48b_200d_1f9d1_1f3fd,People Body/kiss-people__1f9d1_1f3ff_200d_2764_200d_1f48b_200d_1f9d1_1f3fd.png,https://fonts.gstatic.com/s/e/noto3demoji/latest/1f9d1_1f3ff_200d_2764_200d_1f48b_200d_1f9d1_1f3fd/512.png,512,512,173074,6bff40ed7b79982e747c3b7569207e4d6695bb17547762661b3c33e61be5c021
🧑🏿‍❤‍💋‍🧑🏾,Kiss People,People & Body,1f9d1_1f3ff_200d_2764_200d_1f48b_200d_1f9d1_1f3fe,People Body/kiss-people__1f9d1_1f3ff_200d_2764_200d_1f48b_200d_1f9d1_1f3fe.png,https://fonts.gstatic.com/s/e/noto3demoji/latest/1f9d1_1f3ff_200d_2764_200d_1f48b_200d_1f9d1_1f3fe/512.png,512,512,172809,da5b179026e6f32f4ab8d03f3ee72e53df452609d3c422eb9ec561e091de63db
👩‍❤‍💋‍👨,Kiss Woman And Man,People & Body,1f469_200d_2764_200d_1f48b_200d_1f468,People Body/kiss-woman-and-man__1f469_200d_2764_200d_1f48b_200d_1f468.png,https://fonts.gstatic.com/s/e/noto3demoji/latest/1f469_200d_2764_200d_1f48b_200d_1f468/512.png,512,512,169410,dabeca06e0d1100d9ab86512a4c410708723ec5e83dd3133043c12734524e4cc
👩🏻‍❤‍💋‍👨🏻,Kiss Woman And Man,People & Body,1f469_1f3fb_200d_2764_200d_1f48b_200d_1f468_1f3fb,People Body/kiss-woman-and-man__1f469_1f3fb_200d_2764_200d_1f48b_200d_1f468_1f3fb.png,https://fonts.gstatic.com/s/e/noto3demoji/latest/1f469_1f3fb_200d_2764_200d_1f48b_200d_1f468_1f3fb/512.png,512,512,184265,ac2510ab57a878020c81b6ca8388a04721ee9d419392fb22d957a60c9427a472
👩🏻‍❤‍💋‍👨🏼,Kiss Woman And Man,People & Body,1f469_1f3fb_200d_2764_200d_1f48b_200d_1f468_1f3fc,People Body/kiss-woman-and-man__1f469_1f3fb_200d_2764_200d_1f48b_200d_1f468_1f3fc.png,https://fonts.gstatic.com/s/e/noto3demoji/latest/1f469_1f3fb_200d_2764_200d_1f48b_200d_1f468_1f3fc/512.png,512,512,185539,eff421c8b895beff0b53595adb99c7496dc5086a2dace4053a2354a0f4b043a4
👩🏻‍❤‍💋‍👨🏽,Kiss Woman And Man,People & Body,1f469_1f3fb_200d_2764_200d_1f48b_200d_1f468_1f3fd,People Body/kiss-woman-and-man__1f469_1f3fb_200d_2764_200d_1f48b_200d_1f468_1f3fd.png,https://fonts.gstatic.com/s/e/noto3demoji/latest/1f469_1f3fb_200d_2764_200d_1f48b_200d_1f468_1f3fd/512.png,512,512,181374,9be782e1fd82851ecb573691e9392ac0b721f7421836f17c7c715eb7ec38310a
👩🏻‍❤‍💋‍👨🏾,Kiss Woman And Man,People & Body,1f469_1f3fb_200d_2764_200d_1f48b_200d_1f468_1f3fe,People Body/kiss-woman-and-man__1f469_1f3fb_200d_2764_200d_1f48b_200d_1f468_1f3fe.png,https://fonts.gstatic.com/s/e/noto3demoji/latest/1f469_1f3fb_200d_2764_200d_1f48b_200d_1f468_1f3fe/512.png,512,512,182424,1a89dd9a2d02ff7d4b6912a53fcc4750b17fb71f6084c644377699ab0f37e42a
👩🏻‍❤‍💋‍👨🏿,Kiss Woman And Man,People & Body,1f469_1f3fb_200d_2764_200d_1f48b_200d_1f468_1f3ff,People Body/kiss-woman-and-man__1f469_1f3fb_200d_2764_200d_1f48b_200d_1f468_1f3ff.png,https://fonts.gstatic.com/s/e/noto3demoji/latest/1f469_1f3fb_200d_2764_200d_1f48b_200d_1f468_1f3ff/512.png,512,512,179662,9492292fbe37291288155bc93fc21d19e9b74283d760cba58ea2b69d7a2b5f32
👩🏼‍❤‍💋‍👨🏻,Kiss Woman And Man,People & Body,1f469_1f3fc_200d_2764_200d_1f48b_200d_1f468_1f3fb,People Body/kiss-woman-and-man__1f469_1f3fc_200d_2764_200d_1f48b_200d_1f468_1f3fb.png,https://fonts.gstatic.com/s/e/noto3demoji/latest/1f469_1f3fc_200d_2764_200d_1f48b_200d_1f468_1f3fb/512.png,512,512,184878,8d3e474ea241eb15d7db4f476eb96eca0f8c424f0ef16bf49f4f48415ae10cb7
👩🏼‍❤‍💋‍👨🏼,Kiss Woman And Man,People & Body,1f469_1f3fc_200d_2764_200d_1f48b_200d_1f468_1f3fc,People Body/kiss-woman-and-man__1f469_1f3fc_200d_2764_200d_1f48b_200d_1f468_1f3fc.png,https://fonts.gstatic.com/s/e/noto3demoji/latest/1f469_1f3fc_200d_2764_200d_1f48b_200d_1f468_1f3fc/512.png,512,512,184369,c318896348095531a2664227a910916dc6a2ef7287a8a4352d9df1146c3c9998
👩🏼‍❤‍💋‍👨🏽,Kiss Woman And Man,People & Body,1f469_1f3fc_200d_2764_200d_1f48b_200d_1f468_1f3fd,People Body/kiss-woman-and-man__1f469_1f3fc_200d_2764_200d_1f48b_200d_1f468_1f3fd.png,https://fonts.gstatic.com/s/e/noto3demoji/latest/1f469_1f3fc_200d_2764_200d_1f48b_200d_1f468_1f3fd/512.png,512,512,180574,9c778a1e3abf734876db97255e826e1eab442584361686a634250b4b41e310e0
👩🏼‍❤‍💋‍👨🏾,Kiss Woman And Man,People & Body,1f469_1f3fc_200d_2764_200d_1f48b_200d_1f468_1f3fe,People Body/kiss-woman-and-man__1f469_1f3fc_200d_2764_200d_1f48b_200d_1f468_1f3fe.png,https://fonts.gstatic.com/s/e/noto3demoji/latest/1f469_1f3fc_200d_2764_200d_1f48b_200d_1f468_1f3fe/512.png,512,512,181483,e9dff8bc9c9c8de48417744c26d3a555ab0a34224c77c1f593955ac308ada636
👩🏼‍❤‍💋‍👨🏿,Kiss Woman And Man,People & Body,1f469_1f3fc_200d_2764_200d_1f48b_200d_1f468_1f3ff,People Body/kiss-woman-and-man__1f469_1f3fc_200d_2764_200d_1f48b_200d_1f468_1f3ff.png,https://fonts.gstatic.com/s/e/noto3demoji/latest/1f469_1f3fc_200d_2764_200d_1f48b_200d_1f468_1f3ff/512.png,512,512,179206,3951ea68bfcad7c9cecb9e452a8acf1868e97eae8a8e3bd0bb6ebb6bd78172f3
👩🏽‍❤‍💋‍👨🏻,Kiss Woman And Man,People & Body,1f469_1f3fd_200d_2764_200d_1f48b_200d_1f468_1f3fb,People Body/kiss-woman-and-man__1f469_1f3fd_200d_2764_200d_1f48b_200d_1f468_1f3fb.png,https://fonts.gstatic.com/s/e/noto3demoji/latest/1f469_1f3fd_200d_2764_200d_1f48b_200d_1f468_1f3fb/512.png,512,512,181293,8afd47265e4aedf25bc14576910cce4d09f19fc409897cbfda5bf197f71804ee
👩🏽‍❤‍💋‍👨🏼,Kiss Woman And Man,People & Body,1f469_1f3fd_200d_2764_200d_1f48b_200d_1f468_1f3fc,People Body/kiss-woman-and-man__1f469_1f3fd_200d_2764_200d_1f48b_200d_1f468_1f3fc.png,https://fonts.gstatic.com/s/e/noto3demoji/latest/1f469_1f3fd_200d_2764_200d_1f48b_200d_1f468_1f3fc/512.png,512,512,181519,5242d081c88e6176f137daadbe984abfdf324306f2562dce782c78fb061cb460
👩🏽‍❤‍💋‍👨🏽,Kiss Woman And Man,People & Body,1f469_1f3fd_200d_2764_200d_1f48b_200d_1f468_1f3fd,People Body/kiss-woman-and-man__1f469_1f3fd_200d_2764_200d_1f48b_200d_1f468_1f3fd.png,https://fonts.gstatic.com/s/e/noto3demoji/latest/1f469_1f3fd_200d_2764_200d_1f48b_200d_1f468_1f3fd/512.png,512,512,175683,15a2f7b4861f17abfcd22cd63b29272f194311a5042b75325d5487da77263a61
👩🏽‍❤‍💋‍👨🏾,Kiss Woman And Man,People & Body,1f469_1f3fd_200d_2764_200d_1f48b_200d_1f468_1f3fe,People Body/kiss-woman-and-man__1f469_1f3fd_200d_2764_200d_1f48b_200d_1f468_1f3fe.png,https://fonts.gstatic.com/s/e/noto3demoji/latest/1f469_1f3fd_200d_2764_200d_1f48b_200d_1f468_1f3fe/512.png,512,512,177225,3b9722a4c31c6b1488f947267e7afac1adc8c6b9c35dae3a3a0fe3a4a86dd70c
👩🏽‍❤‍💋‍👨🏿,Kiss Woman And Man,People & Body,1f469_1f3fd_200d_2764_200d_1f48b_200d_1f468_1f3ff,People Body/kiss-woman-and-man__1f469_1f3fd_200d_2764_200d_1f48b_200d_1f468_1f3ff.png,https://fonts.gstatic.com/s/e/noto3demoji/latest/1f469_1f3fd_200d_2764_200d_1f48b_200d_1f468_1f3ff/512.png,512,512,175001,75c77a809d4b76f557f333db7133b0c4c167ff741211ad3ede53802cf398eae9
👩🏾‍❤‍💋‍👨🏻,Kiss Woman And Man,People & Body,1f469_1f3fe_200d_2764_200d_1f48b_200d_1f468_1f3fb,People Body/kiss-woman-and-man__1f469_1f3fe_200d_2764_200d_1f48b_200d_1f468_1f3fb.png,https://fonts.gstatic.com/s/e/noto3demoji/latest/1f469_1f3fe_200d_2764_200d_1f48b_200d_1f468_1f3fb/512.png,512,512,181254,52d9d08a656f1058c0db22bd62be51e3c6879e308b9ea907b375d04a1109a0e3
👩🏾‍❤‍💋‍👨🏼,Kiss Woman And Man,People & Body,1f469_1f3fe_200d_2764_200d_1f48b_200d_1f468_1f3fc,People Body/kiss-woman-and-man__1f469_1f3fe_200d_2764_200d_1f48b_200d_1f468_1f3fc.png,https://fonts.gstatic.com/s/e/noto3demoji/latest/1f469_1f3fe_200d_2764_200d_1f48b_200d_1f468_1f3fc/512.png,512,512,181601,e26cc13be0edeba151a77a69140f1432fe5967986cbdb7412d77d388dd21b111
👩🏾‍❤‍💋‍👨🏽,Kiss Woman And Man,People & Body,1f469_1f3fe_200d_2764_200d_1f48b_200d_1f468_1f3fd,People Body/kiss-woman-and-man__1f469_1f3fe_200d_2764_200d_1f48b_200d_1f468_1f3fd.png,https://fonts.gstatic.com/s/e/noto3demoji/latest/1f469_1f3fe_200d_2764_200d_1f48b_200d_1f468_1f3fd/512.png,512,512,176869,00be46d8b5cce052253428bab40e674212fdc64b7271ac48da9b9a6078fa579c
👩🏾‍❤‍💋‍👨🏾,Kiss Woman And Man,People & Body,1f469_1f3fe_200d_2764_200d_1f48b_200d_1f468_1f3fe,People Body/kiss-woman-and-man__1f469_1f3fe_200d_2764_200d_1f48b_200d_1f468_1f3fe.png,https://fonts.gstatic.com/s/e/noto3demoji/latest/1f469_1f3fe_200d_2764_200d_1f48b_200d_1f468_1f3fe/512.png,512,512,176432,ea94e79ec7f3b4fc197c1e3ab4b27301d68b75f0ed0f36dbdab30eebacff04b4
👩🏾‍❤‍💋‍👨🏿,Kiss Woman And Man,People & Body,1f469_1f3fe_200d_2764_200d_1f48b_200d_1f468_1f3ff,People Body/kiss-woman-and-man__1f469_1f3fe_200d_2764_200d_1f48b_200d_1f468_1f3ff.png,https://fonts.gstatic.com/s/e/noto3demoji/latest/1f469_1f3fe_200d_2764_200d_1f48b_200d_1f468_1f3ff/512.png,512,512,174923,64b65cbe8b565d5076be24471565309967cea858cfdf689fd7d09bb4a5b119da
👩🏿‍❤‍💋‍👨🏻,Kiss Woman And Man,People & Body,1f469_1f3ff_200d_2764_200d_1f48b_200d_1f468_1f3fb,People Body/kiss-woman-and-man__1f469_1f3ff_200d_2764_200d_1f48b_200d_1f468_1f3fb.png,https://fonts.gstatic.com/s/e/noto3demoji/latest/1f469_1f3ff_200d_2764_200d_1f48b_200d_1f468_1f3fb/512.png,512,512,178819,7e41beb85fcb61c8c4d0f49d9ff6b96a4abd9857d61e1b622a4facf656c8344a
👩🏿‍❤‍💋‍👨🏼,Kiss Woman And Man,People & Body,1f469_1f3ff_200d_2764_200d_1f48b_200d_1f468_1f3fc,People Body/kiss-woman-and-man__1f469_1f3ff_200d_2764_200d_1f48b_200d_1f468_1f3fc.png,https://fonts.gstatic.com/s/e/noto3demoji/latest/1f469_1f3ff_200d_2764_200d_1f48b_200d_1f468_1f3fc/512.png,512,512,178984,e7dffb1ae9a0ac4cd8019c18a92b49abc82b4b6eb00bf95f5950b1977ff433f2
👩🏿‍❤‍💋‍👨🏽,Kiss Woman And Man,People & Body,1f469_1f3ff_200d_2764_200d_1f48b_200d_1f468_1f3fd,People Body/kiss-woman-and-man__1f469_1f3ff_200d_2764_200d_1f48b_200d_1f468_1f3fd.png,https://fonts.gstatic.com/s/e/noto3demoji/latest/1f469_1f3ff_200d_2764_200d_1f48b_200d_1f468_1f3fd/512.png,512,512,174366,1292e4f16714e6eff202d99213c446fde11b89d63dfe16454f653d612a59ac76
👩🏿‍❤‍💋‍👨🏾,Kiss Woman And Man,People & Body,1f469_1f3ff_200d_2764_200d_1f48b_200d_1f468_1f3fe,People Body/kiss-woman-and-man__1f469_1f3ff_200d_2764_200d_1f48b_200d_1f468_1f3fe.png,https://fonts.gstatic.com/s/e/noto3demoji/latest/1f469_1f3ff_200d_2764_200d_1f48b_200d_1f468_1f3fe/512.png,512,512,174482,082a69c4d216b72f3ed9d7fdca1fddab1a53ed143ac802f22cb9c3905f36e256
👩🏿‍❤‍💋‍👨🏿,Kiss Woman And Man,People & Body,1f469_1f3ff_200d_2764_200d_1f48b_200d_1f468_1f3ff,People Body/kiss-woman-and-man__1f469_1f3ff_200d_2764_200d_1f48b_200d_1f468_1f3ff.png,https://fonts.gstatic.com/s/e/noto3demoji/latest/1f469_1f3ff_200d_2764_200d_1f48b_200d_1f468_1f3ff/512.png,512,512,170981,895a826526e9b979deb0033c4537800998f01f375326d40dd154c61db480a2f2
👨‍❤‍💋‍👨,Kiss Man And Man,People & Body,1f468_200d_2764_200d_1f48b_200d_1f468,People Body/kiss-man-and-man__1f468_200d_2764_200d_1f48b_200d_1f468.png,https://fonts.gstatic.com/s/e/noto3demoji/latest/1f468_200d_2764_200d_1f48b_200d_1f468/512.png,512,512,150776,17dbdae0c979161396035031980e442dc69a1ba94f7a0299f6b6bd1ee372147f
👨🏻‍❤‍💋‍👨🏻,Kiss Man And Man,People & Body,1f468_1f3fb_200d_2764_200d_1f48b_200d_1f468_1f3fb,People Body/kiss-man-and-man__1f468_1f3fb_200d_2764_200d_1f48b_200d_1f468_1f3fb.png,https://fonts.gstatic.com/s/e/noto3demoji/latest/1f468_1f3fb_200d_2764_200d_1f48b_200d_1f468_1f3fb/512.png,512,512,167636,21f888f910df40ba6cb460a47c9dbb17a4044050025cd7acdae81e21bb31dd54
👨🏻‍❤‍💋‍👨🏼,Kiss Man And Man,People & Body,1f468_1f3fb_200d_2764_200d_1f48b_200d_1f468_1f3fc,People Body/kiss-man-and-man__1f468_1f3fb_200d_2764_200d_1f48b_200d_1f468_1f3fc.png,https://fonts.gstatic.com/s/e/noto3demoji/latest/1f468_1f3fb_200d_2764_200d_1f48b_200d_1f468_1f3fc/512.png,512,512,168975,56d2463c76b75ded735919ac770bbf846a4fd2355b97e106f83555a1c89f4a65
👨🏻‍❤‍💋‍👨🏽,Kiss Man And Man,People & Body,1f468_1f3fb_200d_2764_200d_1f48b_200d_1f468_1f3fd,People Body/kiss-man-and-man__1f468_1f3fb_200d_2764_200d_1f48b_200d_1f468_1f3fd.png,https://fonts.gstatic.com/s/e/noto3demoji/latest/1f468_1f3fb_200d_2764_200d_1f48b_200d_1f468_1f3fd/512.png,512,512,164993,5e21dc46274850fd46949c4d2a6dea23d84f9128d2d97d50bfbf40f92a84813c
👨🏻‍❤‍💋‍👨🏾,Kiss Man And Man,People & Body,1f468_1f3fb_200d_2764_200d_1f48b_200d_1f468_1f3fe,People Body/kiss-man-and-man__1f468_1f3fb_200d_2764_200d_1f48b_200d_1f468_1f3fe.png,https://fonts.gstatic.com/s/e/noto3demoji/latest/1f468_1f3fb_200d_2764_200d_1f48b_200d_1f468_1f3fe/512.png,512,512,165613,bce94977d001d05d1c267a9cb0db48f1bab3e32ed21cfb7e65e55a4507a0c4dc
👨🏻‍❤‍💋‍👨🏿,Kiss Man And Man,People & Body,1f468_1f3fb_200d_2764_200d_1f48b_200d_1f468_1f3ff,People Body/kiss-man-and-man__1f468_1f3fb_200d_2764_200d_1f48b_200d_1f468_1f3ff.png,https://fonts.gstatic.com/s/e/noto3demoji/latest/1f468_1f3fb_200d_2764_200d_1f48b_200d_1f468_1f3ff/512.png,512,512,163048,e2420242ac919f239f8db2ebda5895cdd2a11a703e3d69a5a8b11980b4bae74d
👨🏼‍❤‍💋‍👨🏻,Kiss Man And Man,People & Body,1f468_1f3fc_200d_2764_200d_1f48b_200d_1f468_1f3fb,People Body/kiss-man-and-man__1f468_1f3fc_200d_2764_200d_1f48b_200d_1f468_1f3fb.png,https://fonts.gstatic.com/s/e/noto3demoji/latest/1f468_1f3fc_200d_2764_200d_1f48b_200d_1f468_1f3fb/512.png,512,512,168243,a81b889494684f505015961d2ef35d93b21ae746a8be7f48991a85a2d8b4ff7a
👨🏼‍❤‍💋‍👨🏼,Kiss Man And Man,People & Body,1f468_1f3fc_200d_2764_200d_1f48b_200d_1f468_1f3fc,People Body/kiss-man-and-man__1f468_1f3fc_200d_2764_200d_1f48b_200d_1f468_1f3fc.png,https://fonts.gstatic.com/s/e/noto3demoji/latest/1f468_1f3fc_200d_2764_200d_1f48b_200d_1f468_1f3fc/512.png,512,512,167369,d4695ad094ae838e7679f6938e119335413ce4231dd4801cbd52d4c952cc4434
👨🏼‍❤‍💋‍👨🏽,Kiss Man And Man,People & Body,1f468_1f3fc_200d_2764_200d_1f48b_200d_1f468_1f3fd,People Body/kiss-man-and-man__1f468_1f3fc_200d_2764_200d_1f48b_200d_1f468_1f3fd.png,https://fonts.gstatic.com/s/e/noto3demoji/latest/1f468_1f3fc_200d_2764_200d_1f48b_200d_1f468_1f3fd/512.png,512,512,163772,742522a36ccf9c3924100c9b98a758e2ec5a26759fb05b70b48fde0c3c17cfe2
👨🏼‍❤‍💋‍👨🏾,Kiss Man And Man,People & Body,1f468_1f3fc_200d_2764_200d_1f48b_200d_1f468_1f3fe,People Body/kiss-man-and-man__1f468_1f3fc_200d_2764_200d_1f48b_200d_1f468_1f3fe.png,https://fonts.gstatic.com/s/e/noto3demoji/latest/1f468_1f3fc_200d_2764_200d_1f48b_200d_1f468_1f3fe/512.png,512,512,164502,cd210a31b06f00b39fd1d14599c94e47f9d26d0f9429451fba5006c043220326
👨🏼‍❤‍💋‍👨🏿,Kiss Man And Man,People & Body,1f468_1f3fc_200d_2764_200d_1f48b_200d_1f468_1f3ff,People Body/kiss-man-and-man__1f468_1f3fc_200d_2764_200d_1f48b_200d_1f468_1f3ff.png,https://fonts.gstatic.com/s/e/noto3demoji/latest/1f468_1f3fc_200d_2764_200d_1f48b_200d_1f468_1f3ff/512.png,512,512,162412,acc166b081a3bd6206128a0c0f87285f7667c12f3790270308743d78d96f3e14
👨🏽‍❤‍💋‍👨🏻,Kiss Man And Man,People & Body,1f468_1f3fd_200d_2764_200d_1f48b_200d_1f468_1f3fb,People Body/kiss-man-and-man__1f468_1f3fd_200d_2764_200d_1f48b_200d_1f468_1f3fb.png,https://fonts.gstatic.com/s/e/noto3demoji/latest/1f468_1f3fd_200d_2764_200d_1f48b_200d_1f468_1f3fb/512.png,512,512,164415,99f27ab76cf02eb473605d452716adc347aa2ccd210558fddec253da561f2379
👨🏽‍❤‍💋‍👨🏼,Kiss Man And Man,People & Body,1f468_1f3fd_200d_2764_200d_1f48b_200d_1f468_1f3fc,People Body/kiss-man-and-man__1f468_1f3fd_200d_2764_200d_1f48b_200d_1f468_1f3fc.png,https://fonts.gstatic.com/s/e/noto3demoji/latest/1f468_1f3fd_200d_2764_200d_1f48b_200d_1f468_1f3fc/512.png,512,512,164124,48e3d8343576acc8f3c9d65d2363fdcd63c5b4a378847b153f804785a13df56d
👨🏽‍❤‍💋‍👨🏽,Kiss Man And Man,People & Body,1f468_1f3fd_200d_2764_200d_1f48b_200d_1f468_1f3fd,People Body/kiss-man-and-man__1f468_1f3fd_200d_2764_200d_1f48b_200d_1f468_1f3fd.png,https://fonts.gstatic.com/s/e/noto3demoji/latest/1f468_1f3fd_200d_2764_200d_1f48b_200d_1f468_1f3fd/512.png,512,512,158392,1e52bfce3d2cc83a3fd79b5d77a7feb5b32527fe96665dedc5155b3ca360f29b
👨🏽‍❤‍💋‍👨🏾,Kiss Man And Man,People & Body,1f468_1f3fd_200d_2764_200d_1f48b_200d_1f468_1f3fe,People Body/kiss-man-and-man__1f468_1f3fd_200d_2764_200d_1f48b_200d_1f468_1f3fe.png,https://fonts.gstatic.com/s/e/noto3demoji/latest/1f468_1f3fd_200d_2764_200d_1f48b_200d_1f468_1f3fe/512.png,512,512,160082,99d8eb16fb9da4f8d3ad88ce3522c016b3c3fc0512e57176d93072e886c273e3
👨🏽‍❤‍💋‍👨🏿,Kiss Man And Man,People & Body,1f468_1f3fd_200d_2764_200d_1f48b_200d_1f468_1f3ff,People Body/kiss-man-and-man__1f468_1f3fd_200d_2764_200d_1f48b_200d_1f468_1f3ff.png,https://fonts.gstatic.com/s/e/noto3demoji/latest/1f468_1f3fd_200d_2764_200d_1f48b_200d_1f468_1f3ff/512.png,512,512,157509,88ed24a3cf2147f14608fc36b0d1cf349bd661d64b5739df14c56c3c1a1e10fa
👨🏾‍❤‍💋‍👨🏻,Kiss Man And Man,People & Body,1f468_1f3fe_200d_2764_200d_1f48b_200d_1f468_1f3fb,People Body/kiss-man-and-man__1f468_1f3fe_200d_2764_200d_1f48b_200d_1f468_1f3fb.png,https://fonts.gstatic.com/s/e/noto3demoji/latest/1f468_1f3fe_200d_2764_200d_1f48b_200d_1f468_1f3fb/512.png,512,512,164987,f660e2322017a142093438c166c52571e49629586629db5af70826aca7eee1de
👨🏾‍❤‍💋‍👨🏼,Kiss Man And Man,People & Body,1f468_1f3fe_200d_2764_200d_1f48b_200d_1f468_1f3fc,People Body/kiss-man-and-man__1f468_1f3fe_200d_2764_200d_1f48b_200d_1f468_1f3fc.png,https://fonts.gstatic.com/s/e/noto3demoji/latest/1f468_1f3fe_200d_2764_200d_1f48b_200d_1f468_1f3fc/512.png,512,512,164998,b2fbd0684369872007f34993bfd62a0895e17d39046b809bd5a3844ebfc271b1
👨🏾‍❤‍💋‍👨🏽,Kiss Man And Man,People & Body,1f468_1f3fe_200d_2764_200d_1f48b_200d_1f468_1f3fd,People Body/kiss-man-and-man__1f468_1f3fe_200d_2764_200d_1f48b_200d_1f468_1f3fd.png,https://fonts.gstatic.com/s/e/noto3demoji/latest/1f468_1f3fe_200d_2764_200d_1f48b_200d_1f468_1f3fd/512.png,512,512,160379,6d5ea9b659a861ad70c85ffc8e9bc92261ce3f06b2c0d0e8fec15bd80a92635e
👨🏾‍❤‍💋‍👨🏾,Kiss Man And Man,People & Body,1f468_1f3fe_200d_2764_200d_1f48b_200d_1f468_1f3fe,People Body/kiss-man-and-man__1f468_1f3fe_200d_2764_200d_1f48b_200d_1f468_1f3fe.png,https://fonts.gstatic.com/s/e/noto3demoji/latest/1f468_1f3fe_200d_2764_200d_1f48b_200d_1f468_1f3fe/512.png,512,512,160131,81c702c51366a8f1799a46ba7eb2584b0b4e500b62c6b35544f62740809131c7
👨🏾‍❤‍💋‍👨🏿,Kiss Man And Man,People & Body,1f468_1f3fe_200d_2764_200d_1f48b_200d_1f468_1f3ff,People Body/kiss-man-and-man__1f468_1f3fe_200d_2764_200d_1f48b_200d_1f468_1f3ff.png,https://fonts.gstatic.com/s/e/noto3demoji/latest/1f468_1f3fe_200d_2764_200d_1f48b_200d_1f468_1f3ff/512.png,512,512,158138,2b693ccae54b1bc88b47b974441d00e017a632fa5841caec3a550ca9b3e11496
👨🏿‍❤‍💋‍👨🏻,Kiss Man And Man,People & Body,1f468_1f3ff_200d_2764_200d_1f48b_200d_1f468_1f3fb,People Body/kiss-man-and-man__1f468_1f3ff_200d_2764_200d_1f48b_200d_1f468_1f3fb.png,https://fonts.gstatic.com/s/e/noto3demoji/latest/1f468_1f3ff_200d_2764_200d_1f48b_200d_1f468_1f3fb/512.png,512,512,162808,23b78ca3dbbb4947e6f2035a9017e789394473164cbd6868127328e1bf14db8a
👨🏿‍❤‍💋‍👨🏼,Kiss Man And Man,People & Body,1f468_1f3ff_200d_2764_200d_1f48b_200d_1f468_1f3fc,People Body/kiss-man-and-man__1f468_1f3ff_200d_2764_200d_1f48b_200d_1f468_1f3fc.png,https://fonts.gstatic.com/s/e/noto3demoji/latest/1f468_1f3ff_200d_2764_200d_1f48b_200d_1f468_1f3fc/512.png,512,512,163015,cfaf35c428e48fcf3ad3e6193ed070f2d1d82ef598a74126766559fd574b4928
👨🏿‍❤‍💋‍👨🏽,Kiss Man And Man,People & Body,1f468_1f3ff_200d_2764_200d_1f48b_200d_1f468_1f3fd,People Body/kiss-man-and-man__1f468_1f3ff_200d_2764_200d_1f48b_200d_1f468_1f3fd.png,https://fonts.gstatic.com/s/e/noto3demoji/latest/1f468_1f3ff_200d_2764_200d_1f48b_200d_1f468_1f3fd/512.png,512,512,158273,ab768bf093bc84ebae0ee4a522fcb86d7f1713b63fb299391b23444070ba0d9c
👨🏿‍❤‍💋‍👨🏾,Kiss Man And Man,People & Body,1f468_1f3ff_200d_2764_200d_1f48b_200d_1f468_1f3fe,People Body/kiss-man-and-man__1f468_1f3ff_200d_2764_200d_1f48b_200d_1f468_1f3fe.png,https://fonts.gstatic.com/s/e/noto3demoji/latest/1f468_1f3ff_200d_2764_200d_1f48b_200d_1f468_1f3fe/512.png,512,512,158800,752af01ac0349197d6452105b35bc14794c15ed2232f0e21f75085010e0ff959
👨🏿‍❤‍💋‍👨🏿,Kiss Man And Man,People & Body,1f468_1f3ff_200d_2764_200d_1f48b_200d_1f468_1f3ff,People Body/kiss-man-and-man__1f468_1f3ff_200d_2764_200d_1f48b_200d_1f468_1f3ff.png,https://fonts.gstatic.com/s/e/noto3demoji/latest/1f468_1f3ff_200d_2764_200d_1f48b_200d_1f468_1f3ff/512.png,512,512,154952,dbbcc814146cc9e1f92dcc7d182c433ca32f973c574e088d0fe82b66f851d2f4
👩‍❤‍💋‍👩,Kiss Woman And Woman,People & Body,1f469_200d_2764_200d_1f48b_200d_1f469,People Body/kiss-woman-and-woman__1f469_200d_2764_200d_1f48b_200d_1f469.png,https://fonts.gstatic.com/s/e/noto3demoji/latest/1f469_200d_2764_200d_1f48b_200d_1f469/512.png,512,512,170085,950c851f1f87c1bd587c5cef5c9b8fac55530e4be4829b4373e1181892c91062
👩🏻‍❤‍💋‍👩🏻,Kiss Woman And Woman,People & Body,1f469_1f3fb_200d_2764_200d_1f48b_200d_1f469_1f3fb,People Body/kiss-woman-and-woman__1f469_1f3fb_200d_2764_200d_1f48b_200d_1f469_1f3fb.png,https://fonts.gstatic.com/s/e/noto3demoji/latest/1f469_1f3fb_200d_2764_200d_1f48b_200d_1f469_1f3fb/512.png,512,512,183965,1ee8fa5917db57387a4756084377eebf0a75b608b7f6d9dc87d80c96a065c340
👩🏻‍❤‍💋‍👩🏼,Kiss Woman And Woman,People & Body,1f469_1f3fb_200d_2764_200d_1f48b_200d_1f469_1f3fc,People Body/kiss-woman-and-woman__1f469_1f3fb_200d_2764_200d_1f48b_200d_1f469_1f3fc.png,https://fonts.gstatic.com/s/e/noto3demoji/latest/1f469_1f3fb_200d_2764_200d_1f48b_200d_1f469_1f3fc/512.png,512,512,186424,c56185a8538f351a6ef6802a7375539a3d26a29380ed13ddc95129b9d886851d
👩🏻‍❤‍💋‍👩🏽,Kiss Woman And Woman,People & Body,1f469_1f3fb_200d_2764_200d_1f48b_200d_1f469_1f3fd,People Body/kiss-woman-and-woman__1f469_1f3fb_200d_2764_200d_1f48b_200d_1f469_1f3fd.png,https://fonts.gstatic.com/s/e/noto3demoji/latest/1f469_1f3fb_200d_2764_200d_1f48b_200d_1f469_1f3fd/512.png,512,512,182008,3007967f22be572040c192719c210d39de4dae1cb7890e3c06a64504c7938589
👩🏻‍❤‍💋‍👩🏾,Kiss Woman And Woman,People & Body,1f469_1f3fb_200d_2764_200d_1f48b_200d_1f469_1f3fe,People Body/kiss-woman-and-woman__1f469_1f3fb_200d_2764_200d_1f48b_200d_1f469_1f3fe.png,https://fonts.gstatic.com/s/e/noto3demoji/latest/1f469_1f3fb_200d_2764_200d_1f48b_200d_1f469_1f3fe/512.png,512,512,182195,b6fde768050d5065a6599cfe71b589465ae0a80f0dd010c1891c70de39a80c76
👩🏻‍❤‍💋‍👩🏿,Kiss Woman And Woman,People & Body,1f469_1f3fb_200d_2764_200d_1f48b_200d_1f469_1f3ff,People Body/kiss-woman-and-woman__1f469_1f3fb_200d_2764_200d_1f48b_200d_1f469_1f3ff.png,https://fonts.gstatic.com/s/e/noto3demoji/latest/1f469_1f3fb_200d_2764_200d_1f48b_200d_1f469_1f3ff/512.png,512,512,178672,7712d1561025056b79e1f0bc09ef7eba1592af161a37f805e2c8bb8c6733ee9e
👩🏼‍❤‍💋‍👩🏻,Kiss Woman And Woman,People & Body,1f469_1f3fc_200d_2764_200d_1f48b_200d_1f469_1f3fb,People Body/kiss-woman-and-woman__1f469_1f3fc_200d_2764_200d_1f48b_200d_1f469_1f3fb.png,https://fonts.gstatic.com/s/e/noto3demoji/latest/1f469_1f3fc_200d_2764_200d_1f48b_200d_1f469_1f3fb/512.png,512,512,185482,7ed02df33fb6fb3e6ec79a3d17909fd816b52a61f7d615133482789b67dc97e7
👩🏼‍❤‍💋‍👩🏼,Kiss Woman And Woman,People & Body,1f469_1f3fc_200d_2764_200d_1f48b_200d_1f469_1f3fc,People Body/kiss-woman-and-woman__1f469_1f3fc_200d_2764_200d_1f48b_200d_1f469_1f3fc.png,https://fonts.gstatic.com/s/e/noto3demoji/latest/1f469_1f3fc_200d_2764_200d_1f48b_200d_1f469_1f3fc/512.png,512,512,184757,8a9c96505cadcdfc600f67cc1d75fc8c10d83100f5446371e490389d90c3b489
👩🏼‍❤‍💋‍👩🏽,Kiss Woman And Woman,People & Body,1f469_1f3fc_200d_2764_200d_1f48b_200d_1f469_1f3fd,People Body/kiss-woman-and-woman__1f469_1f3fc_200d_2764_200d_1f48b_200d_1f469_1f3fd.png,https://fonts.gstatic.com/s/e/noto3demoji/latest/1f469_1f3fc_200d_2764_200d_1f48b_200d_1f469_1f3fd/512.png,512,512,181806,59ce05cb29a5a8ddc9742a3605d5cd69503e0ac27f4802fc89b4047c069e09a7
👩🏼‍❤‍💋‍👩🏾,Kiss Woman And Woman,People & Body,1f469_1f3fc_200d_2764_200d_1f48b_200d_1f469_1f3fe,People Body/kiss-woman-and-woman__1f469_1f3fc_200d_2764_200d_1f48b_200d_1f469_1f3fe.png,https://fonts.gstatic.com/s/e/noto3demoji/latest/1f469_1f3fc_200d_2764_200d_1f48b_200d_1f469_1f3fe/512.png,512,512,181438,4db3069b26aafccefef3b7f8f0cdcdb1169f689d50cee9d69e88bdb1953f05d2
👩🏼‍❤‍💋‍👩🏿,Kiss Woman And Woman,People & Body,1f469_1f3fc_200d_2764_200d_1f48b_200d_1f469_1f3ff,People Body/kiss-woman-and-woman__1f469_1f3fc_200d_2764_200d_1f48b_200d_1f469_1f3ff.png,https://fonts.gstatic.com/s/e/noto3demoji/latest/1f469_1f3fc_200d_2764_200d_1f48b_200d_1f469_1f3ff/512.png,512,512,178991,9eb5fbd75602ebd66351d8841d822f45e1f126961e0c35d02433b684ad1f9c89
👩🏽‍❤‍💋‍👩🏻,Kiss Woman And Woman,People & Body,1f469_1f3fd_200d_2764_200d_1f48b_200d_1f469_1f3fb,People Body/kiss-woman-and-woman__1f469_1f3fd_200d_2764_200d_1f48b_200d_1f469_1f3fb.png,https://fonts.gstatic.com/s/e/noto3demoji/latest/1f469_1f3fd_200d_2764_200d_1f48b_200d_1f469_1f3fb/512.png,512,512,181586,598799bb480d6456571d6667ea10da96a5cae008719dae15aa5b860709fb6fb9
👩🏽‍❤‍💋‍👩🏼,Kiss Woman And Woman,People & Body,1f469_1f3fd_200d_2764_200d_1f48b_200d_1f469_1f3fc,People Body/kiss-woman-and-woman__1f469_1f3fd_200d_2764_200d_1f48b_200d_1f469_1f3fc.png,https://fonts.gstatic.com/s/e/noto3demoji/latest/1f469_1f3fd_200d_2764_200d_1f48b_200d_1f469_1f3fc/512.png,512,512,181912,cb0f2beb1c554d502053e1ee114644a239ba5b358126730381813b0aa1f5e95a
👩🏽‍❤‍💋‍👩🏽,Kiss Woman And Woman,People & Body,1f469_1f3fd_200d_2764_200d_1f48b_200d_1f469_1f3fd,People Body/kiss-woman-and-woman__1f469_1f3fd_200d_2764_200d_1f48b_200d_1f469_1f3fd.png,https://fonts.gstatic.com/s/e/noto3demoji/latest/1f469_1f3fd_200d_2764_200d_1f48b_200d_1f469_1f3fd/512.png,512,512,176286,f963e58f719f6246469b2076dadb789a2904bf69c8da742a1f708a210bab9198
👩🏽‍❤‍💋‍👩🏾,Kiss Woman And Woman,People & Body,1f469_1f3fd_200d_2764_200d_1f48b_200d_1f469_1f3fe,People Body/kiss-woman-and-woman__1f469_1f3fd_200d_2764_200d_1f48b_200d_1f469_1f3fe.png,https://fonts.gstatic.com/s/e/noto3demoji/latest/1f469_1f3fd_200d_2764_200d_1f48b_200d_1f469_1f3fe/512.png,512,512,177277,55aa0dfd9e20402d6604ce153fedfaa7f92341f1ba630d9d6943d792f7188c94
👩🏽‍❤‍💋‍👩🏿,Kiss Woman And Woman,People & Body,1f469_1f3fd_200d_2764_200d_1f48b_200d_1f469_1f3ff,People Body/kiss-woman-and-woman__1f469_1f3fd_200d_2764_200d_1f48b_200d_1f469_1f3ff.png,https://fonts.gstatic.com/s/e/noto3demoji/latest/1f469_1f3fd_200d_2764_200d_1f48b_200d_1f469_1f3ff/512.png,512,512,174321,e00d70abfa4c254a118c519eaa8c5f960026324818b8a90febc64c34ecc80a65
👩🏾‍❤‍💋‍👩🏻,Kiss Woman And Woman,People & Body,1f469_1f3fe_200d_2764_200d_1f48b_200d_1f469_1f3fb,People Body/kiss-woman-and-woman__1f469_1f3fe_200d_2764_200d_1f48b_200d_1f469_1f3fb.png,https://fonts.gstatic.com/s/e/noto3demoji/latest/1f469_1f3fe_200d_2764_200d_1f48b_200d_1f469_1f3fb/512.png,512,512,181461,f53f9b0ce389751a1cc125fd156598bc320b0fce7e0ddc469e97eec37fb22c0a
👩🏾‍❤‍💋‍👩🏼,Kiss Woman And Woman,People & Body,1f469_1f3fe_200d_2764_200d_1f48b_200d_1f469_1f3fc,People Body/kiss-woman-and-woman__1f469_1f3fe_200d_2764_200d_1f48b_200d_1f469_1f3fc.png,https://fonts.gstatic.com/s/e/noto3demoji/latest/1f469_1f3fe_200d_2764_200d_1f48b_200d_1f469_1f3fc/512.png,512,512,182048,b09cc89bd1b70832478adfa904c158cc0e6fda4b7b20b86685a4eb4702abf192
👩🏾‍❤‍💋‍👩🏽,Kiss Woman And Woman,People & Body,1f469_1f3fe_200d_2764_200d_1f48b_200d_1f469_1f3fd,People Body/kiss-woman-and-woman__1f469_1f3fe_200d_2764_200d_1f48b_200d_1f469_1f3fd.png,https://fonts.gstatic.com/s/e/noto3demoji/latest/1f469_1f3fe_200d_2764_200d_1f48b_200d_1f469_1f3fd/512.png,512,512,177557,943d8f9393f0024b37469af0f7799485904fe83737dfdf49ab532f3089fd4f0e
👩🏾‍❤‍💋‍👩🏾,Kiss Woman And Woman,People & Body,1f469_1f3fe_200d_2764_200d_1f48b_200d_1f469_1f3fe,People Body/kiss-woman-and-woman__1f469_1f3fe_200d_2764_200d_1f48b_200d_1f469_1f3fe.png,https://fonts.gstatic.com/s/e/noto3demoji/latest/1f469_1f3fe_200d_2764_200d_1f48b_200d_1f469_1f3fe/512.png,512,512,176198,09baa2df0b8a0a696722e7a91b08003e3d9352b3ae2638d6352031b44b1f6dfd
👩🏾‍❤‍💋‍👩🏿,Kiss Woman And Woman,People & Body,1f469_1f3fe_200d_2764_200d_1f48b_200d_1f469_1f3ff,People Body/kiss-woman-and-woman__1f469_1f3fe_200d_2764_200d_1f48b_200d_1f469_1f3ff.png,https://fonts.gstatic.com/s/e/noto3demoji/latest/1f469_1f3fe_200d_2764_200d_1f48b_200d_1f469_1f3ff/512.png,512,512,173888,4909d7a3cc0b364ce47c51b5c887579c716fc3ba67ff61d0a1f8df22471f7375
👩🏿‍❤‍💋‍👩🏻,Kiss Woman And Woman,People & Body,1f469_1f3ff_200d_2764_200d_1f48b_200d_1f469_1f3fb,People Body/kiss-woman-and-woman__1f469_1f3ff_200d_2764_200d_1f48b_200d_1f469_1f3fb.png,https://fonts.gstatic.com/s/e/noto3demoji/latest/1f469_1f3ff_200d_2764_200d_1f48b_200d_1f469_1f3fb/512.png,512,512,179219,2372aedbc177d365981ea4167061b68066af70130a6d76631b6007abf78be728
👩🏿‍❤‍💋‍👩🏼,Kiss Woman And Woman,People & Body,1f469_1f3ff_200d_2764_200d_1f48b_200d_1f469_1f3fc,People Body/kiss-woman-and-woman__1f469_1f3ff_200d_2764_200d_1f48b_200d_1f469_1f3fc.png,https://fonts.gstatic.com/s/e/noto3demoji/latest/1f469_1f3ff_200d_2764_200d_1f48b_200d_1f469_1f3fc/512.png,512,512,179606,7766255c3f96800d5da2b24f724d0e90559696a7dfd09766e98a9846e1a6a458
👩🏿‍❤‍💋‍👩🏽,Kiss Woman And Woman,People & Body,1f469_1f3ff_200d_2764_200d_1f48b_200d_1f469_1f3fd,People Body/kiss-woman-and-woman__1f469_1f3ff_200d_2764_200d_1f48b_200d_1f469_1f3fd.png,https://fonts.gstatic.com/s/e/noto3demoji/latest/1f469_1f3ff_200d_2764_200d_1f48b_200d_1f469_1f3fd/512.png,512,512,174963,2e0ab5265d5c85384a1be070637ca6c38d550d99c9522076a85a1bda983683d2
👩🏿‍❤‍💋‍👩🏾,Kiss Woman And Woman,People & Body,1f469_1f3ff_200d_2764_200d_1f48b_200d_1f469_1f3fe,People Body/kiss-woman-and-woman__1f469_1f3ff_200d_2764_200d_1f48b_200d_1f469_1f3fe.png,https://fonts.gstatic.com/s/e/noto3demoji/latest/1f469_1f3ff_200d_2764_200d_1f48b_200d_1f469_1f3fe/512.png,512,512,174679,8e457d17f9067f10af7eac32ce55f57394bd1661374bb1ccbb26dd142d9cfff0
👩🏿‍❤‍💋‍👩🏿,Kiss Woman And Woman,People & Body,1f469_1f3ff_200d_2764_200d_1f48b_200d_1f469_1f3ff,People Body/kiss-woman-and-woman__1f469_1f3ff_200d_2764_200d_1f48b_200d_1f469_1f3ff.png,https://fonts.gstatic.com/s/e/noto3demoji/latest/1f469_1f3ff_200d_2764_200d_1f48b_200d_1f469_1f3ff/512.png,512,512,169591,3ecf505ada4d0907efaf85cfa2f672ef539ee9b34913a91107e23c1a2dbe83c9
💑,People With Heart,People & Body,1f491,People Body/people-with-heart__1f491.png,https://fonts.gstatic.com/s/e/noto3demoji/latest/1f491/512.png,512,512,162949,b2bcd9acbc3e7f71c2d6faf994a2d52eaf574b8659164a106e84fb6472f15f24
💑🏻,People With Heart,People & Body,1f491_1f3fb,People Body/people-with-heart__1f491_1f3fb.png,https://fonts.gstatic.com/s/e/noto3demoji/latest/1f491_1f3fb/512.png,512,512,168631,8318cae8316af6e762abea55cc37009ce321d746096d8d0e898f3b9d3b4b4be1
💑🏼,People With Heart,People & Body,1f491_1f3fc,People Body/people-with-heart__1f491_1f3fc.png,https://fonts.gstatic.com/s/e/noto3demoji/latest/1f491_1f3fc/512.png,512,512,171589,15019642f01ab3d9f350aea50a6bdf511d0297bd1b9f176d89e34c71e4ba92fa
💑🏽,People With Heart,People & Body,1f491_1f3fd,People Body/people-with-heart__1f491_1f3fd.png,https://fonts.gstatic.com/s/e/noto3demoji/latest/1f491_1f3fd/512.png,512,512,164350,d19b80a37d52783648b139289c867241285877c54dc89b986e6f46c687ad5f71
💑🏾,People With Heart,People & Body,1f491_1f3fe,People Body/people-with-heart__1f491_1f3fe.png,https://fonts.gstatic.com/s/e/noto3demoji/latest/1f491_1f3fe/512.png,512,512,162202,6dae86a5ae1eafae883abfb84009b084a78eac8cff8318e19116eb9b83f41eae
💑🏿,People With Heart,People & Body,1f491_1f3ff,People Body/people-with-heart__1f491_1f3ff.png,https://fonts.gstatic.com/s/e/noto3demoji/latest/1f491_1f3ff/512.png,512,512,157814,d8a0d7e908658e2c777244273cc51285334d47b63578bd0996a30b79dfd93d84
🧑🏻‍❤‍🧑🏼,People With Heart,People & Body,1f9d1_1f3fb_200d_2764_200d_1f9d1_1f3fc,People Body/people-with-heart__1f9d1_1f3fb_200d_2764_200d_1f9d1_1f3fc.png,https://fonts.gstatic.com/s/e/noto3demoji/latest/1f9d1_1f3fb_200d_2764_200d_1f9d1_1f3fc/512.png,512,512,172583,a93e7307585b7d4e6465d3af913b6bc1cc704c3289020b6701085c405c5b61a3
🧑🏻‍❤‍🧑🏽,People With Heart,People & Body,1f9d1_1f3fb_200d_2764_200d_1f9d1_1f3fd,People Body/people-with-heart__1f9d1_1f3fb_200d_2764_200d_1f9d1_1f3fd.png,https://fonts.gstatic.com/s/e/noto3demoji/latest/1f9d1_1f3fb_200d_2764_200d_1f9d1_1f3fd/512.png,512,512,169070,a98720ab161bde579e59842a2e61dd0e3fe99f464ec682788b216ea7e94ccfeb
🧑🏻‍❤‍🧑🏾,People With Heart,People & Body,1f9d1_1f3fb_200d_2764_200d_1f9d1_1f3fe,People Body/people-with-heart__1f9d1_1f3fb_200d_2764_200d_1f9d1_1f3fe.png,https://fonts.gstatic.com/s/e/noto3demoji/latest/1f9d1_1f3fb_200d_2764_200d_1f9d1_1f3fe/512.png,512,512,167769,8c036a265bdc2523ac86a1550b5da7676119fa3ef2f748fa259eb1b3a5b230da
🧑🏻‍❤‍🧑🏿,People With Heart,People & Body,1f9d1_1f3fb_200d_2764_200d_1f9d1_1f3ff,People Body/people-with-heart__1f9d1_1f3fb_200d_2764_200d_1f9d1_1f3ff.png,https://fonts.gstatic.com/s/e/noto3demoji/latest/1f9d1_1f3fb_200d_2764_200d_1f9d1_1f3ff/512.png,512,512,165735,41daf31b0dbbe4dbc66de03ddca685bc8097c72530293fb4c25c89b0f7dd6173
🧑🏼‍❤‍🧑🏻,People With Heart,People & Body,1f9d1_1f3fc_200d_2764_200d_1f9d1_1f3fb,People Body/people-with-heart__1f9d1_1f3fc_200d_2764_200d_1f9d1_1f3fb.png,https://fonts.gstatic.com/s/e/noto3demoji/latest/1f9d1_1f3fc_200d_2764_200d_1f9d1_1f3fb/512.png,512,512,171729,e949480a9ec974e90c07ae73980d6a1c21c4a92508ca5c10decde167467159c5
🧑🏼‍❤‍🧑🏽,People With Heart,People & Body,1f9d1_1f3fc_200d_2764_200d_1f9d1_1f3fd,People Body/people-with-heart__1f9d1_1f3fc_200d_2764_200d_1f9d1_1f3fd.png,https://fonts.gstatic.com/s/e/noto3demoji/latest/1f9d1_1f3fc_200d_2764_200d_1f9d1_1f3fd/512.png,512,512,169914,1432626515ec83af056fd0b2c2cbb620d84af304d62fa0236b74f83ca4ef9646
🧑🏼‍❤‍🧑🏾,People With Heart,People & Body,1f9d1_1f3fc_200d_2764_200d_1f9d1_1f3fe,People Body/people-with-heart__1f9d1_1f3fc_200d_2764_200d_1f9d1_1f3fe.png,https://fonts.gstatic.com/s/e/noto3demoji/latest/1f9d1_1f3fc_200d_2764_200d_1f9d1_1f3fe/512.png,512,512,168672,c6f83c179a2ffc40a31b153c037db6a38c88c4c24b7c861399e6f066799e00fc
🧑🏼‍❤‍🧑🏿,People With Heart,People & Body,1f9d1_1f3fc_200d_2764_200d_1f9d1_1f3ff,People Body/people-with-heart__1f9d1_1f3fc_200d_2764_200d_1f9d1_1f3ff.png,https://fonts.gstatic.com/s/e/noto3demoji/latest/1f9d1_1f3fc_200d_2764_200d_1f9d1_1f3ff/512.png,512,512,167047,2717854e644e6567a310ea1ab69b3104a17e4dae1e7ae121a9e4c5dc6f78fefe
🧑🏽‍❤‍🧑🏻,People With Heart,People & Body,1f9d1_1f3fd_200d_2764_200d_1f9d1_1f3fb,People Body/people-with-heart__1f9d1_1f3fd_200d_2764_200d_1f9d1_1f3fb.png,https://fonts.gstatic.com/s/e/noto3demoji/latest/1f9d1_1f3fd_200d_2764_200d_1f9d1_1f3fb/512.png,512,512,168246,0ed6b57ab425724aad894c539547e11d0bc34050e060d4f4ca6a3b3cf76c1793
🧑🏽‍❤‍🧑🏼,People With Heart,People & Body,1f9d1_1f3fd_200d_2764_200d_1f9d1_1f3fc,People Body/people-with-heart__1f9d1_1f3fd_200d_2764_200d_1f9d1_1f3fc.png,https://fonts.gstatic.com/s/e/noto3demoji/latest/1f9d1_1f3fd_200d_2764_200d_1f9d1_1f3fc/512.png,512,512,169740,fb40b6d4fac20283806dd3bea871c22a18eb93a67de29bda79190a4fcce2175a
🧑🏽‍❤‍🧑🏾,People With Heart,People & Body,1f9d1_1f3fd_200d_2764_200d_1f9d1_1f3fe,People Body/people-with-heart__1f9d1_1f3fd_200d_2764_200d_1f9d1_1f3fe.png,https://fonts.gstatic.com/s/e/noto3demoji/latest/1f9d1_1f3fd_200d_2764_200d_1f9d1_1f3fe/512.png,512,512,164758,f98b229fc5241f7547c6be751fd02f3e193551978e29749493bf96054fbe16b6
🧑🏽‍❤‍🧑🏿,People With Heart,People & Body,1f9d1_1f3fd_200d_2764_200d_1f9d1_1f3ff,People Body/people-with-heart__1f9d1_1f3fd_200d_2764_200d_1f9d1_1f3ff.png,https://fonts.gstatic.com/s/e/noto3demoji/latest/1f9d1_1f3fd_200d_2764_200d_1f9d1_1f3ff/512.png,512,512,162812,4bf35987f5b6935072a187cae5e34e8fb45d18bc2a078be0b192286eb03febe2
🧑🏾‍❤‍🧑🏻,People With Heart,People & Body,1f9d1_1f3fe_200d_2764_200d_1f9d1_1f3fb,People Body/people-with-heart__1f9d1_1f3fe_200d_2764_200d_1f9d1_1f3fb.png,https://fonts.gstatic.com/s/e/noto3demoji/latest/1f9d1_1f3fe_200d_2764_200d_1f9d1_1f3fb/512.png,512,512,167076,621ac738292b3b41655f20055f536f25556d89fb35d45286d8223a179378f2e8
🧑🏾‍❤‍🧑🏼,People With Heart,People & Body,1f9d1_1f3fe_200d_2764_200d_1f9d1_1f3fc,People Body/people-with-heart__1f9d1_1f3fe_200d_2764_200d_1f9d1_1f3fc.png,https://fonts.gstatic.com/s/e/noto3demoji/latest/1f9d1_1f3fe_200d_2764_200d_1f9d1_1f3fc/512.png,512,512,168847,af753732b3e7db4bff90e20aa2c9a2a30a02bbf3ce458ad2cdbadbb3e876a70a
🧑🏾‍❤‍🧑🏽,People With Heart,People & Body,1f9d1_1f3fe_200d_2764_200d_1f9d1_1f3fd,People Body/people-with-heart__1f9d1_1f3fe_200d_2764_200d_1f9d1_1f3fd.png,https://fonts.gstatic.com/s/e/noto3demoji/latest/1f9d1_1f3fe_200d_2764_200d_1f9d1_1f3fd/512.png,512,512,164967,3d804c417a84acecfcfc6c17b7e01a6b514c7660ab4cb91190b3b6c01e6cac30
🧑🏾‍❤‍🧑🏿,People With Heart,People & Body,1f9d1_1f3fe_200d_2764_200d_1f9d1_1f3ff,People Body/people-with-heart__1f9d1_1f3fe_200d_2764_200d_1f9d1_1f3ff.png,https://fonts.gstatic.com/s/e/noto3demoji/latest/1f9d1_1f3fe_200d_2764_200d_1f9d1_1f3ff/512.png,512,512,161742,5218e051b313629ab392469fdaa781552d8c56f95b2f955a469a1ae2309eb97a
🧑🏿‍❤‍🧑🏻,People With Heart,People & Body,1f9d1_1f3ff_200d_2764_200d_1f9d1_1f3fb,People Body/people-with-heart__1f9d1_1f3ff_200d_2764_200d_1f9d1_1f3fb.png,https://fonts.gstatic.com/s/e/noto3demoji/latest/1f9d1_1f3ff_200d_2764_200d_1f9d1_1f3fb/512.png,512,512,165072,0793964ce86d866992f06d483753a42a9fb5ce92116aef4dd52ca24074533b70
🧑🏿‍❤‍🧑🏼,People With Heart,People & Body,1f9d1_1f3ff_200d_2764_200d_1f9d1_1f3fc,People Body/people-with-heart__1f9d1_1f3ff_200d_2764_200d_1f9d1_1f3fc.png,https://fonts.gstatic.com/s/e/noto3demoji/latest/1f9d1_1f3ff_200d_2764_200d_1f9d1_1f3fc/512.png,512,512,167202,686c2714dbec38bfd5c14e8b50a086e61092ad855f264b94cbdde57bf5bd3d15
🧑🏿‍❤‍🧑🏽,People With Heart,People & Body,1f9d1_1f3ff_200d_2764_200d_1f9d1_1f3fd,People Body/people-with-heart__1f9d1_1f3ff_200d_2764_200d_1f9d1_1f3fd.png,https://fonts.gstatic.com/s/e/noto3demoji/latest/1f9d1_1f3ff_200d_2764_200d_1f9d1_1f3fd/512.png,512,512,163192,981247ae542fdfddd9a9a6000a06b7d77512687a56a8c29a7908ef65c1dc3a89
🧑🏿‍❤‍🧑🏾,People With Heart,People & Body,1f9d1_1f3ff_200d_2764_200d_1f9d1_1f3fe,People Body/people-with-heart__1f9d1_1f3ff_200d_2764_200d_1f9d1_1f3fe.png,https://fonts.gstatic.com/s/e/noto3demoji/latest/1f9d1_1f3ff_200d_2764_200d_1f9d1_1f3fe/512.png,512,512,161400,be02e2734df3ad8a2b8f3e9acac15301d1b3afa7c2e9356eac6f6aa660e67f6b
👩‍❤‍👨,Heart With Woman And Man,People & Body,1f469_200d_2764_200d_1f468,People Body/heart-with-woman-and-man__1f469_200d_2764_200d_1f468.png,https://fonts.gstatic.com/s/e/noto3demoji/latest/1f469_200d_2764_200d_1f468/512.png,512,512,149125,dbbf086ef4c46ce1002302b45e5208073ac909e2000ca5f33595be4cdfa538a4
👩🏻‍❤‍👨🏻,Heart With Woman And Man,People & Body,1f469_1f3fb_200d_2764_200d_1f468_1f3fb,People Body/heart-with-woman-and-man__1f469_1f3fb_200d_2764_200d_1f468_1f3fb.png,https://fonts.gstatic.com/s/e/noto3demoji/latest/1f469_1f3fb_200d_2764_200d_1f468_1f3fb/512.png,512,512,155786,cd5d257fc795d5951fbc648e16add4c6296a3ced9f6892c78b6ebb7796ff7a29
👩🏻‍❤‍👨🏼,Heart With Woman And Man,People & Body,1f469_1f3fb_200d_2764_200d_1f468_1f3fc,People Body/heart-with-woman-and-man__1f469_1f3fb_200d_2764_200d_1f468_1f3fc.png,https://fonts.gstatic.com/s/e/noto3demoji/latest/1f469_1f3fb_200d_2764_200d_1f468_1f3fc/512.png,512,512,155889,7eb0f2f0134732e66da41356767132b8fcb766eb710f21e29f1d84eb14bde0f1
👩🏻‍❤‍👨🏽,Heart With Woman And Man,People & Body,1f469_1f3fb_200d_2764_200d_1f468_1f3fd,People Body/heart-with-woman-and-man__1f469_1f3fb_200d_2764_200d_1f468_1f3fd.png,https://fonts.gstatic.com/s/e/noto3demoji/latest/1f469_1f3fb_200d_2764_200d_1f468_1f3fd/512.png,512,512,154114,df127ccc69106310896373ad9b7615d424845182b16944e4e2d62d761f07c300
👩🏻‍❤‍👨🏾,Heart With Woman And Man,People & Body,1f469_1f3fb_200d_2764_200d_1f468_1f3fe,People Body/heart-with-woman-and-man__1f469_1f3fb_200d_2764_200d_1f468_1f3fe.png,https://fonts.gstatic.com/s/e/noto3demoji/latest/1f469_1f3fb_200d_2764_200d_1f468_1f3fe/512.png,512,512,153592,e39d22c3a530edd4243ae2fc1df85762383dd2ab2291fb8139cc49772a01bf2d
👩🏻‍❤‍👨🏿,Heart With Woman And Man,People & Body,1f469_1f3fb_200d_2764_200d_1f468_1f3ff,People Body/heart-with-woman-and-man__1f469_1f3fb_200d_2764_200d_1f468_1f3ff.png,https://fonts.gstatic.com/s/e/noto3demoji/latest/1f469_1f3fb_200d_2764_200d_1f468_1f3ff/512.png,512,512,152183,556218802a6beecc314554e05db812722908140985b51dffa4cb6b4a174391cd
👩🏼‍❤‍👨🏻,Heart With Woman And Man,People & Body,1f469_1f3fc_200d_2764_200d_1f468_1f3fb,People Body/heart-with-woman-and-man__1f469_1f3fc_200d_2764_200d_1f468_1f3fb.png,https://fonts.gstatic.com/s/e/noto3demoji/latest/1f469_1f3fc_200d_2764_200d_1f468_1f3fb/512.png,512,512,157566,738e7d83e9004ce0fbc5b3286fcfd249066e3142f07ed10f84eee1e747479278
👩🏼‍❤‍👨🏼,Heart With Woman And Man,People & Body,1f469_1f3fc_200d_2764_200d_1f468_1f3fc,People Body/heart-with-woman-and-man__1f469_1f3fc_200d_2764_200d_1f468_1f3fc.png,https://fonts.gstatic.com/s/e/noto3demoji/latest/1f469_1f3fc_200d_2764_200d_1f468_1f3fc/512.png,512,512,156029,b67bfed77db755b7e19e17cac5790b5169ea1c2215af1b0f3f5cc5a18d795224
👩🏼‍❤‍👨🏽,Heart With Woman And Man,People & Body,1f469_1f3fc_200d_2764_200d_1f468_1f3fd,People Body/heart-with-woman-and-man__1f469_1f3fc_200d_2764_200d_1f468_1f3fd.png,https://fonts.gstatic.com/s/e/noto3demoji/latest/1f469_1f3fc_200d_2764_200d_1f468_1f3fd/512.png,512,512,154879,ea61f9ce919ae58d38d53562b269011a2ebe14b0523dc71b27f6f24a65b7980e
👩🏼‍❤‍👨🏾,Heart With Woman And Man,People & Body,1f469_1f3fc_200d_2764_200d_1f468_1f3fe,People Body/heart-with-woman-and-man__1f469_1f3fc_200d_2764_200d_1f468_1f3fe.png,https://fonts.gstatic.com/s/e/noto3demoji/latest/1f469_1f3fc_200d_2764_200d_1f468_1f3fe/512.png,512,512,154459,1432f34530ffe7a815a2ce14d718da71d8b10217328e4f4ac4ea1d9ce68f6a49
👩🏼‍❤‍👨🏿,Heart With Woman And Man,People & Body,1f469_1f3fc_200d_2764_200d_1f468_1f3ff,People Body/heart-with-woman-and-man__1f469_1f3fc_200d_2764_200d_1f468_1f3ff.png,https://fonts.gstatic.com/s/e/noto3demoji/latest/1f469_1f3fc_200d_2764_200d_1f468_1f3ff/512.png,512,512,153354,d8614030667f1736081802ffaea7898916c3e8967eb3f71119efe003e816accc
👩🏽‍❤‍👨🏻,Heart With Woman And Man,People & Body,1f469_1f3fd_200d_2764_200d_1f468_1f3fb,People Body/heart-with-woman-and-man__1f469_1f3fd_200d_2764_200d_1f468_1f3fb.png,https://fonts.gstatic.com/s/e/noto3demoji/latest/1f469_1f3fd_200d_2764_200d_1f468_1f3fb/512.png,512,512,154044,5286620195cb79a9bb2ddda9900d9c59a7cc98904f34f3165f60e2f9cc6a27d3
👩🏽‍❤‍👨🏼,Heart With Woman And Man,People & Body,1f469_1f3fd_200d_2764_200d_1f468_1f3fc,People Body/heart-with-woman-and-man__1f469_1f3fd_200d_2764_200d_1f468_1f3fc.png,https://fonts.gstatic.com/s/e/noto3demoji/latest/1f469_1f3fd_200d_2764_200d_1f468_1f3fc/512.png,512,512,153127,4285b55cde45e77c2b27ca2e8c80a554b56acf85c9132e67f147f37ec9e14312
👩🏽‍❤‍👨🏽,Heart With Woman And Man,People & Body,1f469_1f3fd_200d_2764_200d_1f468_1f3fd,People Body/heart-with-woman-and-man__1f469_1f3fd_200d_2764_200d_1f468_1f3fd.png,https://fonts.gstatic.com/s/e/noto3demoji/latest/1f469_1f3fd_200d_2764_200d_1f468_1f3fd/512.png,512,512,150342,79b407ffc7e857e9006cfa185af12426d0ff298776739c17e8fb99ac94ca3066
👩🏽‍❤‍👨🏾,Heart With Woman And Man,People & Body,1f469_1f3fd_200d_2764_200d_1f468_1f3fe,People Body/heart-with-woman-and-man__1f469_1f3fd_200d_2764_200d_1f468_1f3fe.png,https://fonts.gstatic.com/s/e/noto3demoji/latest/1f469_1f3fd_200d_2764_200d_1f468_1f3fe/512.png,512,512,151012,13798cde1bc72d5e73c464e7582a5ed933d1ae7ccd673a9bd02dd91825a7a50d
👩🏽‍❤‍👨🏿,Heart With Woman And Man,People & Body,1f469_1f3fd_200d_2764_200d_1f468_1f3ff,People Body/heart-with-woman-and-man__1f469_1f3fd_200d_2764_200d_1f468_1f3ff.png,https://fonts.gstatic.com/s/e/noto3demoji/latest/1f469_1f3fd_200d_2764_200d_1f468_1f3ff/512.png,512,512,149372,2ac8afbce5adad72a88dc1e9f953ada48edeb78676e33d63eea7e51c532af17b
👩🏾‍❤‍👨🏻,Heart With Woman And Man,People & Body,1f469_1f3fe_200d_2764_200d_1f468_1f3fb,People Body/heart-with-woman-and-man__1f469_1f3fe_200d_2764_200d_1f468_1f3fb.png,https://fonts.gstatic.com/s/e/noto3demoji/latest/1f469_1f3fe_200d_2764_200d_1f468_1f3fb/512.png,512,512,153437,2b57ec4ec2ea9dae47f4de8ae4d9def14c7ee716deda4d1c471d48b11f29c75c
👩🏾‍❤‍👨🏼,Heart With Woman And Man,People & Body,1f469_1f3fe_200d_2764_200d_1f468_1f3fc,People Body/heart-with-woman-and-man__1f469_1f3fe_200d_2764_200d_1f468_1f3fc.png,https://fonts.gstatic.com/s/e/noto3demoji/latest/1f469_1f3fe_200d_2764_200d_1f468_1f3fc/512.png,512,512,152863,ae1db6fa95af36ba86a854016b7532dd5dff7d2e966cfa69ace5c9b73ab31d55
👩🏾‍❤‍👨🏽,Heart With Woman And Man,People & Body,1f469_1f3fe_200d_2764_200d_1f468_1f3fd,People Body/heart-with-woman-and-man__1f469_1f3fe_200d_2764_200d_1f468_1f3fd.png,https://fonts.gstatic.com/s/e/noto3demoji/latest/1f469_1f3fe_200d_2764_200d_1f468_1f3fd/512.png,512,512,150623,1c77d397ed61217be16f11786ac323a4eb49fcda99eb19b82bbc1e881bc2e6a0
👩🏾‍❤‍👨🏾,Heart With Woman And Man,People & Body,1f469_1f3fe_200d_2764_200d_1f468_1f3fe,People Body/heart-with-woman-and-man__1f469_1f3fe_200d_2764_200d_1f468_1f3fe.png,https://fonts.gstatic.com/s/e/noto3demoji/latest/1f469_1f3fe_200d_2764_200d_1f468_1f3fe/512.png,512,512,149428,6021128f7440abff4f18eafc64d967369337ec09051509e88e582b3bd2ba8723
👩🏾‍❤‍👨🏿,Heart With Woman And Man,People & Body,1f469_1f3fe_200d_2764_200d_1f468_1f3ff,People Body/heart-with-woman-and-man__1f469_1f3fe_200d_2764_200d_1f468_1f3ff.png,https://fonts.gstatic.com/s/e/noto3demoji/latest/1f469_1f3fe_200d_2764_200d_1f468_1f3ff/512.png,512,512,149245,f9a1c2580640afe8497114f4bd40f372e20aa27e8c1bddf478bf8854a10d97a0
👩🏿‍❤‍👨🏻,Heart With Woman And Man,People & Body,1f469_1f3ff_200d_2764_200d_1f468_1f3fb,People Body/heart-with-woman-and-man__1f469_1f3ff_200d_2764_200d_1f468_1f3fb.png,https://fonts.gstatic.com/s/e/noto3demoji/latest/1f469_1f3ff_200d_2764_200d_1f468_1f3fb/512.png,512,512,152118,39829eb6acdbb36326723566e21784b278d56930edb8cf1339f7c172a717365b
👩🏿‍❤‍👨🏼,Heart With Woman And Man,People & Body,1f469_1f3ff_200d_2764_200d_1f468_1f3fc,People Body/heart-with-woman-and-man__1f469_1f3ff_200d_2764_200d_1f468_1f3fc.png,https://fonts.gstatic.com/s/e/noto3demoji/latest/1f469_1f3ff_200d_2764_200d_1f468_1f3fc/512.png,512,512,151520,72086672b12fbb11fad02e56f17b100dbefd4660dac723f94ecd5272f8c5316e
👩🏿‍❤‍👨🏽,Heart With Woman And Man,People & Body,1f469_1f3ff_200d_2764_200d_1f468_1f3fd,People Body/heart-with-woman-and-man__1f469_1f3ff_200d_2764_200d_1f468_1f3fd.png,https://fonts.gstatic.com/s/e/noto3demoji/latest/1f469_1f3ff_200d_2764_200d_1f468_1f3fd/512.png,512,512,149167,98c9d8a00b95231a3f75868960d456cf0449897c066d2fa871bd7ade463355c1
👩🏿‍❤‍👨🏾,Heart With Woman And Man,People & Body,1f469_1f3ff_200d_2764_200d_1f468_1f3fe,People Body/heart-with-woman-and-man__1f469_1f3ff_200d_2764_200d_1f468_1f3fe.png,https://fonts.gstatic.com/s/e/noto3demoji/latest/1f469_1f3ff_200d_2764_200d_1f468_1f3fe/512.png,512,512,148766,dba145e38ad7860e1c94fcff40349080af92cc26b2477b2e1243ee437c0d99bf
👩🏿‍❤‍👨🏿,Heart With Woman And Man,People & Body,1f469_1f3ff_200d_2764_200d_1f468_1f3ff,People Body/heart-with-woman-and-man__1f469_1f3ff_200d_2764_200d_1f468_1f3ff.png,https://fonts.gstatic.com/s/e/noto3demoji/latest/1f469_1f3ff_200d_2764_200d_1f468_1f3ff/512.png,512,512,146229,075b6603faf915a382a90edf2f5e4aa13f625abe9dce75d4fa8b80f051061c50
👨‍❤‍👨,Heart With Man And Man,People & Body,1f468_200d_2764_200d_1f468,People Body/heart-with-man-and-man__1f468_200d_2764_200d_1f468.png,https://fonts.gstatic.com/s/e/noto3demoji/latest/1f468_200d_2764_200d_1f468/512.png,512,512,134453,339674223ecd83bf95a36c4326782819a27486e04af31e36f3fe58281bf18950
👨🏻‍❤‍👨🏻,Heart With Man And Man,People & Body,1f468_1f3fb_200d_2764_200d_1f468_1f3fb,People Body/heart-with-man-and-man__1f468_1f3fb_200d_2764_200d_1f468_1f3fb.png,https://fonts.gstatic.com/s/e/noto3demoji/latest/1f468_1f3fb_200d_2764_200d_1f468_1f3fb/512.png,512,512,142262,cfa62bcc2128691b3272f4aa09a5b2065f7eee681ca38482c9e3547b1910b09c
👨🏻‍❤‍👨🏼,Heart With Man And Man,People & Body,1f468_1f3fb_200d_2764_200d_1f468_1f3fc,People Body/heart-with-man-and-man__1f468_1f3fb_200d_2764_200d_1f468_1f3fc.png,https://fonts.gstatic.com/s/e/noto3demoji/latest/1f468_1f3fb_200d_2764_200d_1f468_1f3fc/512.png,512,512,142636,7a7be5d6245cf6ae5319438cd21b479aa06ecad61e2fd943d24423e0297287fb
👨🏻‍❤‍👨🏽,Heart With Man And Man,People & Body,1f468_1f3fb_200d_2764_200d_1f468_1f3fd,People Body/heart-with-man-and-man__1f468_1f3fb_200d_2764_200d_1f468_1f3fd.png,https://fonts.gstatic.com/s/e/noto3demoji/latest/1f468_1f3fb_200d_2764_200d_1f468_1f3fd/512.png,512,512,140225,536f231152a5728b4c65572fe63d7a77a0cb43ca8d9ce40331ab3ab6b051fcb1
👨🏻‍❤‍👨🏾,Heart With Man And Man,People & Body,1f468_1f3fb_200d_2764_200d_1f468_1f3fe,People Body/heart-with-man-and-man__1f468_1f3fb_200d_2764_200d_1f468_1f3fe.png,https://fonts.gstatic.com/s/e/noto3demoji/latest/1f468_1f3fb_200d_2764_200d_1f468_1f3fe/512.png,512,512,140199,2921373bdfcc1ebf0aa01dab010a2210e67ed44a4574d30119edd4e653aecdbe
👨🏻‍❤‍👨🏿,Heart With Man And Man,People & Body,1f468_1f3fb_200d_2764_200d_1f468_1f3ff,People Body/heart-with-man-and-man__1f468_1f3fb_200d_2764_200d_1f468_1f3ff.png,https://fonts.gstatic.com/s/e/noto3demoji/latest/1f468_1f3fb_200d_2764_200d_1f468_1f3ff/512.png,512,512,138975,561d390ed4e5a43cb347c4f9891ebb50234259c749f0399e4269c06db68e005e
👨🏼‍❤‍👨🏻,Heart With Man And Man,People & Body,1f468_1f3fc_200d_2764_200d_1f468_1f3fb,People Body/heart-with-man-and-man__1f468_1f3fc_200d_2764_200d_1f468_1f3fb.png,https://fonts.gstatic.com/s/e/noto3demoji/latest/1f468_1f3fc_200d_2764_200d_1f468_1f3fb/512.png,512,512,142478,ac966d15059259551549c7d8a36b49e98b2a229513765902c0b130969a049ce3
👨🏼‍❤‍👨🏼,Heart With Man And Man,People & Body,1f468_1f3fc_200d_2764_200d_1f468_1f3fc,People Body/heart-with-man-and-man__1f468_1f3fc_200d_2764_200d_1f468_1f3fc.png,https://fonts.gstatic.com/s/e/noto3demoji/latest/1f468_1f3fc_200d_2764_200d_1f468_1f3fc/512.png,512,512,141883,b4638204352e22a8f0e4ce23ad0846d595a78dda8b26d80c26800a92d7abe88d
👨🏼‍❤‍👨🏽,Heart With Man And Man,People & Body,1f468_1f3fc_200d_2764_200d_1f468_1f3fd,People Body/heart-with-man-and-man__1f468_1f3fc_200d_2764_200d_1f468_1f3fd.png,https://fonts.gstatic.com/s/e/noto3demoji/latest/1f468_1f3fc_200d_2764_200d_1f468_1f3fd/512.png,512,512,139753,7c9cabb497b8f8bcca637c504d8a049899e63a5600a9167138d0898b3e9c05f2
👨🏼‍❤‍👨🏾,Heart With Man And Man,People & Body,1f468_1f3fc_200d_2764_200d_1f468_1f3fe,People Body/heart-with-man-and-man__1f468_1f3fc_200d_2764_200d_1f468_1f3fe.png,https://fonts.gstatic.com/s/e/noto3demoji/latest/1f468_1f3fc_200d_2764_200d_1f468_1f3fe/512.png,512,512,139784,a78ee3ff2c3094e54474030559039a5c3956a1ea7facf992a1f8f944b6e56f7a
👨🏼‍❤‍👨🏿,Heart With Man And Man,People & Body,1f468_1f3fc_200d_2764_200d_1f468_1f3ff,People Body/heart-with-man-and-man__1f468_1f3fc_200d_2764_200d_1f468_1f3ff.png,https://fonts.gstatic.com/s/e/noto3demoji/latest/1f468_1f3fc_200d_2764_200d_1f468_1f3ff/512.png,512,512,138932,b7989ecc4f46ec0e25432f43f3ce87b9ecd0063c13ad90fdcd22a875cddc6323
👨🏽‍❤‍👨🏻,Heart With Man And Man,People & Body,1f468_1f3fd_200d_2764_200d_1f468_1f3fb,People Body/heart-with-man-and-man__1f468_1f3fd_200d_2764_200d_1f468_1f3fb.png,https://fonts.gstatic.com/s/e/noto3demoji/latest/1f468_1f3fd_200d_2764_200d_1f468_1f3fb/512.png,512,512,140259,b2a2e099143bd64064bfe410e796d919c7bf01f830ebccb614981c2ede3c0bbf
👨🏽‍❤‍👨🏼,Heart With Man And Man,People & Body,1f468_1f3fd_200d_2764_200d_1f468_1f3fc,People Body/heart-with-man-and-man__1f468_1f3fd_200d_2764_200d_1f468_1f3fc.png,https://fonts.gstatic.com/s/e/noto3demoji/latest/1f468_1f3fd_200d_2764_200d_1f468_1f3fc/512.png,512,512,139833,2ebc69f96ce8e6271f0569a1df5d814b9ebd88ab8300bd82875a517ffd1a34d3
👨🏽‍❤‍👨🏽,Heart With Man And Man,People & Body,1f468_1f3fd_200d_2764_200d_1f468_1f3fd,People Body/heart-with-man-and-man__1f468_1f3fd_200d_2764_200d_1f468_1f3fd.png,https://fonts.gstatic.com/s/e/noto3demoji/latest/1f468_1f3fd_200d_2764_200d_1f468_1f3fd/512.png,512,512,136362,933fe5fa8b0921e7772fb63acb3eae6ce5df530749b0bc78a34182eb09214a9c
👨🏽‍❤‍👨🏾,Heart With Man And Man,People & Body,1f468_1f3fd_200d_2764_200d_1f468_1f3fe,People Body/heart-with-man-and-man__1f468_1f3fd_200d_2764_200d_1f468_1f3fe.png,https://fonts.gstatic.com/s/e/noto3demoji/latest/1f468_1f3fd_200d_2764_200d_1f468_1f3fe/512.png,512,512,136794,fcf0ce53bfadbfe418c90afd856407bf517328043c20dc096eb733a043fa928a
👨🏽‍❤‍👨🏿,Heart With Man And Man,People & Body,1f468_1f3fd_200d_2764_200d_1f468_1f3ff,People Body/heart-with-man-and-man__1f468_1f3fd_200d_2764_200d_1f468_1f3ff.png,https://fonts.gstatic.com/s/e/noto3demoji/latest/1f468_1f3fd_200d_2764_200d_1f468_1f3ff/512.png,512,512,135885,11511d5c68a3f68b3589b99cdd7929716a7499726a6bd5d10923f3aba6ece2e5
👨🏾‍❤‍👨🏻,Heart With Man And Man,People & Body,1f468_1f3fe_200d_2764_200d_1f468_1f3fb,People Body/heart-with-man-and-man__1f468_1f3fe_200d_2764_200d_1f468_1f3fb.png,https://fonts.gstatic.com/s/e/noto3demoji/latest/1f468_1f3fe_200d_2764_200d_1f468_1f3fb/512.png,512,512,139494,5a2ff0fe7e807a8445bf8e40f9dc72c5ecc22a7fbff90f80e57ee5fd526bbe33
👨🏾‍❤‍👨🏼,Heart With Man And Man,People & Body,1f468_1f3fe_200d_2764_200d_1f468_1f3fc,People Body/heart-with-man-and-man__1f468_1f3fe_200d_2764_200d_1f468_1f3fc.png,https://fonts.gstatic.com/s/e/noto3demoji/latest/1f468_1f3fe_200d_2764_200d_1f468_1f3fc/512.png,512,512,139562,c4c1aca1fb8cd9f44577c9674d631e2cda4c99002d16b4a9e5cffd9af1d706f0
👨🏾‍❤‍👨🏽,Heart With Man And Man,People & Body,1f468_1f3fe_200d_2764_200d_1f468_1f3fd,People Body/heart-with-man-and-man__1f468_1f3fe_200d_2764_200d_1f468_1f3fd.png,https://fonts.gstatic.com/s/e/noto3demoji/latest/1f468_1f3fe_200d_2764_200d_1f468_1f3fd/512.png,512,512,136785,8997cfb6244adcf04abb743ac47b93d5467828f6ea3fa556ae081714d74f1cdd
👨🏾‍❤‍👨🏾,Heart With Man And Man,People & Body,1f468_1f3fe_200d_2764_200d_1f468_1f3fe,People Body/heart-with-man-and-man__1f468_1f3fe_200d_2764_200d_1f468_1f3fe.png,https://fonts.gstatic.com/s/e/noto3demoji/latest/1f468_1f3fe_200d_2764_200d_1f468_1f3fe/512.png,512,512,135820,9a4435bf9704ba69cfd9224c088d2d73156b3a384a88e2c0b2bdb94b68459b13
👨🏾‍❤‍👨🏿,Heart With Man And Man,People & Body,1f468_1f3fe_200d_2764_200d_1f468_1f3ff,People Body/heart-with-man-and-man__1f468_1f3fe_200d_2764_200d_1f468_1f3ff.png,https://fonts.gstatic.com/s/e/noto3demoji/latest/1f468_1f3fe_200d_2764_200d_1f468_1f3ff/512.png,512,512,135397,ad4ea588f47165e2f1b598906b70693e45632204113f4719a8e3c6d1154bbc65
👨🏿‍❤‍👨🏻,Heart With Man And Man,People & Body,1f468_1f3ff_200d_2764_200d_1f468_1f3fb,People Body/heart-with-man-and-man__1f468_1f3ff_200d_2764_200d_1f468_1f3fb.png,https://fonts.gstatic.com/s/e/noto3demoji/latest/1f468_1f3ff_200d_2764_200d_1f468_1f3fb/512.png,512,512,138916,05cbfb66e1ca7579def96ba49048fa40ce896621d7f41dfe8e8027cd3798b49a
👨🏿‍❤‍👨🏼,Heart With Man And Man,People & Body,1f468_1f3ff_200d_2764_200d_1f468_1f3fc,People Body/heart-with-man-and-man__1f468_1f3ff_200d_2764_200d_1f468_1f3fc.png,https://fonts.gstatic.com/s/e/noto3demoji/latest/1f468_1f3ff_200d_2764_200d_1f468_1f3fc/512.png,512,512,138775,3efdb50d0e8e5be596b5446a29708d386f52ae55c9f334e0b052a4af61ec5c1d
👨🏿‍❤‍👨🏽,Heart With Man And Man,People & Body,1f468_1f3ff_200d_2764_200d_1f468_1f3fd,People Body/heart-with-man-and-man__1f468_1f3ff_200d_2764_200d_1f468_1f3fd.png,https://fonts.gstatic.com/s/e/noto3demoji/latest/1f468_1f3ff_200d_2764_200d_1f468_1f3fd/512.png,512,512,136042,ca29aa93bc721cc028cd90f510d386b770e6127b7124b4a746c1bb1daffd0500
👨🏿‍❤‍👨🏾,Heart With Man And Man,People & Body,1f468_1f3ff_200d_2764_200d_1f468_1f3fe,People Body/heart-with-man-and-man__1f468_1f3ff_200d_2764_200d_1f468_1f3fe.png,https://fonts.gstatic.com/s/e/noto3demoji/latest/1f468_1f3ff_200d_2764_200d_1f468_1f3fe/512.png,512,512,135819,8e976327f2ac04326230d9baf87c9a0c6de06295ce85ce5530abceb298f8cf87
👨🏿‍❤‍👨🏿,Heart With Man And Man,People & Body,1f468_1f3ff_200d_2764_200d_1f468_1f3ff,People Body/heart-with-man-and-man__1f468_1f3ff_200d_2764_200d_1f468_1f3ff.png,https://fonts.gstatic.com/s/e/noto3demoji/latest/1f468_1f3ff_200d_2764_200d_1f468_1f3ff/512.png,512,512,133755,9bbf1c1c4fcff3f47b52c22f4c35ccbc3fe7bb44fe702bd0f8656be197600ffc
👩‍❤‍👩,Heart With Woman And Woman,People & Body,1f469_200d_2764_200d_1f469,People Body/heart-with-woman-and-woman__1f469_200d_2764_200d_1f469.png,https://fonts.gstatic.com/s/e/noto3demoji/latest/1f469_200d_2764_200d_1f469/512.png,512,512,160191,e1ffce43d71ae8def7b1ca5713bab41c50a49fb82443dd22c905b05e42a01be3
👩🏻‍❤‍👩🏻,Heart With Woman And Woman,People & Body,1f469_1f3fb_200d_2764_200d_1f469_1f3fb,People Body/heart-with-woman-and-woman__1f469_1f3fb_200d_2764_200d_1f469_1f3fb.png,https://fonts.gstatic.com/s/e/noto3demoji/latest/1f469_1f3fb_200d_2764_200d_1f469_1f3fb/512.png,512,512,166737,7272f7ad76046771a25714c5460ebe2afb27b157f1693680e49ef7bb7dedce91
👩🏻‍❤‍👩🏼,Heart With Woman And Woman,People & Body,1f469_1f3fb_200d_2764_200d_1f469_1f3fc,People Body/heart-with-woman-and-woman__1f469_1f3fb_200d_2764_200d_1f469_1f3fc.png,https://fonts.gstatic.com/s/e/noto3demoji/latest/1f469_1f3fb_200d_2764_200d_1f469_1f3fc/512.png,512,512,169485,a3d836822a63057b79490d79cf02350ad13f0f396d8269aee21045a066ebbc65
👩🏻‍❤‍👩🏽,Heart With Woman And Woman,People & Body,1f469_1f3fb_200d_2764_200d_1f469_1f3fd,People Body/heart-with-woman-and-woman__1f469_1f3fb_200d_2764_200d_1f469_1f3fd.png,https://fonts.gstatic.com/s/e/noto3demoji/latest/1f469_1f3fb_200d_2764_200d_1f469_1f3fd/512.png,512,512,166010,d32dc67278aec70588ed6ff14d2a67e6769247722c2036bddcc0fdeaf33b27a6
👩🏻‍❤‍👩🏾,Heart With Woman And Woman,People & Body,1f469_1f3fb_200d_2764_200d_1f469_1f3fe,People Body/heart-with-woman-and-woman__1f469_1f3fb_200d_2764_200d_1f469_1f3fe.png,https://fonts.gstatic.com/s/e/noto3demoji/latest/1f469_1f3fb_200d_2764_200d_1f469_1f3fe/512.png,512,512,164843,8d5df1be92a8fc9afb73dcecd7f3c9ec3b5f9840ae4cc6fedb5999fe7911b76b
👩🏻‍❤‍👩🏿,Heart With Woman And Woman,People & Body,1f469_1f3fb_200d_2764_200d_1f469_1f3ff,People Body/heart-with-woman-and-woman__1f469_1f3fb_200d_2764_200d_1f469_1f3ff.png,https://fonts.gstatic.com/s/e/noto3demoji/latest/1f469_1f3fb_200d_2764_200d_1f469_1f3ff/512.png,512,512,162962,8b35f4790b702e8f73f82b810975eabc0d63f31c6931b8623e490bddb0320542
👩🏼‍❤‍👩🏻,Heart With Woman And Woman,People & Body,1f469_1f3fc_200d_2764_200d_1f469_1f3fb,People Body/heart-with-woman-and-woman__1f469_1f3fc_200d_2764_200d_1f469_1f3fb.png,https://fonts.gstatic.com/s/e/noto3demoji/latest/1f469_1f3fc_200d_2764_200d_1f469_1f3fb/512.png,512,512,169410,1abba4d8fc2fdc900255f10d57f0c47942568973e61d704d4b3d069572619c42
👩🏼‍❤‍👩🏼,Heart With Woman And Woman,People & Body,1f469_1f3fc_200d_2764_200d_1f469_1f3fc,People Body/heart-with-woman-and-woman__1f469_1f3fc_200d_2764_200d_1f469_1f3fc.png,https://fonts.gstatic.com/s/e/noto3demoji/latest/1f469_1f3fc_200d_2764_200d_1f469_1f3fc/512.png,512,512,168790,da166b49c3b098e9656c834d45316728b226d838c91e77d282a2659db07199dc
👩🏼‍❤‍👩🏽,Heart With Woman And Woman,People & Body,1f469_1f3fc_200d_2764_200d_1f469_1f3fd,People Body/heart-with-woman-and-woman__1f469_1f3fc_200d_2764_200d_1f469_1f3fd.png,https://fonts.gstatic.com/s/e/noto3demoji/latest/1f469_1f3fc_200d_2764_200d_1f469_1f3fd/512.png,512,512,166472,537eea5afdb18fc9e1591ebfb4ef7bf7bf8c87a0a391fb5a941e3dfa52ed8129
👩🏼‍❤‍👩🏾,Heart With Woman And Woman,People & Body,1f469_1f3fc_200d_2764_200d_1f469_1f3fe,People Body/heart-with-woman-and-woman__1f469_1f3fc_200d_2764_200d_1f469_1f3fe.png,https://fonts.gstatic.com/s/e/noto3demoji/latest/1f469_1f3fc_200d_2764_200d_1f469_1f3fe/512.png,512,512,165875,3136450f31271fa87010e52a17d5609c8f96b41872777d0776dcc973a57adbed
👩🏼‍❤‍👩🏿,Heart With Woman And Woman,People & Body,1f469_1f3fc_200d_2764_200d_1f469_1f3ff,People Body/heart-with-woman-and-woman__1f469_1f3fc_200d_2764_200d_1f469_1f3ff.png,https://fonts.gstatic.com/s/e/noto3demoji/latest/1f469_1f3fc_200d_2764_200d_1f469_1f3ff/512.png,512,512,164604,bba86f40a269c94002ae849e31a6171342715f97ca2dcb7e43b5090caec75cd4
👩🏽‍❤‍👩🏻,Heart With Woman And Woman,People & Body,1f469_1f3fd_200d_2764_200d_1f469_1f3fb,People Body/heart-with-woman-and-woman__1f469_1f3fd_200d_2764_200d_1f469_1f3fb.png,https://fonts.gstatic.com/s/e/noto3demoji/latest/1f469_1f3fd_200d_2764_200d_1f469_1f3fb/512.png,512,512,165708,7b79bb7d44b2cc0b6ae57a4c6bb9333ae5b6386b1c823d08ab2b68ef73ea9470
👩🏽‍❤‍👩🏼,Heart With Woman And Woman,People & Body,1f469_1f3fd_200d_2764_200d_1f469_1f3fc,People Body/heart-with-woman-and-woman__1f469_1f3fd_200d_2764_200d_1f469_1f3fc.png,https://fonts.gstatic.com/s/e/noto3demoji/latest/1f469_1f3fd_200d_2764_200d_1f469_1f3fc/512.png,512,512,167095,047b3144998842601e7849827210d647f4aeaaf3b5cdc067e32121dc7740365e
👩🏽‍❤‍👩🏽,Heart With Woman And Woman,People & Body,1f469_1f3fd_200d_2764_200d_1f469_1f3fd,People Body/heart-with-woman-and-woman__1f469_1f3fd_200d_2764_200d_1f469_1f3fd.png,https://fonts.gstatic.com/s/e/noto3demoji/latest/1f469_1f3fd_200d_2764_200d_1f469_1f3fd/512.png,512,512,162028,18111dd9216c8d1fa604f24af442822caa7cbd6f4d12e468267dbee55b618ac9
👩🏽‍❤‍👩🏾,Heart With Woman And Woman,People & Body,1f469_1f3fd_200d_2764_200d_1f469_1f3fe,People Body/heart-with-woman-and-woman__1f469_1f3fd_200d_2764_200d_1f469_1f3fe.png,https://fonts.gstatic.com/s/e/noto3demoji/latest/1f469_1f3fd_200d_2764_200d_1f469_1f3fe/512.png,512,512,162209,cf0e866c3c74182e3b4ff4204ac79e27b1293bc8b256c93751d7267654f6735f
👩🏽‍❤‍👩🏿,Heart With Woman And Woman,People & Body,1f469_1f3fd_200d_2764_200d_1f469_1f3ff,People Body/heart-with-woman-and-woman__1f469_1f3fd_200d_2764_200d_1f469_1f3ff.png,https://fonts.gstatic.com/s/e/noto3demoji/latest/1f469_1f3fd_200d_2764_200d_1f469_1f3ff/512.png,512,512,160555,7ae618aa40192bf7dc96c0851c6f7a11e320072a861ef33e10652e3c52a435d3
👩🏾‍❤‍👩🏻,Heart With Woman And Woman,People & Body,1f469_1f3fe_200d_2764_200d_1f469_1f3fb,People Body/heart-with-woman-and-woman__1f469_1f3fe_200d_2764_200d_1f469_1f3fb.png,https://fonts.gstatic.com/s/e/noto3demoji/latest/1f469_1f3fe_200d_2764_200d_1f469_1f3fb/512.png,512,512,164841,ab12f111d121f14f6e74a7f369cf261d5a2aae71f9b08193ca5d3e81f244099f
👩🏾‍❤‍👩🏼,Heart With Woman And Woman,People & Body,1f469_1f3fe_200d_2764_200d_1f469_1f3fc,People Body/heart-with-woman-and-woman__1f469_1f3fe_200d_2764_200d_1f469_1f3fc.png,https://fonts.gstatic.com/s/e/noto3demoji/latest/1f469_1f3fe_200d_2764_200d_1f469_1f3fc/512.png,512,512,165902,46955a3346bd53bca5abc7b9a029d09dbf40131e507a74b4fd63beefe9cd7cb9
👩🏾‍❤‍👩🏽,Heart With Woman And Woman,People & Body,1f469_1f3fe_200d_2764_200d_1f469_1f3fd,People Body/heart-with-woman-and-woman__1f469_1f3fe_200d_2764_200d_1f469_1f3fd.png,https://fonts.gstatic.com/s/e/noto3demoji/latest/1f469_1f3fe_200d_2764_200d_1f469_1f3fd/512.png,512,512,161839,99454116ed187cc6e8ffcba6a45770696ffdb8c47def336bad26ee718ce93070
👩🏾‍❤‍👩🏾,Heart With Woman And Woman,People & Body,1f469_1f3fe_200d_2764_200d_1f469_1f3fe,People Body/heart-with-woman-and-woman__1f469_1f3fe_200d_2764_200d_1f469_1f3fe.png,https://fonts.gstatic.com/s/e/noto3demoji/latest/1f469_1f3fe_200d_2764_200d_1f469_1f3fe/512.png,512,512,159950,3ebbc35091e41e0f4290772514b524f0c5ec149332460bf3457f95d53f41edec
👩🏾‍❤‍👩🏿,Heart With Woman And Woman,People & Body,1f469_1f3fe_200d_2764_200d_1f469_1f3ff,People Body/heart-with-woman-and-woman__1f469_1f3fe_200d_2764_200d_1f469_1f3ff.png,https://fonts.gstatic.com/s/e/noto3demoji/latest/1f469_1f3fe_200d_2764_200d_1f469_1f3ff/512.png,512,512,159215,ab0258717fd29cdd888d108a096f593f01dc20cc5ff9306be37f0b6e0e5fd3c7
👩🏿‍❤‍👩🏻,Heart With Woman And Woman,People & Body,1f469_1f3ff_200d_2764_200d_1f469_1f3fb,People Body/heart-with-woman-and-woman__1f469_1f3ff_200d_2764_200d_1f469_1f3fb.png,https://fonts.gstatic.com/s/e/noto3demoji/latest/1f469_1f3ff_200d_2764_200d_1f469_1f3fb/512.png,512,512,163041,079363b207a3d239d6644a10e3bbeceadae043ccecfab3999f364298e52abf28
👩🏿‍❤‍👩🏼,Heart With Woman And Woman,People & Body,1f469_1f3ff_200d_2764_200d_1f469_1f3fc,People Body/heart-with-woman-and-woman__1f469_1f3ff_200d_2764_200d_1f469_1f3fc.png,https://fonts.gstatic.com/s/e/noto3demoji/latest/1f469_1f3ff_200d_2764_200d_1f469_1f3fc/512.png,512,512,164777,f116a4179dd4136a3996e2ede35a2562349d80e9eb36347a4d4939b4bc9e48b9
👩🏿‍❤‍👩🏽,Heart With Woman And Woman,People & Body,1f469_1f3ff_200d_2764_200d_1f469_1f3fd,People Body/heart-with-woman-and-woman__1f469_1f3ff_200d_2764_200d_1f469_1f3fd.png,https://fonts.gstatic.com/s/e/noto3demoji/latest/1f469_1f3ff_200d_2764_200d_1f469_1f3fd/512.png,512,512,160421,ba70b463151f5e9daddfeb5ca9e423d94c4b49427fbb2d872021e6d8cb0c308f
👩🏿‍❤‍👩🏾,Heart With Woman And Woman,People & Body,1f469_1f3ff_200d_2764_200d_1f469_1f3fe,People Body/heart-with-woman-and-woman__1f469_1f3ff_200d_2764_200d_1f469_1f3fe.png,https://fonts.gstatic.com/s/e/noto3demoji/latest/1f469_1f3ff_200d_2764_200d_1f469_1f3fe/512.png,512,512,159504,c449d5c176f7c964729fd54c35f92cd5008f5330f9c174511f2416f040172e89
👩🏿‍❤‍👩🏿,Heart With Woman And Woman,People & Body,1f469_1f3ff_200d_2764_200d_1f469_1f3ff,People Body/heart-with-woman-and-woman__1f469_1f3ff_200d_2764_200d_1f469_1f3ff.png,https://fonts.gstatic.com/s/e/noto3demoji/latest/1f469_1f3ff_200d_2764_200d_1f469_1f3ff/512.png,512,512,156426,43a8b06e68c9f0d063699184588a981ff1b17dbb7776c4b72e6828f5896916a5
👨‍👩‍👦,Family,People & Body,1f468_200d_1f469_200d_1f466,People Body/family__1f468_200d_1f469_200d_1f466.png,https://fonts.gstatic.com/s/e/noto3demoji/latest/1f468_200d_1f469_200d_1f466/512.png,512,512,176724,70717e3dd2eede8a2d5cb19b8b546ab557ac9e88c234e5e820dba4901e91996d
👨‍👩‍👧,Family,People & Body,1f468_200d_1f469_200d_1f467,People Body/family__1f468_200d_1f469_200d_1f467.png,https://fonts.gstatic.com/s/e/noto3demoji/latest/1f468_200d_1f469_200d_1f467/512.png,512,512,182140,a660535b721e1dc411622cd06bfedf6ac84f16c3ac29358d0e2c755666235b34
👨‍👩‍👧‍👦,Family,People & Body,1f468_200d_1f469_200d_1f467_200d_1f466,People Body/family__1f468_200d_1f469_200d_1f467_200d_1f466.png,https://fonts.gstatic.com/s/e/noto3demoji/latest/1f468_200d_1f469_200d_1f467_200d_1f466/512.png,512,512,191116,3badacf128c01e5f37e9a4baefa98a06a947a14f22aa2f059206347389883fb6
👨‍👩‍👦‍👦,Family,People & Body,1f468_200d_1f469_200d_1f466_200d_1f466,People Body/family__1f468_200d_1f469_200d_1f466_200d_1f466.png,https://fonts.gstatic.com/s/e/noto3demoji/latest/1f468_200d_1f469_200d_1f466_200d_1f466/512.png,512,512,187060,687eb1b6cf5bbe499ff75b00a1d7bc6cabf6602b3e286746ebde58f438ac6b97
👨‍👩‍👧‍👧,Family,People & Body,1f468_200d_1f469_200d_1f467_200d_1f467,People Body/family__1f468_200d_1f469_200d_1f467_200d_1f467.png,https://fonts.gstatic.com/s/e/noto3demoji/latest/1f468_200d_1f469_200d_1f467_200d_1f467/512.png,512,512,189495,84e5107d813a97aa946ad11296688e7c9b5ac00c6375e34f51b691fdcf60189f
👨‍👨‍👦,Family,People & Body,1f468_200d_1f468_200d_1f466,People Body/family__1f468_200d_1f468_200d_1f466.png,https://fonts.gstatic.com/s/e/noto3demoji/latest/1f468_200d_1f468_200d_1f466/512.png,512,512,173168,f36e3d3f800fb8f5839b6827a532c30e8e83f970293306cbcff401d6288ccbfd
👨‍👨‍👧,Family,People & Body,1f468_200d_1f468_200d_1f467,People Body/family__1f468_200d_1f468_200d_1f467.png,https://fonts.gstatic.com/s/e/noto3demoji/latest/1f468_200d_1f468_200d_1f467/512.png,512,512,179064,dfe2d77f2d8f463444af3be0f37101fd34d2f47d765e765afd261eafc75f993c
👨‍👨‍👧‍👦,Family,People & Body,1f468_200d_1f468_200d_1f467_200d_1f466,People Body/family__1f468_200d_1f468_200d_1f467_200d_1f466.png,https://fonts.gstatic.com/s/e/noto3demoji/latest/1f468_200d_1f468_200d_1f467_200d_1f466/512.png,512,512,187323,8f0e73563ee8a618f56301fa93798fd1158a29da1acf941142c66dfd4a81e16e
👨‍👨‍👦‍👦,Family,People & Body,1f468_200d_1f468_200d_1f466_200d_1f466,People Body/family__1f468_200d_1f468_200d_1f466_200d_1f466.png,https://fonts.gstatic.com/s/e/noto3demoji/latest/1f468_200d_1f468_200d_1f466_200d_1f466/512.png,512,512,231294,631519abaa2febf3bd337c63df36ffccd1ff48e49d0d01ef69e2ace2c1308fca
👨‍👨‍👧‍👧,Family,People & Body,1f468_200d_1f468_200d_1f467_200d_1f467,People Body/family__1f468_200d_1f468_200d_1f467_200d_1f467.png,https://fonts.gstatic.com/s/e/noto3demoji/latest/1f468_200d_1f468_200d_1f467_200d_1f467/512.png,512,512,185799,2effa78bbd1a14d377508160675fafa4c0e5b45852de0c2d005c2fa001c8413c
👩‍👩‍👦,Family,People & Body,1f469_200d_1f469_200d_1f466,People Body/family__1f469_200d_1f469_200d_1f466.png,https://fonts.gstatic.com/s/e/noto3demoji/latest/1f469_200d_1f469_200d_1f466/512.png,512,512,185989,76e0b22d070d597198758a326d0ba700634d2bc7a1f09482cd1b53364f2ae281
👩‍👩‍👧,Family,People & Body,1f469_200d_1f469_200d_1f467,People Body/family__1f469_200d_1f469_200d_1f467.png,https://fonts.gstatic.com/s/e/noto3demoji/latest/1f469_200d_1f469_200d_1f467/512.png,512,512,192027,dba5171e79911181466b0b575bd7f4b5d991f4b6f8522a14cd22c4da348fd866
👩‍👩‍👧‍👦,Family,People & Body,1f469_200d_1f469_200d_1f467_200d_1f466,People Body/family__1f469_200d_1f469_200d_1f467_200d_1f466.png,https://fonts.gstatic.com/s/e/noto3demoji/latest/1f469_200d_1f469_200d_1f467_200d_1f466/512.png,512,512,200938,bd23c0ea377c65c08ccb8d2d2108ec2c26e7cd20967508a3a8febf243c103456
👩‍👩‍👦‍👦,Family,People & Body,1f469_200d_1f469_200d_1f466_200d_1f466,People Body/family__1f469_200d_1f469_200d_1f466_200d_1f466.png,https://fonts.gstatic.com/s/e/noto3demoji/latest/1f469_200d_1f469_200d_1f466_200d_1f466/512.png,512,512,191337,7d97274bc4b2bc0d75f0cf81233280c21fae2c7fa8820f6f46b26a4845cd8fad
👩‍👩‍👧‍👧,Family,People & Body,1f469_200d_1f469_200d_1f467_200d_1f467,People Body/family__1f469_200d_1f469_200d_1f467_200d_1f467.png,https://fonts.gstatic.com/s/e/noto3demoji/latest/1f469_200d_1f469_200d_1f467_200d_1f467/512.png,512,512,198957,9aff9d58529b2a4852dead368a7c6e2126a6468f4e37c380445d604c98fe8e60
👨‍👦,Family,People & Body,1f468_200d_1f466,People Body/family__1f468_200d_1f466.png,https://fonts.gstatic.com/s/e/noto3demoji/latest/1f468_200d_1f466/512.png,512,512,169010,3e068feddb63f3a7495a0ceb089126eb3cdecb596cdce576b7b48d8c5ee05242
👨‍👦‍👦,Family,People & Body,1f468_200d_1f466_200d_1f466,People Body/family__1f468_200d_1f466_200d_1f466.png,https://fonts.gstatic.com/s/e/noto3demoji/latest/1f468_200d_1f466_200d_1f466/512.png,512,512,177380,819d6f08e9c257c2cca62c118ced21a23a3d773aec309b8e407278acb176f45c
👨‍👧,Family,People & Body,1f468_200d_1f467,People Body/family__1f468_200d_1f467.png,https://fonts.gstatic.com/s/e/noto3demoji/latest/1f468_200d_1f467/512.png,512,512,174999,7fabf2c0c2741a7091edba57d16f775d4e79bc1edc4e5a6cf76d295e5981dc07
👨‍👧‍👦,Family,People & Body,1f468_200d_1f467_200d_1f466,People Body/family__1f468_200d_1f467_200d_1f466.png,https://fonts.gstatic.com/s/e/noto3demoji/latest/1f468_200d_1f467_200d_1f466/512.png,512,512,177270,fe438340995318e1fc63d58196c57fd27d711732b0f6d825c4a78fbfa2e60eed
👨‍👧‍👧,Family,People & Body,1f468_200d_1f467_200d_1f467,People Body/family__1f468_200d_1f467_200d_1f467.png,https://fonts.gstatic.com/s/e/noto3demoji/latest/1f468_200d_1f467_200d_1f467/512.png,512,512,183482,dec97ce77a7618c5bdbd0dfea4b358c9e476c9a3e24ba9344f5e110224696a03
👩‍👦,Family,People & Body,1f469_200d_1f466,People Body/family__1f469_200d_1f466.png,https://fonts.gstatic.com/s/e/noto3demoji/latest/1f469_200d_1f466/512.png,512,512,170275,4a25927d311b1b5f2b1c533d0a63dc9a8e7b93e7cb8c6218b4cbf94b4ca1ecab
👩‍👦‍👦,Family,People & Body,1f469_200d_1f466_200d_1f466,People Body/family__1f469_200d_1f466_200d_1f466.png,https://fonts.gstatic.com/s/e/noto3demoji/latest/1f469_200d_1f466_200d_1f466/512.png,512,512,183696,821cfa536d65bb44a5313a6844cf42cea77c8399d75816903e09b84e42028611
👩‍👧,Family,People & Body,1f469_200d_1f467,People Body/family__1f469_200d_1f467.png,https://fonts.gstatic.com/s/e/noto3demoji/latest/1f469_200d_1f467/512.png,512,512,173708,d27a86cfbbab978bac416bd608673c99f391115497ac944de670d9263e16a0a2
👩‍👧‍👦,Family,People & Body,1f469_200d_1f467_200d_1f466,People Body/family__1f469_200d_1f467_200d_1f466.png,https://fonts.gstatic.com/s/e/noto3demoji/latest/1f469_200d_1f467_200d_1f466/512.png,512,512,185403,047bf82c540036ee589297cfcec1d3dc17ee1442a49d60077c410a14a2dae19b
👩‍👧‍👧,Family,People & Body,1f469_200d_1f467_200d_1f467,People Body/family__1f469_200d_1f467_200d_1f467.png,https://fonts.gstatic.com/s/e/noto3demoji/latest/1f469_200d_1f467_200d_1f467/512.png,512,512,188094,4f5721e3bee4f78978d0ea9dbd8f57e545ea56c5b7ad4ca2061c7ac54e7c7b7c
🗣,Speaking Head,People & Body,1f5e3,People Body/speaking-head__1f5e3.png,https://fonts.gstatic.com/s/e/noto3demoji/latest/1f5e3/512.png,512,512,101795,f9f9b0eb61e56c75d0396eff7b8c8cf8d159d44bee659f2c919e43eec111ecbb
👤,Bust In Silhouette,People & Body,1f464,People Body/bust-in-silhouette__1f464.png,https://fonts.gstatic.com/s/e/noto3demoji/latest/1f464/512.png,512,512,94884,e566189d8f1402e4c127142083164e2de5efa1d8697d21ab7b0d0625c31df067
👥,Busts In Silhouette,People & Body,1f465,People Body/busts-in-silhouette__1f465.png,https://fonts.gstatic.com/s/e/noto3demoji/latest/1f465/512.png,512,512,119096,4d5069b61f3f32f929f161a7d1b6493ac2dc402c562213febb429df84a13d12c
🫂,Hugging,People & Body,1fac2,People Body/hugging__1fac2.png,https://fonts.gstatic.com/s/e/noto3demoji/latest/1fac2/512.png,512,512,138551,e507d3b9c5c70bf69e3c064723e058721f059dfacc713e9ebaa2aa1979db8e69
👪,Family,People & Body,1f46a,People Body/family__1f46a.png,https://fonts.gstatic.com/s/e/noto3demoji/latest/1f46a/512.png,512,512,216682,aceb7224ed73cdf648c27e5600c99a84715351ade2d07e79e86c39aa00be7787
🧑‍🧑‍🧒,Family,People & Body,1f9d1_200d_1f9d1_200d_1f9d2,People Body/family__1f9d1_200d_1f9d1_200d_1f9d2.png,https://fonts.gstatic.com/s/e/noto3demoji/latest/1f9d1_200d_1f9d1_200d_1f9d2/512.png,512,512,173168,616ca02deff9a82c41c81fdae3a37d7f4050f7bb35b7578d6fbfda56c3e6f596
🧑‍🧑‍🧒‍🧒,Family 4,People & Body,1f9d1_200d_1f9d1_200d_1f9d2_200d_1f9d2,People Body/family-4__1f9d1_200d_1f9d1_200d_1f9d2_200d_1f9d2.png,https://fonts.gstatic.com/s/e/noto3demoji/latest/1f9d1_200d_1f9d1_200d_1f9d2_200d_1f9d2/512.png,512,512,183728,484c1f5d62df1c33a2814cc7ad6abd3cd61e0cdd96230d38dbe4d48196dc3ecb
🧑‍🧒,Family 2,People & Body,1f9d1_200d_1f9d2,People Body/family-2__1f9d1_200d_1f9d2.png,https://fonts.gstatic.com/s/e/noto3demoji/latest/1f9d1_200d_1f9d2/512.png,512,512,169032,28904af3a894889d9fb42576a4ba41f6a2c50ee81a7900a6124661b6a8132c7a
🧑‍🧒‍🧒,Family 3,People & Body,1f9d1_200d_1f9d2_200d_1f9d2,People Body/family-3__1f9d1_200d_1f9d2_200d_1f9d2.png,https://fonts.gstatic.com/s/e/noto3demoji/latest/1f9d1_200d_1f9d2_200d_1f9d2/512.png,512,512,177380,819d6f08e9c257c2cca62c118ced21a23a3d773aec309b8e407278acb176f45c
👣,Footprints,People & Body,1f463,People Body/footprints__1f463.png,https://fonts.gstatic.com/s/e/noto3demoji/latest/1f463/512.png,512,512,105599,c56d09dbb08bc7549d02efb80e71c6afa3455d60bf9f1c39ad368e4e3a3299af
🫆,Fingerprint,People & Body,1fac6,People Body/fingerprint__1fac6.png,https://fonts.gstatic.com/s/e/noto3demoji/latest/1fac6/512.png,512,512,134840,b75b21b375490d8239ee2ab660d6108465d7b5fae98072d19ae08a17e6755eb2
🏻,Light Skin Tone,People & Body,1f3fb,People Body/light-skin-tone__1f3fb.png,https://fonts.gstatic.com/s/e/noto3demoji/latest/1f3fb/512.png,512,512,147052,b6ad4871d679d9ce0b5a81c067a73aff6ee55c792ca7616827b986367c54c935
🏼,Medium-Light Skin Tone,People & Body,1f3fc,People Body/medium-light-skin-tone__1f3fc.png,https://fonts.gstatic.com/s/e/noto3demoji/latest/1f3fc/512.png,512,512,134909,075588d9ba86b6a98f5803ed4925b881bffd5ab690ebd69b335fb185adea7746
🏽,Medium Skin Tone,People & Body,1f3fd,People Body/medium-skin-tone__1f3fd.png,https://fonts.gstatic.com/s/e/noto3demoji/latest/1f3fd/512.png,512,512,152997,534afc9751cac88eea61abbaca2e630120f8b69e7d3e4d0e4a6309c343cebb4a
🏾,Medium-Dark Skin Tone,People & Body,1f3fe,People Body/medium-dark-skin-tone__1f3fe.png,https://fonts.gstatic.com/s/e/noto3demoji/latest/1f3fe/512.png,512,512,148997,8f3fbaa3d2034c266eff6e0b98819d3e5788edaa41bfa25f5148da2c6b3d5ecd
🏿,Dark Skin Tone,People & Body,1f3ff,People Body/dark-skin-tone__1f3ff.png,https://fonts.gstatic.com/s/e/noto3demoji/latest/1f3ff/512.png,512,512,134124,7504c165b554659a840e226b5ce0657ad3291afbbf9e90bf0d169d0b32713de4
🦰,Red Hair,People & Body,1f9b0,People Body/red-hair__1f9b0.png,https://fonts.gstatic.com/s/e/noto3demoji/latest/1f9b0/512.png,512,512,114337,3ba0ffe5cf73c08fa891163785c4f3138366ebf4902213311b4ce242ce7c7f82
🦱,Curly Hair,People & Body,1f9b1,People Body/curly-hair__1f9b1.png,https://fonts.gstatic.com/s/e/noto3demoji/latest/1f9b1/512.png,512,512,97897,60de21011bb9ece8eccafaf698bdc09dc3bf429875785bb16e702f34f08f970f
🦳,White Hair,People & Body,1f9b3,People Body/white-hair__1f9b3.png,https://fonts.gstatic.com/s/e/noto3demoji/latest/1f9b3/512.png,512,512,117180,0928333093b7b422dad308be5b8aec019155dbe1ba2c015124bddb057b061fc0
🦲,Bald,People & Body,1f9b2,People Body/bald__1f9b2.png,https://fonts.gstatic.com/s/e/noto3demoji/latest/1f9b2/512.png,512,512,88215,fbbbc408122f50cd9eeb435e19b43ecce6f77816fd56b94020a5cf76ad0e643c
🐵,Monkey Face,Animals & Nature,1f435,Animals Nature/monkey-face__1f435.png,https://fonts.gstatic.com/s/e/noto3demoji/latest/1f435/512.png,512,512,161085,ca9292366fd91208e7bfaf6831bbfbae0d7e9f868dbd1e68196c9e8da6e94ae0
🐒,Monkey,Animals & Nature,1f412,Animals Nature/monkey__1f412.png,https://fonts.gstatic.com/s/e/noto3demoji/latest/1f412/512.png,512,512,185356,1c49d14dbb232596d7ebdaac1eb75540cf6eabbdbadec8716d362828bd48f46c
🦍,Gorilla,Animals & Nature,1f98d,Animals Nature/gorilla__1f98d.png,https://fonts.gstatic.com/s/e/noto3demoji/latest/1f98d/512.png,512,512,156234,25c7628a531ac8a82e907e93681984cf03f087436832096f6417e194d0b87a29
🦧,Orangutan,Animals & Nature,1f9a7,Animals Nature/orangutan__1f9a7.png,https://fonts.gstatic.com/s/e/noto3demoji/latest/1f9a7/512.png,512,512,170784,b5a1df888ca53d23112af67a61a59fb0a9b720ce87fbc08687d5b24709648613
🐶,Dog Face,Animals & Nature,1f436,Animals Nature/dog-face__1f436.png,https://fonts.gstatic.com/s/e/noto3demoji/latest/1f436/512.png,512,512,177621,e3cf35d9f076e1f47b7a4514b34cae09d7119b68228638df9ddf44f29c96b7bb
🐕,Dog,Animals & Nature,1f415,Animals Nature/dog__1f415.png,https://fonts.gstatic.com/s/e/noto3demoji/latest/1f415/512.png,512,512,161596,fbdd6677c5b56abd6641bf32f22514a1056bd21e43c3ac97cbfe5706e61ec788
🦮,Guide Dog,Animals & Nature,1f9ae,Animals Nature/guide-dog__1f9ae.png,https://fonts.gstatic.com/s/e/noto3demoji/latest/1f9ae/512.png,512,512,147693,cfaad4ab5a3d0dacd75c35c99b4ecafcd5b6b13b97fdfae6b5723ad494cdfd52
🐕‍🦺,Service Dog,Animals & Nature,1f415_200d_1f9ba,Animals Nature/service-dog__1f415_200d_1f9ba.png,https://fonts.gstatic.com/s/e/noto3demoji/latest/1f415_200d_1f9ba/512.png,512,512,145260,7115d25960a80ae3b1f7beacbd011000a81d5d13fa0b1bc6437956e02aea7d11
🐩,Poodle,Animals & Nature,1f429,Animals Nature/poodle__1f429.png,https://fonts.gstatic.com/s/e/noto3demoji/latest/1f429/512.png,512,512,128085,ccf776e2f8a98da154e8315f25697297f96d80e88ace3aebfb6ef517ffca2420
🐺,Wolf,Animals & Nature,1f43a,Animals Nature/wolf__1f43a.png,https://fonts.gstatic.com/s/e/noto3demoji/latest/1f43a/512.png,512,512,180713,b3fdd89ca0f25e05863fcd964b63dbaf6cc74986605b5b478df492535f846af3
🦊,Fox Face,Animals & Nature,1f98a,Animals Nature/fox-face__1f98a.png,https://fonts.gstatic.com/s/e/noto3demoji/latest/1f98a/512.png,512,512,144368,9abfd4eba347f5fd959ea097bb95fb6c8658ef56785a3dd967c24b0a712e60f5
🦝,Raccoon,Animals & Nature,1f99d,Animals Nature/raccoon__1f99d.png,https://fonts.gstatic.com/s/e/noto3demoji/latest/1f99d/512.png,512,512,116429,8b3f5eac771acf23a8e2f6104c7288669f89c936c30487d34b01a45a705c6063
🐱,Cat Face,Animals & Nature,1f431,Animals Nature/cat-face__1f431.png,https://fonts.gstatic.com/s/e/noto3demoji/latest/1f431/512.png,512,512,110461,f65e7944b498e1bf7ec86ac07ca29328b45b811a4c6c83abdc38da4230e04af4
🐈,Cat,Animals & Nature,1f408,Animals Nature/cat__1f408.png,https://fonts.gstatic.com/s/e/noto3demoji/latest/1f408/512.png,512,512,115567,84ff2eca4c710e8ade1749d9433f1e94c0460f07af7d6f4ec544454c090c7ea6
🐈‍⬛,Black Cat,Animals & Nature,1f408_200d_2b1b,Animals Nature/black-cat__1f408_200d_2b1b.png,https://fonts.gstatic.com/s/e/noto3demoji/latest/1f408_200d_2b1b/512.png,512,512,131360,4d2ce5d07b713f854195da8d8820431b48e9b46806fdbaa37cb19417d349fb77
🦁,Lion Face,Animals & Nature,1f981,Animals Nature/lion-face__1f981.png,https://fonts.gstatic.com/s/e/noto3demoji/latest/1f981/512.png,512,512,211607,6e2a713280ee0a6c829068c5c4d5fe26603402c21d5948d4164053fdf32bb929
🐯,Tiger Face,Animals & Nature,1f42f,Animals Nature/tiger-face__1f42f.png,https://fonts.gstatic.com/s/e/noto3demoji/latest/1f42f/512.png,512,512,215433,6399ec141f288828ae73a9e2977c47c3e4dd7e74dd4d689c6297d3ca5c30c8d0
🐅,Tiger,Animals & Nature,1f405,Animals Nature/tiger__1f405.png,https://fonts.gstatic.com/s/e/noto3demoji/latest/1f405/512.png,512,512,130254,7afdaa4c6bf03b7b311219237068305f5e84eb129a4c9eaef518093945a5b6b1
🐆,Leopard,Animals & Nature,1f406,Animals Nature/leopard__1f406.png,https://fonts.gstatic.com/s/e/noto3demoji/latest/1f406/512.png,512,512,108076,c4f76acbf28cda4256bac192c3083041e27939d5b157256e24434772b044dadb
🐴,Horse Face,Animals & Nature,1f434,Animals Nature/horse-face__1f434.png,https://fonts.gstatic.com/s/e/noto3demoji/latest/1f434/512.png,512,512,185018,581b64a9825f1064b2f08d9ae6e4f27f640e33e9d20b0ecf171759f06dd07cbf
🫎,Moose,Animals & Nature,1face,Animals Nature/moose__1face.png,https://fonts.gstatic.com/s/e/noto3demoji/latest/1face/512.png,512,512,163243,627e1423813cb18705af29ac088b1ea3ab8939bccba0a278039076f5cbc29316
🫏,Donkey,Animals & Nature,1facf,Animals Nature/donkey__1facf.png,https://fonts.gstatic.com/s/e/noto3demoji/latest/1facf/512.png,512,512,101828,ef50e521ef0ffad14a79f38eb01dcb2d8ae5be2eede70382939f1e40502368fc
🐎,Racehorse,Animals & Nature,1f40e,Animals Nature/racehorse__1f40e.png,https://fonts.gstatic.com/s/e/noto3demoji/latest/1f40e/512.png,512,512,135540,d2ad312a34cc828de65a91f772d4f5b1972175aad2957b14fc80494131199e75
🦄,Unicorn,Animals & Nature,1f984,Animals Nature/unicorn__1f984.png,https://fonts.gstatic.com/s/e/noto3demoji/latest/1f984/512.png,512,512,186762,7592badc97437ad8081016bc0e83266f1253f33307d1bbd390184ac15ff1c5b6
🦓,Zebra,Animals & Nature,1f993,Animals Nature/zebra__1f993.png,https://fonts.gstatic.com/s/e/noto3demoji/latest/1f993/512.png,512,512,156224,d420ed9a7299b08503b4ccd8bd298ecd09ecb5c6ef4227a8145347bb29384266
🦌,Deer,Animals & Nature,1f98c,Animals Nature/deer__1f98c.png,https://fonts.gstatic.com/s/e/noto3demoji/latest/1f98c/512.png,512,512,124591,65d1787d7e3b191abbba0a9588433bd715b8cb74e75ac28cb0bf31f171fc6e20
🦬,Bison,Animals & Nature,1f9ac,Animals Nature/bison__1f9ac.png,https://fonts.gstatic.com/s/e/noto3demoji/latest/1f9ac/512.png,512,512,204362,5dfb80332dfbdace46eaeb27c1ebe27af648ce6636fe9014ad4a275ecc84159b
🐮,Cow Face,Animals & Nature,1f42e,Animals Nature/cow-face__1f42e.png,https://fonts.gstatic.com/s/e/noto3demoji/latest/1f42e/512.png,512,512,176111,2780ceadf95a90c0d757b4b9424911e009622c48f6be060cf6b6ea512f8d369a
🐂,Ox,Animals & Nature,1f402,Animals Nature/ox__1f402.png,https://fonts.gstatic.com/s/e/noto3demoji/latest/1f402/512.png,512,512,168044,4dc56842fe698b5bf7c7617bed8e94f9d7c47ad6ba0a780e589ea475b1e582f0
🐃,Water Buffalo,Animals & Nature,1f403,Animals Nature/water-buffalo__1f403.png,https://fonts.gstatic.com/s/e/noto3demoji/latest/1f403/512.png,512,512,162266,759bb78ccb514d64a38ae676ee5d7fac8d8d0f082b310d13d7ba9c02d354e4e0
🐄,Cow,Animals & Nature,1f404,Animals Nature/cow__1f404.png,https://fonts.gstatic.com/s/e/noto3demoji/latest/1f404/512.png,512,512,138983,132eb15beecc8d8fa189bedf2bb8f3695c424bf189235bf2d38fff529bd3ee63
🐷,Pig Face,Animals & Nature,1f437,Animals Nature/pig-face__1f437.png,https://fonts.gstatic.com/s/e/noto3demoji/latest/1f437/512.png,512,512,200427,7754bf4e18db8116176a13754eb0ed189b053bdd72ce976dd1bf17b5c95d2f2f
🐖,Pig,Animals & Nature,1f416,Animals Nature/pig__1f416.png,https://fonts.gstatic.com/s/e/noto3demoji/latest/1f416/512.png,512,512,151835,266a740bf3b12e3faac0a32dadf2978b206f13ef228c3be0f5b382d0c8076050
🐗,Boar,Animals & Nature,1f417,Animals Nature/boar__1f417.png,https://fonts.gstatic.com/s/e/noto3demoji/latest/1f417/512.png,512,512,172502,b388f695a981d04345d0b3674b013e18067e1b31f964ea7a8982944d606fc253
🐽,Snout,Animals & Nature,1f43d,Animals Nature/snout__1f43d.png,https://fonts.gstatic.com/s/e/noto3demoji/latest/1f43d/512.png,512,512,146892,9b9bc9940c6503f9b1d5f66bbeb8679fb05877cdf25ca65c86a30df39a84e106
🐏,Ram,Animals & Nature,1f40f,Animals Nature/ram__1f40f.png,https://fonts.gstatic.com/s/e/noto3demoji/latest/1f40f/512.png,512,512,172219,707a446de3bbf2a6cc434aa3396c39908b4c4597cf806d7c9f9356b5c2d381f5
🐑,Sheep,Animals & Nature,1f411,Animals Nature/sheep__1f411.png,https://fonts.gstatic.com/s/e/noto3demoji/latest/1f411/512.png,512,512,146569,eebdb6cf8eee73f175d036a9dabbefe5ef906e13ef02d09cf77ed857c2866843
🐐,Goat,Animals & Nature,1f410,Animals Nature/goat__1f410.png,https://fonts.gstatic.com/s/e/noto3demoji/latest/1f410/512.png,512,512,158024,e6bcdb0f7e952565a19d7abf9aae1e61d7c47637e2b3b8b46ef13d3be7ebe651
🐪,Camel,Animals & Nature,1f42a,Animals Nature/camel__1f42a.png,https://fonts.gstatic.com/s/e/noto3demoji/latest/1f42a/512.png,512,512,155229,6f4fd1203fbe96e413c173fb69367dfec1c76808da6ac713a71048adbe41e552
🐫,Bactrian Camel,Animals & Nature,1f42b,Animals Nature/bactrian-camel__1f42b.png,https://fonts.gstatic.com/s/e/noto3demoji/latest/1f42b/512.png,512,512,182997,adea43db33d86f07273662ac81b9246a831acc95ce6bf1a08462aa6bdea15a0c
🦙,Llama,Animals & Nature,1f999,Animals Nature/llama__1f999.png,https://fonts.gstatic.com/s/e/noto3demoji/latest/1f999/512.png,512,512,123903,7895fbc977b8d115a127436a981435f1a0d5097f85743754c746d202c784480a
🦒,Giraffe,Animals & Nature,1f992,Animals Nature/giraffe__1f992.png,https://fonts.gstatic.com/s/e/noto3demoji/latest/1f992/512.png,512,512,105237,aa0f8df99b5b856126cf077146b0e7475c864e1f6932d4f25b19f8c38a5a0a82
🐘,Elephant,Animals & Nature,1f418,Animals Nature/elephant__1f418.png,https://fonts.gstatic.com/s/e/noto3demoji/latest/1f418/512.png,512,512,159635,d6b2b1d187fff3169f19bc9eb140eb81cb16658a285030ff2b272c080e82fabd
🦣,Mammoth,Animals & Nature,1f9a3,Animals Nature/mammoth__1f9a3.png,https://fonts.gstatic.com/s/e/noto3demoji/latest/1f9a3/512.png,512,512,175296,b3d22b60e1d56741f67be63520bdf946a73a475a2146439a5d8e70684342e049
🦏,Rhino,Animals & Nature,1f98f,Animals Nature/rhino__1f98f.png,https://fonts.gstatic.com/s/e/noto3demoji/latest/1f98f/512.png,512,512,141811,268c4835587ad2a124316124a745997d644ab8ea9e792867c26db390a11f3b31
🦛,Hippo,Animals & Nature,1f99b,Animals Nature/hippo__1f99b.png,https://fonts.gstatic.com/s/e/noto3demoji/latest/1f99b/512.png,512,512,114755,095df643f0220d9792114881a2164afb794be61bde8910282dfb7e4df893b869
🐭,Mouse Face,Animals & Nature,1f42d,Animals Nature/mouse-face__1f42d.png,https://fonts.gstatic.com/s/e/noto3demoji/latest/1f42d/512.png,512,512,176638,9659814b95755af6e8bdd2967e0aa920c645a14fdd748086f65b5e6bd0b383f2
🐁,Mouse,Animals & Nature,1f401,Animals Nature/mouse__1f401.png,https://fonts.gstatic.com/s/e/noto3demoji/latest/1f401/512.png,512,512,129396,922dfa33677336b7522fcad946b147deb7941d5a94cbe085e1e3f323e77b3498
🐀,Rat,Animals & Nature,1f400,Animals Nature/rat__1f400.png,https://fonts.gstatic.com/s/e/noto3demoji/latest/1f400/512.png,512,512,146002,c1f4e1194a24009c7adec3624968cdc1b089dd6110dd32f7649f1e8436f05405
🐹,Hamster,Animals & Nature,1f439,Animals Nature/hamster__1f439.png,https://fonts.gstatic.com/s/e/noto3demoji/latest/1f439/512.png,512,512,209655,03aab8f3f66f3843043b0597618a3475276bc4f34eadb24b8c7d47d5b39a35c8
🐰,Rabbit Face,Animals & Nature,1f430,Animals Nature/rabbit-face__1f430.png,https://fonts.gstatic.com/s/e/noto3demoji/latest/1f430/512.png,512,512,140144,2909f4c498c79f2d57fca453a9429cf3737af4c471d634a3532736473ffd9baa
🐇,Rabbit,Animals & Nature,1f407,Animals Nature/rabbit__1f407.png,https://fonts.gstatic.com/s/e/noto3demoji/latest/1f407/512.png,512,512,110044,c531cf71a6ae3e03258ac120dd80f9b68d34e33cb3877d953582d82280ccfba0
🐿,Chipmunk,Animals & Nature,1f43f,Animals Nature/chipmunk__1f43f.png,https://fonts.gstatic.com/s/e/noto3demoji/latest/1f43f/512.png,512,512,172402,5958d808be0f841c91bd6b9a0327b368433422ab4cc6973b1e11e3a4e9ce5e4c
🦫,Beaver,Animals & Nature,1f9ab,Animals Nature/beaver__1f9ab.png,https://fonts.gstatic.com/s/e/noto3demoji/latest/1f9ab/512.png,512,512,165952,37f0aa492ed193c9466ae859798d0271ef7b3acf37cb200f03f8865c44fd6c6b
🦔,Hedgehog,Animals & Nature,1f994,Animals Nature/hedgehog__1f994.png,https://fonts.gstatic.com/s/e/noto3demoji/latest/1f994/512.png,512,512,150061,8561459d98d50a6f5834ec942b4ba14a6cc665f0a03d670d405b0e3c10641d58
🦇,Bat,Animals & Nature,1f987,Animals Nature/bat__1f987.png,https://fonts.gstatic.com/s/e/noto3demoji/latest/1f987/512.png,512,512,140176,b7617a9cd04de9f8de93cc610bea0cc962f15585dcf1ae8ae6eb95a54a065490
🐻,Bear Face,Animals & Nature,1f43b,Animals Nature/bear-face__1f43b.png,https://fonts.gstatic.com/s/e/noto3demoji/latest/1f43b/512.png,512,512,226985,ceb2a8347fddd4a75d7cb94d4dc31a067b6bbaa67121305633314dce48afc8cf
🐻‍❄,Polar Bear,Animals & Nature,1f43b_200d_2744,Animals Nature/polar-bear__1f43b_200d_2744.png,https://fonts.gstatic.com/s/e/noto3demoji/latest/1f43b_200d_2744/512.png,512,512,164715,ae807adce8468afe7c02ace8792b6a7405dd99ff7df226c533ee5feb246baa85
🐨,Koala,Animals & Nature,1f428,Animals Nature/koala__1f428.png,https://fonts.gstatic.com/s/e/noto3demoji/latest/1f428/512.png,512,512,185984,54e89d108337b30e3503765dac839e90e7fcad9511761b7821442c696cd22b64
🐼,Panda,Animals & Nature,1f43c,Animals Nature/panda__1f43c.png,https://fonts.gstatic.com/s/e/noto3demoji/latest/1f43c/512.png,512,512,172703,dac52ef9ac3d360f7fb5557adab5bd910cf0b619b018857f43b2a55a2f77fda2
🦥,Sloth,Animals & Nature,1f9a5,Animals Nature/sloth__1f9a5.png,https://fonts.gstatic.com/s/e/noto3demoji/latest/1f9a5/512.png,512,512,236767,90c1f33d5af4fc7460d96e67382d70519346321609445b9a0710821d3a97ef79
🦦,Otter,Animals & Nature,1f9a6,Animals Nature/otter__1f9a6.png,https://fonts.gstatic.com/s/e/noto3demoji/latest/1f9a6/512.png,512,512,177092,c9135e909a262ddae9a586985aca235254e4b94bbd8a2f70006e98ad92f8946d
🦨,Skunk,Animals & Nature,1f9a8,Animals Nature/skunk__1f9a8.png,https://fonts.gstatic.com/s/e/noto3demoji/latest/1f9a8/512.png,512,512,144470,0a8b374b2e613daec1dd3f5b54a3eb431a69f5e13d3eb6088ae7e1a635c8b2da
🦘,Kangaroo,Animals & Nature,1f998,Animals Nature/kangaroo__1f998.png,https://fonts.gstatic.com/s/e/noto3demoji/latest/1f998/512.png,512,512,104581,9d52eddd7cea363e9a017a767e7593f974be34a3be8a8b93cfe1052654a254a0
🦡,Badger,Animals & Nature,1f9a1,Animals Nature/badger__1f9a1.png,https://fonts.gstatic.com/s/e/noto3demoji/latest/1f9a1/512.png,512,512,98192,37851bf9fd3f74d41c92156662e001a1111af11fef98a0398d4b490f67450a23
🐾,Paw Prints,Animals & Nature,1f43e,Animals Nature/paw-prints__1f43e.png,https://fonts.gstatic.com/s/e/noto3demoji/latest/1f43e/512.png,512,512,101537,3e436408ec79c773a0a366ac37d1931a2d92d4edb309e3ce6ea28af6cd756e74
🦃,Turkey,Animals & Nature,1f983,Animals Nature/turkey__1f983.png,https://fonts.gstatic.com/s/e/noto3demoji/latest/1f983/512.png,512,512,207647,6ca192532f55b6f3f4f41e8403f5f200f66c8006c2e8bdf097f0f63133d17faa
🐔,Chicken,Animals & Nature,1f414,Animals Nature/chicken__1f414.png,https://fonts.gstatic.com/s/e/noto3demoji/latest/1f414/512.png,512,512,164945,a3d2ecfb496c3a9299c564b1a62cbf438a1d3daf2f2579f742fc6a1d791195b6
🐓,Rooster,Animals & Nature,1f413,Animals Nature/rooster__1f413.png,https://fonts.gstatic.com/s/e/noto3demoji/latest/1f413/512.png,512,512,121261,a6e848f5b75754f636d8d72418af0d7431863e970bb35b4864a19a088cdd54ef
🐣,Hatching Chick,Animals & Nature,1f423,Animals Nature/hatching-chick__1f423.png,https://fonts.gstatic.com/s/e/noto3demoji/latest/1f423/512.png,512,512,149774,316f97a6cf5199fe501b2ad19665aa155adf94190cc93f271a9365e874a6cb9c
🐤,Baby Chick,Animals & Nature,1f424,Animals Nature/baby-chick__1f424.png,https://fonts.gstatic.com/s/e/noto3demoji/latest/1f424/512.png,512,512,104746,bac2262e5c4408b71976e488f7cf416b109c44869e99ef2d7036af69aa884ff5
🐥,Hatched Chick,Animals & Nature,1f425,Animals Nature/hatched-chick__1f425.png,https://fonts.gstatic.com/s/e/noto3demoji/latest/1f425/512.png,512,512,125566,8de57a7b2394543cc9d57433edd19660b29b39fa03c60e7dadd19f50c6fb2af5
🐦,Bird,Animals & Nature,1f426,Animals Nature/bird__1f426.png,https://fonts.gstatic.com/s/e/noto3demoji/latest/1f426/512.png,512,512,119796,2a27c9cc6bce4d1bf589a5e3178b2f484d2d851029822043f6721485d36c9aa6
🐧,Penguin,Animals & Nature,1f427,Animals Nature/penguin__1f427.png,https://fonts.gstatic.com/s/e/noto3demoji/latest/1f427/512.png,512,512,100362,8d68c9e03c2b98a1b184791097f1fd2e1ac2ae3495638f42ee392a772edf7b94
🕊,Peace,Animals & Nature,1f54a,Animals Nature/peace__1f54a.png,https://fonts.gstatic.com/s/e/noto3demoji/latest/1f54a/512.png,512,512,140364,34eb4dca2bdd633841006edcfefffeb12c6f7282292bd5e397cbc130bb0d716f
🦅,Eagle,Animals & Nature,1f985,Animals Nature/eagle__1f985.png,https://fonts.gstatic.com/s/e/noto3demoji/latest/1f985/512.png,512,512,187050,4f3c21cbc63a0e12ddcdc7245b186517fbb4dae8f13f05ba460724f1035508ff
🦆,Duck,Animals & Nature,1f986,Animals Nature/duck__1f986.png,https://fonts.gstatic.com/s/e/noto3demoji/latest/1f986/512.png,512,512,114276,38237e3d58681767831ce9b545ea8563063ea134c1c51a06ebb3eecf00028038
🦢,Swan,Animals & Nature,1f9a2,Animals Nature/swan__1f9a2.png,https://fonts.gstatic.com/s/e/noto3demoji/latest/1f9a2/512.png,512,512,130528,be34efdd2bd706ed7ca216e37b13d26ff492e6456eb3198fa5a34b4b2ed382fe
🦉,Owl,Animals & Nature,1f989,Animals Nature/owl__1f989.png,https://fonts.gstatic.com/s/e/noto3demoji/latest/1f989/512.png,512,512,194102,f8668a5de7ffd8a4d2d7c72f90074d78ccbb2ab1b94e45cd36ccbbb9b9a926c4
🦤,Dodo,Animals & Nature,1f9a4,Animals Nature/dodo__1f9a4.png,https://fonts.gstatic.com/s/e/noto3demoji/latest/1f9a4/512.png,512,512,143572,e171e076d60010a35daccde7f22bf345dbb3d98824746acb1fc57cb82835cb34
🪶,Feather,Animals & Nature,1fab6,Animals Nature/feather__1fab6.png,https://fonts.gstatic.com/s/e/noto3demoji/latest/1fab6/512.png,512,512,143960,e425d04411769e3ed85267b84e1f6402357b6f4088e83c4b7307c8350ec7a97a
🦩,Flamingo,Animals & Nature,1f9a9,Animals Nature/flamingo__1f9a9.png,https://fonts.gstatic.com/s/e/noto3demoji/latest/1f9a9/512.png,512,512,82252,566a33216261cdcf9e0d47f9e7f5acb113a3e9b0f5c4d62ded1162cc8f7db490
🦚,Peacock,Animals & Nature,1f99a,Animals Nature/peacock__1f99a.png,https://fonts.gstatic.com/s/e/noto3demoji/latest/1f99a/512.png,512,512,193735,7c7a47b5403fc24c9cda79ade247c2967da74b5bffaf95d0e1b2c2b84c5c06ae
🦜,Parrot,Animals & Nature,1f99c,Animals Nature/parrot__1f99c.png,https://fonts.gstatic.com/s/e/noto3demoji/latest/1f99c/512.png,512,512,162188,3428e4ab6ec9e353f8185a3a17f06dfe18efcf748763dee29b1a27f6f811ab01
🪽,Wing,Animals & Nature,1fabd,Animals Nature/wing__1fabd.png,https://fonts.gstatic.com/s/e/noto3demoji/latest/1fabd/512.png,512,512,149655,881f1cc7d3aebd594c3dbce0553d34550529a83cb3c380066ec495698b240c85
🐦‍⬛,Black Bird,Animals & Nature,1f426_200d_2b1b,Animals Nature/black-bird__1f426_200d_2b1b.png,https://fonts.gstatic.com/s/e/noto3demoji/latest/1f426_200d_2b1b/512.png,512,512,104985,0ee4502fb96d61773066fbde7f7ccdb33cffb0bd684b984dd28fb18346c1fd4f
🪿,Goose,Animals & Nature,1fabf,Animals Nature/goose__1fabf.png,https://fonts.gstatic.com/s/e/noto3demoji/latest/1fabf/512.png,512,512,95654,28118e6d25765dfc490391bcd2de754852aad3a667c70a79fe81967c59cfdc45
🐦‍🔥,Phoenix,Animals & Nature,1f426_200d_1f525,Animals Nature/phoenix__1f426_200d_1f525.png,https://fonts.gstatic.com/s/e/noto3demoji/latest/1f426_200d_1f525/512.png,512,512,216410,f0784185512c71702374cf75f4f56b695c7528866adb704d12496ab82769661a
🐸,Frog,Animals & Nature,1f438,Animals Nature/frog__1f438.png,https://fonts.gstatic.com/s/e/noto3demoji/latest/1f438/512.png,512,512,218177,eda5996a7cd4c537734dbfacb7c63b47b548ecf1630f80aed9005dcbb4406888
🐊,Crocodile,Animals & Nature,1f40a,Animals Nature/crocodile__1f40a.png,https://fonts.gstatic.com/s/e/noto3demoji/latest/1f40a/512.png,512,512,195274,04d90299d3d1bb4e8aea957f1fb8316f64b2754062f04bf6e41c66cf21bd7543
🐢,Turtle,Animals & Nature,1f422,Animals Nature/turtle__1f422.png,https://fonts.gstatic.com/s/e/noto3demoji/latest/1f422/512.png,512,512,152061,3c60e7eed2698e7d41f0bbca3f5ae8c8e5b95d5d08a94ab58ca3b089b3bcf1b1
🦎,Lizard,Animals & Nature,1f98e,Animals Nature/lizard__1f98e.png,https://fonts.gstatic.com/s/e/noto3demoji/latest/1f98e/512.png,512,512,147313,7b19ade1036a2cf9e73aefda524124296b2fa116736c2da9629cc684fc534af9
🐍,Snake,Animals & Nature,1f40d,Animals Nature/snake__1f40d.png,https://fonts.gstatic.com/s/e/noto3demoji/latest/1f40d/512.png,512,512,177283,ef2031ebd0231817cf0867b24e6b3bd2f28871e1d2a003aa0e12d2aed0b2c810
🐲,Dragon Face,Animals & Nature,1f432,Animals Nature/dragon-face__1f432.png,https://fonts.gstatic.com/s/e/noto3demoji/latest/1f432/512.png,512,512,245388,517a9dc8356058cf0677280dc66dfe31c48b4ed181e56503c2c1fa2c999d9e21
🐉,Dragon,Animals & Nature,1f409,Animals Nature/dragon__1f409.png,https://fonts.gstatic.com/s/e/noto3demoji/latest/1f409/512.png,512,512,207729,c95a46c9cc400119ca0a84f5a0d56ca2b07f3fe409794979e09b49761ca2f006
🦕,Dinosaur,Animals & Nature,1f995,Animals Nature/dinosaur__1f995.png,https://fonts.gstatic.com/s/e/noto3demoji/latest/1f995/512.png,512,512,106434,4965dd23ce454ed600b420e8a7e1a474d0f564feab675fd89de777d9413bf88d
🦖,T Rex,Animals & Nature,1f996,Animals Nature/t-rex__1f996.png,https://fonts.gstatic.com/s/e/noto3demoji/latest/1f996/512.png,512,512,141316,55bb1b3bdb9ed453e11076b615a584fd6e562e6320714b5a2150967c69eb6cc8
🐳,Whale,Animals & Nature,1f433,Animals Nature/whale__1f433.png,https://fonts.gstatic.com/s/e/noto3demoji/latest/1f433/512.png,512,512,208117,ed09b2dd60cd6ddb3d469686a1f395eb37d04a1224ffdc794aa6b71811995aeb
🐋,Humpback Whale,Animals & Nature,1f40b,Animals Nature/humpback-whale__1f40b.png,https://fonts.gstatic.com/s/e/noto3demoji/latest/1f40b/512.png,512,512,184902,d1e41430a8a53ddba707925a52a5bd02553c7ae596282a347739804ac5e2f422
🐬,Dolphin,Animals & Nature,1f42c,Animals Nature/dolphin__1f42c.png,https://fonts.gstatic.com/s/e/noto3demoji/latest/1f42c/512.png,512,512,156022,42ce8f12b3a71edd44b3909630ecb25ee0406e246a23b3ca51756ab1abfdceca
🫍,Orca,Animals & Nature,1facd,Animals Nature/orca__1facd.png,https://fonts.gstatic.com/s/e/noto3demoji/latest/1facd/512.png,512,512,156741,773ca638865760db46da3a70efee21944ca29f58c5479dbdb95f833f32cad193
🦭,Seal,Animals & Nature,1f9ad,Animals Nature/seal__1f9ad.png,https://fonts.gstatic.com/s/e/noto3demoji/latest/1f9ad/512.png,512,512,161504,135e68654fb01bac1441f81d4c0b868b10530cb3f18147a6e90638dcc68565ef
🐟,Fish,Animals & Nature,1f41f,Animals Nature/fish__1f41f.png,https://fonts.gstatic.com/s/e/noto3demoji/latest/1f41f/512.png,512,512,101942,0cec34741bfa39c2dc4b160dc13a1671a79e55878562284ea6248b68ec1fcb1e
🐠,Tropical Fish,Animals & Nature,1f420,Animals Nature/tropical-fish__1f420.png,https://fonts.gstatic.com/s/e/noto3demoji/latest/1f420/512.png,512,512,156917,69d8fb30969dc664836a129b9b1d29a25fb14d6dbea2e3f2942667511e0ca705
🐡,Blowfish,Animals & Nature,1f421,Animals Nature/blowfish__1f421.png,https://fonts.gstatic.com/s/e/noto3demoji/latest/1f421/512.png,512,512,175473,876ff7db7a18fc9e7a3d7da90d76720131202af53db246caf45c15bf1703ee8b
🦈,Shark,Animals & Nature,1f988,Animals Nature/shark__1f988.png,https://fonts.gstatic.com/s/e/noto3demoji/latest/1f988/512.png,512,512,122616,b64d4aafef39ec2ad20daa41479278420f3227f24bc0c89854c86821c2f0baaf
🐙,Octopus,Animals & Nature,1f419,Animals Nature/octopus__1f419.png,https://fonts.gstatic.com/s/e/noto3demoji/latest/1f419/512.png,512,512,183078,f8cb6dfbb1b1e3e3ba538f22968cd734219e1fb71951f560bfc3a4e0535fc3d9
🐚,Shell,Animals & Nature,1f41a,Animals Nature/shell__1f41a.png,https://fonts.gstatic.com/s/e/noto3demoji/latest/1f41a/512.png,512,512,209329,8a64a11c6029194fc92c613971567245d5ad5743e84a0ebf764f0f52ebef9f54
🪸,Coral,Animals & Nature,1fab8,Animals Nature/coral__1fab8.png,https://fonts.gstatic.com/s/e/noto3demoji/latest/1fab8/512.png,512,512,207484,89a87b0b11a6605846f08fc8e9b3f0a6b63a918e57a8c8360f60a67132c2bda4
🪼,Jellyfish,Animals & Nature,1fabc,Animals Nature/jellyfish__1fabc.png,https://fonts.gstatic.com/s/e/noto3demoji/latest/1fabc/512.png,512,512,151350,1d2aa739c01bc1c3022bdf8302ab139655ae8439d187bee863598834d70a657a
🦀,Crab,Animals & Nature,1f980,Animals Nature/crab__1f980.png,https://fonts.gstatic.com/s/e/noto3demoji/latest/1f980/512.png,512,512,125528,da73d790321b1864744697bf12b609087d811f541838a20ef2ac5029afd78f9e
🦞,Lobster,Animals & Nature,1f99e,Animals Nature/lobster__1f99e.png,https://fonts.gstatic.com/s/e/noto3demoji/latest/1f99e/512.png,512,512,140811,4fafeabe1b74fb582dd480b85a5d07071018a24b0792d85eae6f5162b9ce0d95
🦐,Shrimp,Animals & Nature,1f990,Animals Nature/shrimp__1f990.png,https://fonts.gstatic.com/s/e/noto3demoji/latest/1f990/512.png,512,512,123525,2bf2e2b7380f5df26d3947d22d180908082738f300a7973102e3345f14cb85ab
🦑,Squid,Animals & Nature,1f991,Animals Nature/squid__1f991.png,https://fonts.gstatic.com/s/e/noto3demoji/latest/1f991/512.png,512,512,185784,e7bd4e0da45af48c04734b677b9f902afce9090c15ca29df4050525638439e72
🦪,Oyster,Animals & Nature,1f9aa,Animals Nature/oyster__1f9aa.png,https://fonts.gstatic.com/s/e/noto3demoji/latest/1f9aa/512.png,512,512,182874,1fec8a2621e249a75d732dec913e6642e23c8d16a294eaad27b1fecc17bbf39a
🐌,Snail,Animals & Nature,1f40c,Animals Nature/snail__1f40c.png,https://fonts.gstatic.com/s/e/noto3demoji/latest/1f40c/512.png,512,512,225768,3de6d76e9aa9cd994ddd511fc8469444cd574e238579cc1d11ec201ea8388686
🦋,Butterfly,Animals & Nature,1f98b,Animals Nature/butterfly__1f98b.png,https://fonts.gstatic.com/s/e/noto3demoji/latest/1f98b/512.png,512,512,140101,41aa5cfc4e5075b53352299843e4f4874e7af8fa5c65bc31225fd868869e9e8e
🐛,Bug,Animals & Nature,1f41b,Animals Nature/bug__1f41b.png,https://fonts.gstatic.com/s/e/noto3demoji/latest/1f41b/512.png,512,512,133877,5bc15bceabc417b7b795fe015cb53bc219283a955f28f22f12cc429c9d9a5490
🐜,Ant,Animals & Nature,1f41c,Animals Nature/ant__1f41c.png,https://fonts.gstatic.com/s/e/noto3demoji/latest/1f41c/512.png,512,512,129529,2e798009e2a5d40d9ddbb2678ea50baa28dad883a8ae2e4dc173a4de51f4d43b
🐝,Bee,Animals & Nature,1f41d,Animals Nature/bee__1f41d.png,https://fonts.gstatic.com/s/e/noto3demoji/latest/1f41d/512.png,512,512,154733,081b022103b896059ccf6e9f38f2cb61a099941e590598213549cafd59d64a17
🪲,Beetle,Animals & Nature,1fab2,Animals Nature/beetle__1fab2.png,https://fonts.gstatic.com/s/e/noto3demoji/latest/1fab2/512.png,512,512,135890,822e71097a1642dd321201ba74e1273a031b607700c40aeb25ac2e39d6758ec1
🐞,Lady Bug,Animals & Nature,1f41e,Animals Nature/lady-bug__1f41e.png,https://fonts.gstatic.com/s/e/noto3demoji/latest/1f41e/512.png,512,512,173697,fa9819c9d538d54a59d03fdaf1070c2f4a3564be8ec999e0da5310132b760642
🦗,Cricket,Animals & Nature,1f997,Animals Nature/cricket__1f997.png,https://fonts.gstatic.com/s/e/noto3demoji/latest/1f997/512.png,512,512,120859,15a455ef3e94896ed4d37babbd00364b9a9f95786a1e6792bf4d808c6cec941a
🪳,Cockroach,Animals & Nature,1fab3,Animals Nature/cockroach__1fab3.png,https://fonts.gstatic.com/s/e/noto3demoji/latest/1fab3/512.png,512,512,168254,06a429b8c96ae9dcecfed07639a901a894b13c78b445d2164a8f7fe6a530048b
🕷,Spider,Animals & Nature,1f577,Animals Nature/spider__1f577.png,https://fonts.gstatic.com/s/e/noto3demoji/latest/1f577/512.png,512,512,126483,6309f6ff361aa96bfd91193f2d8a53c53fe080c2cdb4832f62d45b7eeff1f5b8
🕸,Spider Web,Animals & Nature,1f578,Animals Nature/spider-web__1f578.png,https://fonts.gstatic.com/s/e/noto3demoji/latest/1f578/512.png,512,512,157264,670a0f99403be2bf50c830db18e417fbd563c75a71511863f935bcb863b093dd
🦂,Scorpion,Animals & Nature,1f982,Animals Nature/scorpion__1f982.png,https://fonts.gstatic.com/s/e/noto3demoji/latest/1f982/512.png,512,512,153469,ed4c5832f3bd16cd28eeb2386260014b0358bc3525d5fe7752452ee6a1f04292
🦟,Mosquito,Animals & Nature,1f99f,Animals Nature/mosquito__1f99f.png,https://fonts.gstatic.com/s/e/noto3demoji/latest/1f99f/512.png,512,512,96288,199131dfb73765831619b220396836edac578b302dcb6d4a8b4c482a05d752b9
🪰,Fly,Animals & Nature,1fab0,Animals Nature/fly__1fab0.png,https://fonts.gstatic.com/s/e/noto3demoji/latest/1fab0/512.png,512,512,160131,6bec6a3f0d3cffe08448c2fa491b844662ca38ae620599b03173172c3180f146
🪱,Worm,Animals & Nature,1fab1,Animals Nature/worm__1fab1.png,https://fonts.gstatic.com/s/e/noto3demoji/latest/1fab1/512.png,512,512,93635,f761f0a9b486e15a2e5461a57f11f70d7c08adf6989f433f59e64843eb55cc63
🦠,Microbe,Animals & Nature,1f9a0,Animals Nature/microbe__1f9a0.png,https://fonts.gstatic.com/s/e/noto3demoji/latest/1f9a0/512.png,512,512,203169,544b7ed2acf8e1ee20630d44e40f019e686ab075c384bedb80ca818888af0fdf
💐,Bouquet,Animals & Nature,1f490,Animals Nature/bouquet__1f490.png,https://fonts.gstatic.com/s/e/noto3demoji/latest/1f490/512.png,512,512,189087,2effee2a017950b602f594df8004d72ca3af7a4309a379f54489bda83acef737
🌸,Cherry Blossom,Animals & Nature,1f338,Animals Nature/cherry-blossom__1f338.png,https://fonts.gstatic.com/s/e/noto3demoji/latest/1f338/512.png,512,512,214319,a1fae4e7b3e2a089861fdeb0be5ee58fb8efed16939643fc9a4ab23f0364ee03
💮,White Flower,Animals & Nature,1f4ae,Animals Nature/white-flower__1f4ae.png,https://fonts.gstatic.com/s/e/noto3demoji/latest/1f4ae/512.png,512,512,202643,8e609f258a3ef4273fbabe61b348c98c144095f580d4b9cec4684d99dc6164c7
🪷,Lotus,Animals & Nature,1fab7,Animals Nature/lotus__1fab7.png,https://fonts.gstatic.com/s/e/noto3demoji/latest/1fab7/512.png,512,512,130126,df03cbbec2fc52c87aee2f966a6f873f557adf9bb44823d855209fa02e7954b6
🏵,Rosette,Animals & Nature,1f3f5,Animals Nature/rosette__1f3f5.png,https://fonts.gstatic.com/s/e/noto3demoji/latest/1f3f5/512.png,512,512,267466,1fd5e83e0e1a35547d4cc4d4f1caa692d3a1cf39a25b7295d48f81cca284a3de
🌹,Rose,Animals & Nature,1f339,Animals Nature/rose__1f339.png,https://fonts.gstatic.com/s/e/noto3demoji/latest/1f339/512.png,512,512,119144,3e17c2da9fdf3efcb0dd6f74571c6601253b074d36afd7368ceba36452e76de0
🥀,Wilted Flower,Animals & Nature,1f940,Animals Nature/wilted-flower__1f940.png,https://fonts.gstatic.com/s/e/noto3demoji/latest/1f940/512.png,512,512,121965,6e7a1f0cf15e629b3ba6c0db6604d53679b501dc3aa8bedc81422cb136eaffa6
🌺,Hibiscus,Animals & Nature,1f33a,Animals Nature/hibiscus__1f33a.png,https://fonts.gstatic.com/s/e/noto3demoji/latest/1f33a/512.png,512,512,196367,51d0d9f315937e0c771827841fdf0a5900ecd4d534be50998df6ee74cd8be575
🌻,Sunflower,Animals & Nature,1f33b,Animals Nature/sunflower__1f33b.png,https://fonts.gstatic.com/s/e/noto3demoji/latest/1f33b/512.png,512,512,165735,b56e223dd9773e4345a748305014a3d6a829866f3390e9f86041492db50af13d
🌼,Blossom,Animals & Nature,1f33c,Animals Nature/blossom__1f33c.png,https://fonts.gstatic.com/s/e/noto3demoji/latest/1f33c/512.png,512,512,241186,715eff4d0993aa95054737e5a72e3d64b16778ffeca05c1a1cd29bc347a8c932
🌷,Tulip,Animals & Nature,1f337,Animals Nature/tulip__1f337.png,https://fonts.gstatic.com/s/e/noto3demoji/latest/1f337/512.png,512,512,134589,494c980c7f2dba2cf2a8d3b03de9a3872479f75030d9af0dc52d589df4042aa0
🪻,Hyacinth,Animals & Nature,1fabb,Animals Nature/hyacinth__1fabb.png,https://fonts.gstatic.com/s/e/noto3demoji/latest/1fabb/512.png,512,512,158061,312615002ce1e3febe5dd21cd9e73fa8207990ba1eb099588152650e53cdf650
🌱,Plant,Animals & Nature,1f331,Animals Nature/plant__1f331.png,https://fonts.gstatic.com/s/e/noto3demoji/latest/1f331/512.png,512,512,91208,2f80795ed442a6f4ddf58586ad2eb5508c351196928b03825a3f6c933d527812
🪴,Potted Plant,Animals & Nature,1fab4,Animals Nature/potted-plant__1fab4.png,https://fonts.gstatic.com/s/e/noto3demoji/latest/1fab4/512.png,512,512,249110,69376c7108ef80a182df6c336c0fe074780c617ab07c246e834fe7ef7f524574
🌲,Evergreen Tree,Animals & Nature,1f332,Animals Nature/evergreen-tree__1f332.png,https://fonts.gstatic.com/s/e/noto3demoji/latest/1f332/512.png,512,512,149549,43c5bdb4cfbf5ef3b8289ea69c3de9a8e41d4b7a6b4eae62f6dac0e17c8a287e
🌳,Deciduous Tree,Animals & Nature,1f333,Animals Nature/deciduous-tree__1f333.png,https://fonts.gstatic.com/s/e/noto3demoji/latest/1f333/512.png,512,512,186189,08effe0ba9b1819bc2f792c7f7fd0db0b40ed11446d90800f2ce71a20dcb2c84
🌴,Palm Tree,Animals & Nature,1f334,Animals Nature/palm-tree__1f334.png,https://fonts.gstatic.com/s/e/noto3demoji/latest/1f334/512.png,512,512,135795,a947b8dac43b16f05bd646f17ce20ebd12fbbfc08ea78ea81b319ded3943a11d
🌵,Cactus,Animals & Nature,1f335,Animals Nature/cactus__1f335.png,https://fonts.gstatic.com/s/e/noto3demoji/latest/1f335/512.png,512,512,159243,72660ef3422206ca4df37f7b1bd626fd0f22268ffb1fa6f98b7d6b8be1d94abc
🌾,Ear Of Rice,Animals & Nature,1f33e,Animals Nature/ear-of-rice__1f33e.png,https://fonts.gstatic.com/s/e/noto3demoji/latest/1f33e/512.png,512,512,133835,68b6d56026300c388e41b1c26eb38b7fce98c7f84f7a70d63cf249c30804f257
🌿,Herb,Animals & Nature,1f33f,Animals Nature/herb__1f33f.png,https://fonts.gstatic.com/s/e/noto3demoji/latest/1f33f/512.png,512,512,148285,bdcc0092e24fa4d524ab185c28a3e5f03613bf5d0078d983028ac0e69394b912
☘,Shamrock,Animals & Nature,2618,Animals Nature/shamrock__2618.png,https://fonts.gstatic.com/s/e/noto3demoji/latest/2618/512.png,512,512,173025,05466a3b4fff5891325497c95094829a808b5377d96b624ecbb2543ac3a104b3
🍀,Luck,Animals & Nature,1f340,Animals Nature/luck__1f340.png,https://fonts.gstatic.com/s/e/noto3demoji/latest/1f340/512.png,512,512,167648,bf5fad80cc5423381aae46636f18e3c32f595437e18ad35850bd48780e76f051
🍁,Maple Leaf,Animals & Nature,1f341,Animals Nature/maple-leaf__1f341.png,https://fonts.gstatic.com/s/e/noto3demoji/latest/1f341/512.png,512,512,146532,29c8ddaf63ed13b42977d0173a678dd19a8b3996d0ef4e10e5e30bbbd75105fd
🍂,Fallen Leaf,Animals & Nature,1f342,Animals Nature/fallen-leaf__1f342.png,https://fonts.gstatic.com/s/e/noto3demoji/latest/1f342/512.png,512,512,161968,42ae5bdbd5396eba71caedba9fb70c496d417d43018fe11ac8c0c184d02b9a43
🍃,Leaves,Animals & Nature,1f343,Animals Nature/leaves__1f343.png,https://fonts.gstatic.com/s/e/noto3demoji/latest/1f343/512.png,512,512,97750,840241f75dcd8c19b462375af9db67f777131c0bea49e80793bb1ef1dc393355
🪹,Nest,Animals & Nature,1fab9,Animals Nature/nest__1fab9.png,https://fonts.gstatic.com/s/e/noto3demoji/latest/1fab9/512.png,512,512,201040,54448ea7bed1cebbe9100709f989ad95ad14f5f66bbf6f98008220541c301d6c
🪺,Nest With Eggs,Animals & Nature,1faba,Animals Nature/nest-with-eggs__1faba.png,https://fonts.gstatic.com/s/e/noto3demoji/latest/1faba/512.png,512,512,197169,1aa321522c91fa0889283782ddd62c32664e22367a2688a8ed1e0b7d04465cba
🍄,Mushroom,Animals & Nature,1f344,Animals Nature/mushroom__1f344.png,https://fonts.gstatic.com/s/e/noto3demoji/latest/1f344/512.png,512,512,196829,5cb71e539c5c7a483e3ca0fd8775d096dd95fe0045400391bd3d8a5c06b3a8f1
🪾,Leafless Tree,Animals & Nature,1fabe,Animals Nature/leafless-tree__1fabe.png,https://fonts.gstatic.com/s/e/noto3demoji/latest/1fabe/512.png,512,512,113045,4688fb8a537b6748c11975260b3695978d996ab3deb72017ff650f498519baad
🍇,Grapes,Food & Drink,1f347,Food Drink/grapes__1f347.png,https://fonts.gstatic.com/s/e/noto3demoji/latest/1f347/512.png,512,512,227658,8001dc0e659efdce19e4e68260707b60fee102e26cea11826492b481fcdaa064
🍈,Melon,Food & Drink,1f348,Food Drink/melon__1f348.png,https://fonts.gstatic.com/s/e/noto3demoji/latest/1f348/512.png,512,512,215044,46ef09a5c22412c1f2881309401fe22e958e372f72b0fe8ae4f16724e8789915
🍉,Watermelon,Food & Drink,1f349,Food Drink/watermelon__1f349.png,https://fonts.gstatic.com/s/e/noto3demoji/latest/1f349/512.png,512,512,185180,fc33260c40d6432f876be18370de3c26e5c337da9e372cda3c302e3d742860dc
🍊,Tangerine,Food & Drink,1f34a,Food Drink/tangerine__1f34a.png,https://fonts.gstatic.com/s/e/noto3demoji/latest/1f34a/512.png,512,512,208392,deb2fda1d38165d913de9602391394950e0d604a05ba77a31c2591a4d8bc8779
🍋,Lemon,Food & Drink,1f34b,Food Drink/lemon__1f34b.png,https://fonts.gstatic.com/s/e/noto3demoji/latest/1f34b/512.png,512,512,159806,7dc9458357af59359f675b0d5382582716779c1049285c4bf03a58293b72ed38
🍋‍🟩,Lime,Food & Drink,1f34b_200d_1f7e9,Food Drink/lime__1f34b_200d_1f7e9.png,https://fonts.gstatic.com/s/e/noto3demoji/latest/1f34b_200d_1f7e9/512.png,512,512,212446,1b841de11164e3ab4dbdc0ffda9259236e94c70c4e56daa53bb999811b49c335
🍌,Banana,Food & Drink,1f34c,Food Drink/banana__1f34c.png,https://fonts.gstatic.com/s/e/noto3demoji/latest/1f34c/512.png,512,512,134901,1cc8563c19507797dc26fd4d08eabe23fb17e40bb8b1c392066e3135121e8652
🍍,Pineapple,Food & Drink,1f34d,Food Drink/pineapple__1f34d.png,https://fonts.gstatic.com/s/e/noto3demoji/latest/1f34d/512.png,512,512,185875,ab864c1064acc0eb06c310e3d4276061e9c3c5edcf17d41ac342c8025b24d4dd
🥭,Mango,Food & Drink,1f96d,Food Drink/mango__1f96d.png,https://fonts.gstatic.com/s/e/noto3demoji/latest/1f96d/512.png,512,512,193962,31bd9de7515ced4fa5fdca3a6ade7c03271d004e7ed2376f1a16409e9c0b4b3a
🍎,Red Apple,Food & Drink,1f34e,Food Drink/red-apple__1f34e.png,https://fonts.gstatic.com/s/e/noto3demoji/latest/1f34e/512.png,512,512,130549,d4af8044db0734d38efaf3d6e906337d22e6d1151b2b03a1ec1052d146e7da7f
🍏,Green Apple,Food & Drink,1f34f,Food Drink/green-apple__1f34f.png,https://fonts.gstatic.com/s/e/noto3demoji/latest/1f34f/512.png,512,512,202897,56d2069645530795f577eedabe8bd15fd90eaf78c733f3a75ad9f7cca1f18dcf
🍐,Pear,Food & Drink,1f350,Food Drink/pear__1f350.png,https://fonts.gstatic.com/s/e/noto3demoji/latest/1f350/512.png,512,512,136788,0a39d4279074c3037c1e017ba3f2c97bcdcb9a7165b31269d9b57fb5260d11ec
🍑,Peach,Food & Drink,1f351,Food Drink/peach__1f351.png,https://fonts.gstatic.com/s/e/noto3demoji/latest/1f351/512.png,512,512,190715,a48988cf535a7c4395f8366debf8bf08469b7444e3bf390cdc1a74fd2631195f
🍒,Cherries,Food & Drink,1f352,Food Drink/cherries__1f352.png,https://fonts.gstatic.com/s/e/noto3demoji/latest/1f352/512.png,512,512,178541,28e4b398c961389b95e7805c659e61c4474874fc073f8941bf96e02aa33c5334
🍓,Strawberry,Food & Drink,1f353,Food Drink/strawberry__1f353.png,https://fonts.gstatic.com/s/e/noto3demoji/latest/1f353/512.png,512,512,190736,7fbec42ff1e313053d7b0ef5e69566ed0bbd42958e8fe4f5b08ed04f4cefc95e
🫐,Blueberries,Food & Drink,1fad0,Food Drink/blueberries__1fad0.png,https://fonts.gstatic.com/s/e/noto3demoji/latest/1fad0/512.png,512,512,177240,722d8b3a3aceefed5267fca2ed371fd04d1fa44374261899890986db98b5c190
🥝,Kiwi Fruit,Food & Drink,1f95d,Food Drink/kiwi-fruit__1f95d.png,https://fonts.gstatic.com/s/e/noto3demoji/latest/1f95d/512.png,512,512,255967,4603b3908cfd7582c89663983ce3e63a5b1edf6107d7ee9fc00efbd0ae51f3c2
🍅,Tomato,Food & Drink,1f345,Food Drink/tomato__1f345.png,https://fonts.gstatic.com/s/e/noto3demoji/latest/1f345/512.png,512,512,177230,da2266481f409a8a0ebb94cca4cd42e2412cd9bdffbde319a297f68c0ddec019
🫒,Olive,Food & Drink,1fad2,Food Drink/olive__1fad2.png,https://fonts.gstatic.com/s/e/noto3demoji/latest/1fad2/512.png,512,512,171240,3e4c0a01aebc3dae8c8eb683c839c3f04d0c18599c48fa3cdd7f882c96d1685d
🥥,Coconut,Food & Drink,1f965,Food Drink/coconut__1f965.png,https://fonts.gstatic.com/s/e/noto3demoji/latest/1f965/512.png,512,512,240926,405ccff25346059d955d98a8efee9c983eede1bb5b29c4431c81a63e2f9750b7
🥑,Avocado,Food & Drink,1f951,Food Drink/avocado__1f951.png,https://fonts.gstatic.com/s/e/noto3demoji/latest/1f951/512.png,512,512,244848,14d78f34bdb1476ea24a292117a8fe653046abb298357950edff888f8a6c7052
🍆,Eggplant,Food & Drink,1f346,Food Drink/eggplant__1f346.png,https://fonts.gstatic.com/s/e/noto3demoji/latest/1f346/512.png,512,512,128907,e5900d10450905bc0fbe15b56f8593673a873ca7c5d20ba6478e7b83350f5ff2
🥔,Potato,Food & Drink,1f954,Food Drink/potato__1f954.png,https://fonts.gstatic.com/s/e/noto3demoji/latest/1f954/512.png,512,512,193392,e5434bd631712dffa438241f48e2827250fd187f6d7a14fd8e70f73bc9ad18b3
🥕,Carrot,Food & Drink,1f955,Food Drink/carrot__1f955.png,https://fonts.gstatic.com/s/e/noto3demoji/latest/1f955/512.png,512,512,116987,2f6a643fbfcd651403a63a73186fa4cc28dd39c999a407634f1fa840d7442fc6
🌽,Ear Of Corn,Food & Drink,1f33d,Food Drink/ear-of-corn__1f33d.png,https://fonts.gstatic.com/s/e/noto3demoji/latest/1f33d/512.png,512,512,251938,896071ccee47a2efe7a5caec177131649a81a089344cca46edc044421858e96c
🌶,Hot Pepper,Food & Drink,1f336,Food Drink/hot-pepper__1f336.png,https://fonts.gstatic.com/s/e/noto3demoji/latest/1f336/512.png,512,512,94179,42f442483806f8a8a870423760fa69b29166c666f8e20520ae059ca82ba47575
🫑,Bell Pepper,Food & Drink,1fad1,Food Drink/bell-pepper__1fad1.png,https://fonts.gstatic.com/s/e/noto3demoji/latest/1fad1/512.png,512,512,143490,8daea92495ddf5410975879131858b6b0338b58a8c41d9d13bd25d6ab6ced6d1
🥒,Cucumber,Food & Drink,1f952,Food Drink/cucumber__1f952.png,https://fonts.gstatic.com/s/e/noto3demoji/latest/1f952/512.png,512,512,207208,33225e7d9933a61eb6b7c71604b6fbdff4823666ded85d09e7b30db7f96e42fd
🥬,Leafy Green,Food & Drink,1f96c,Food Drink/leafy-green__1f96c.png,https://fonts.gstatic.com/s/e/noto3demoji/latest/1f96c/512.png,512,512,219268,09931a661cb943e1a89e3acea872858b1cf508c00136a12a70ef34716908351e
🥦,Broccoli,Food & Drink,1f966,Food Drink/broccoli__1f966.png,https://fonts.gstatic.com/s/e/noto3demoji/latest/1f966/512.png,512,512,218992,ab59d110aad5f534f4734d168a71f0332650108a2adb0051a1ab8ccdb92fc9c3
🧄,Garlic,Food & Drink,1f9c4,Food Drink/garlic__1f9c4.png,https://fonts.gstatic.com/s/e/noto3demoji/latest/1f9c4/512.png,512,512,121660,c49b047932963e70786334760c1518fa388afcf3d4a407421cce55f0da64d675
🧅,Onion,Food & Drink,1f9c5,Food Drink/onion__1f9c5.png,https://fonts.gstatic.com/s/e/noto3demoji/latest/1f9c5/512.png,512,512,175452,ba891b7b3931a2afb523f0bb77f94b356c9b72463ff2d0c3f18c6b601a0d07f3
🥜,Peanuts,Food & Drink,1f95c,Food Drink/peanuts__1f95c.png,https://fonts.gstatic.com/s/e/noto3demoji/latest/1f95c/512.png,512,512,155953,e6b86590a57d1629398cbf23ed0d5906ebf2a9002cb7e8a3a223d6c1302686ac
🫘,Beans,Food & Drink,1fad8,Food Drink/beans__1fad8.png,https://fonts.gstatic.com/s/e/noto3demoji/latest/1fad8/512.png,512,512,130019,7d216ccfad6bc54ff573365e4ac865a17a5110946280b582fd72f09258cd04de
🌰,Chestnut,Food & Drink,1f330,Food Drink/chestnut__1f330.png,https://fonts.gstatic.com/s/e/noto3demoji/latest/1f330/512.png,512,512,130255,092d3ea5bb0cf0af1c99d123dc6dca3762c5c981f3d733e8080146c24c5220fa
🫚,Ginger,Food & Drink,1fada,Food Drink/ginger__1fada.png,https://fonts.gstatic.com/s/e/noto3demoji/latest/1fada/512.png,512,512,275155,97469e7540d8b72fb7c6ff6ae0de294e05eb51e946eaa7f0b82d206cc00cfd7b
🫛,Pea Pod,Food & Drink,1fadb,Food Drink/pea-pod__1fadb.png,https://fonts.gstatic.com/s/e/noto3demoji/latest/1fadb/512.png,512,512,174629,5d532882dbd797784ca5f89f41d896e236fb87eca9d305309023bccbb12be6fe
🍄‍🟫,Brown Mushroom,Food & Drink,1f344_200d_1f7eb,Food Drink/brown-mushroom__1f344_200d_1f7eb.png,https://fonts.gstatic.com/s/e/noto3demoji/latest/1f344_200d_1f7eb/512.png,512,512,167534,3440c5d8045e7c412f0f48f0609031a833c11b84242d166ebc6fd03d12629434
🫜,Root Vegetable,Food & Drink,1fadc,Food Drink/root-vegetable__1fadc.png,https://fonts.gstatic.com/s/e/noto3demoji/latest/1fadc/512.png,512,512,152925,6c2cce5eac2b9322ed32d64241ac8217813b87dea25f64271a66522a46b2e9cc
🍞,Bread,Food & Drink,1f35e,Food Drink/bread__1f35e.png,https://fonts.gstatic.com/s/e/noto3demoji/latest/1f35e/512.png,512,512,186968,2e11f1bbffcd2a217367d157253c451ed2bceef0a0c5d2154bb065582f835075
🥐,Croissant,Food & Drink,1f950,Food Drink/croissant__1f950.png,https://fonts.gstatic.com/s/e/noto3demoji/latest/1f950/512.png,512,512,159580,9d683ee180b8a8c6baf0b178d59054c7a6616f69b922c640719797f29982d3e7
🥖,Baguette Bread,Food & Drink,1f956,Food Drink/baguette-bread__1f956.png,https://fonts.gstatic.com/s/e/noto3demoji/latest/1f956/512.png,512,512,143561,0fe2f0328d7b4aceeec931b6141feb86a4fa2600fc77f4feb6ddf198946a39c5
🫓,Flatbread,Food & Drink,1fad3,Food Drink/flatbread__1fad3.png,https://fonts.gstatic.com/s/e/noto3demoji/latest/1fad3/512.png,512,512,244663,ab5a89f0cd19906719f472b231b05d5446b468a34538b17817cf08e6440a6e4e
🥨,Pretzel,Food & Drink,1f968,Food Drink/pretzel__1f968.png,https://fonts.gstatic.com/s/e/noto3demoji/latest/1f968/512.png,512,512,231164,2786bd0af9ac5700c2dfd5295dc50c87ac7fedaaa28da2920d857ffbf7c7ecd7
🥯,Bagel,Food & Drink,1f96f,Food Drink/bagel__1f96f.png,https://fonts.gstatic.com/s/e/noto3demoji/latest/1f96f/512.png,512,512,235390,97c1ded4cafc2d7ee84604a405414cf8a70e78a464dd2f3cf97b443a43ea00f1
🥞,Pancakes,Food & Drink,1f95e,Food Drink/pancakes__1f95e.png,https://fonts.gstatic.com/s/e/noto3demoji/latest/1f95e/512.png,512,512,237997,b0f8147064f744b78fd8d22c85f6a5f0e8c0b112d583343e6641d6e69e22d6ce
🧇,Waffle,Food & Drink,1f9c7,Food Drink/waffle__1f9c7.png,https://fonts.gstatic.com/s/e/noto3demoji/latest/1f9c7/512.png,512,512,168153,40847a4b647b22d89047e1978d0327e9c97193a8317081fc4a153e6331b6fa37
🧀,Cheese Wedge,Food & Drink,1f9c0,Food Drink/cheese-wedge__1f9c0.png,https://fonts.gstatic.com/s/e/noto3demoji/latest/1f9c0/512.png,512,512,132966,a4d71d36da8a54b79fc9145fef7d83af5924f975a68966b162d23f921c71a5ea
🍖,Meat On Bone,Food & Drink,1f356,Food Drink/meat-on-bone__1f356.png,https://fonts.gstatic.com/s/e/noto3demoji/latest/1f356/512.png,512,512,175403,87a210d65c041744d9f51eb832980c8e9e11fbbe403e7d738a34fa64a469029f
🍗,Poultry Leg,Food & Drink,1f357,Food Drink/poultry-leg__1f357.png,https://fonts.gstatic.com/s/e/noto3demoji/latest/1f357/512.png,512,512,119495,870ea0d8291ccd20194f228c26bc873cb1adf0ff72483e7e1d6ef0ccd4018746
🥩,Cut Of Meat,Food & Drink,1f969,Food Drink/cut-of-meat__1f969.png,https://fonts.gstatic.com/s/e/noto3demoji/latest/1f969/512.png,512,512,250439,2d469b1af1c249df29caf29ffb05381634bb6ac330962790b16edbbdf1957e17
🥓,Bacon,Food & Drink,1f953,Food Drink/bacon__1f953.png,https://fonts.gstatic.com/s/e/noto3demoji/latest/1f953/512.png,512,512,147449,6ceee1ae7d17c676ca7ebffe43e5dcc3d06f1683b19998dd71039358cd599ce5
🍔,Hamburger,Food & Drink,1f354,Food Drink/hamburger__1f354.png,https://fonts.gstatic.com/s/e/noto3demoji/latest/1f354/512.png,512,512,298495,e5dcfca5703bed0c32bb3f9e1862f450edce31a5143d01e066d49e1dc5c6c13d
🍟,French Fries,Food & Drink,1f35f,Food Drink/french-fries__1f35f.png,https://fonts.gstatic.com/s/e/noto3demoji/latest/1f35f/512.png,512,512,186505,251181211462fb5405ce50253506c44ec61c07da8e0ab59184f60c4e8499c67f
🍕,Pizza,Food & Drink,1f355,Food Drink/pizza__1f355.png,https://fonts.gstatic.com/s/e/noto3demoji/latest/1f355/512.png,512,512,201008,b163ebbbbf0712a1869077020c961c08f96e8c9e046c1b89a8fe744e6e6711d8
🌭,Hot Dog,Food & Drink,1f32d,Food Drink/hot-dog__1f32d.png,https://fonts.gstatic.com/s/e/noto3demoji/latest/1f32d/512.png,512,512,214120,77df31e5e23a91df11ff95b5a9d734b276ff94de94a7a2602e17126921dcbc70
🥪,Sandwich,Food & Drink,1f96a,Food Drink/sandwich__1f96a.png,https://fonts.gstatic.com/s/e/noto3demoji/latest/1f96a/512.png,512,512,215301,e10aa13b89f3cce014c5928d8604ff9d8413433bb0c1729b569739cc8f2ba93f
🌮,Taco,Food & Drink,1f32e,Food Drink/taco__1f32e.png,https://fonts.gstatic.com/s/e/noto3demoji/latest/1f32e/512.png,512,512,216419,24ede67ab421fe4f4d7d53029ad6dafb0de0a18019e84e60fb95316c6a306e73
🌯,Burrito,Food & Drink,1f32f,Food Drink/burrito__1f32f.png,https://fonts.gstatic.com/s/e/noto3demoji/latest/1f32f/512.png,512,512,197368,064f65174a6c39ac5c87d77eecae709806910442f29579ebe380620dce3bf3d1
🫔,Tamale,Food & Drink,1fad4,Food Drink/tamale__1fad4.png,https://fonts.gstatic.com/s/e/noto3demoji/latest/1fad4/512.png,512,512,207390,90b1507a43b9a8ed3e5aad20614e116367c5196f61f54b285432d0c627a37e4c
🥙,Stuffed Flatbread,Food & Drink,1f959,Food Drink/stuffed-flatbread__1f959.png,https://fonts.gstatic.com/s/e/noto3demoji/latest/1f959/512.png,512,512,262042,3c76cc4d0cae5c8fabb204537bf292ca73b1e98e1a44204b06fa1ed4aedc0198
🧆,Falafel,Food & Drink,1f9c6,Food Drink/falafel__1f9c6.png,https://fonts.gstatic.com/s/e/noto3demoji/latest/1f9c6/512.png,512,512,234346,caf62c48a5b43d2b12f0e3224fd07a482f40143de2c573ebd195af107e710a71
🥚,Egg,Food & Drink,1f95a,Food Drink/egg__1f95a.png,https://fonts.gstatic.com/s/e/noto3demoji/latest/1f95a/512.png,512,512,189514,b25af6742f52bfe9121591d610ea35a5292f428f7a3e193d932f153dc2edc442
🍳,Cooking,Food & Drink,1f373,Food Drink/cooking__1f373.png,https://fonts.gstatic.com/s/e/noto3demoji/latest/1f373/512.png,512,512,123031,9bf374a26346d7299db76005e1088378ab0430154164afa36669e325bfbda97c
🥘,Shallow Pan Of Food,Food & Drink,1f958,Food Drink/shallow-pan-of-food__1f958.png,https://fonts.gstatic.com/s/e/noto3demoji/latest/1f958/512.png,512,512,270315,a27af3aa9ace01299900fa8fb25725e13199c794f4b20b8c74e0b3329469a343
🍲,Pot Of Food,Food & Drink,1f372,Food Drink/pot-of-food__1f372.png,https://fonts.gstatic.com/s/e/noto3demoji/latest/1f372/512.png,512,512,163300,93dac5557faa7fec23cf5722dc4bd4c4d718e381eef03048060f0169d9ec4820
🫕,Fondue,Food & Drink,1fad5,Food Drink/fondue__1fad5.png,https://fonts.gstatic.com/s/e/noto3demoji/latest/1fad5/512.png,512,512,163505,f5a6c211401af997a49a77b6080850b422cc96c4bc84e4615ee14947286e7c90
🥣,Bowl With Spoon,Food & Drink,1f963,Food Drink/bowl-with-spoon__1f963.png,https://fonts.gstatic.com/s/e/noto3demoji/latest/1f963/512.png,512,512,111638,a076d2a0df518312622a3b7c1b3040718ec87df429ce0f8a56854adac3f382ba
🥗,Green Salad,Food & Drink,1f957,Food Drink/green-salad__1f957.png,https://fonts.gstatic.com/s/e/noto3demoji/latest/1f957/512.png,512,512,195643,8e833588d50c38f80b22014df6c6a36ef9536cbedae0b18928428d5b1ade743e
🍿,Popcorn,Food & Drink,1f37f,Food Drink/popcorn__1f37f.png,https://fonts.gstatic.com/s/e/noto3demoji/latest/1f37f/512.png,512,512,183950,e223f1ab62b511d81e37825f625a3802ea243fa573dcd71d52f5c519caf456f7
🧈,Butter,Food & Drink,1f9c8,Food Drink/butter__1f9c8.png,https://fonts.gstatic.com/s/e/noto3demoji/latest/1f9c8/512.png,512,512,124202,b6df08756be5e4171c1bae315c3444c6efc4e0c8bea5f7e35a8c5fcc9f3f0bba
🧂,Salt,Food & Drink,1f9c2,Food Drink/salt__1f9c2.png,https://fonts.gstatic.com/s/e/noto3demoji/latest/1f9c2/512.png,512,512,146049,173b563f72e76c22de7685b58ad1a3bb1ab77ff5966be0162e819216c7821d41
🥫,Canned Food,Food & Drink,1f96b,Food Drink/canned-food__1f96b.png,https://fonts.gstatic.com/s/e/noto3demoji/latest/1f96b/512.png,512,512,174980,88d7a5889b90aa3c00fd163155838552e29e78ce95aae5b6c1fb033296897067
🍱,Bento Box,Food & Drink,1f371,Food Drink/bento-box__1f371.png,https://fonts.gstatic.com/s/e/noto3demoji/latest/1f371/512.png,512,512,232058,63732a2265974fc439532047d81897a8fb2caa712928fcef618e53cd85913feb
🍘,Rice Cracker,Food & Drink,1f358,Food Drink/rice-cracker__1f358.png,https://fonts.gstatic.com/s/e/noto3demoji/latest/1f358/512.png,512,512,194916,9c1761879d4a4a794ad694dd5393b609d923e4076b80fe3dcdf7d1a1986e9fbb
🍙,Rice Ball,Food & Drink,1f359,Food Drink/rice-ball__1f359.png,https://fonts.gstatic.com/s/e/noto3demoji/latest/1f359/512.png,512,512,176128,6491e63367930c60bd0de811cc5367ec1290159d0c42b7cfeee8cfb5ff14e42c
🍚,Cooked Rice,Food & Drink,1f35a,Food Drink/cooked-rice__1f35a.png,https://fonts.gstatic.com/s/e/noto3demoji/latest/1f35a/512.png,512,512,190064,3fbbb3295a8c1ecbac055cefda6db9a25a2c6ad2799b29c6c9f917db089cd2f9
🍛,Curry Rice,Food & Drink,1f35b,Food Drink/curry-rice__1f35b.png,https://fonts.gstatic.com/s/e/noto3demoji/latest/1f35b/512.png,512,512,146031,28bf8370dd6c0164ad94a363f6edb04c28f8574487859db7ab1789aff0c7b56e
🍜,Steaming Bowl,Food & Drink,1f35c,Food Drink/steaming-bowl__1f35c.png,https://fonts.gstatic.com/s/e/noto3demoji/latest/1f35c/512.png,512,512,180845,484eb3b9d3767401bbe085c49eade4f9332415564f7546b7b6fd9b49c5c6f1eb
🍝,Spaghetti,Food & Drink,1f35d,Food Drink/spaghetti__1f35d.png,https://fonts.gstatic.com/s/e/noto3demoji/latest/1f35d/512.png,512,512,219186,587ed12018b53649df7eed905bc9227137656f5e0103f69d20949725d895a650
🍠,Roasted Sweet Potato,Food & Drink,1f360,Food Drink/roasted-sweet-potato__1f360.png,https://fonts.gstatic.com/s/e/noto3demoji/latest/1f360/512.png,512,512,177576,bdf92a82cea484f4c1a60e1a3ae8a12371d1812bab689935328c739dce55fa49
🍢,Oden,Food & Drink,1f362,Food Drink/oden__1f362.png,https://fonts.gstatic.com/s/e/noto3demoji/latest/1f362/512.png,512,512,170105,7ebb8b090562a18a9c9e81602408e9703c022902457b1251c7950284d93ba0a1
🍣,Sushi,Food & Drink,1f363,Food Drink/sushi__1f363.png,https://fonts.gstatic.com/s/e/noto3demoji/latest/1f363/512.png,512,512,235442,ed9004e41af365ceb61fd4e19feac5977bee436e10663447e394fb94376ba25d
🍤,Fried Shrimp,Food & Drink,1f364,Food Drink/fried-shrimp__1f364.png,https://fonts.gstatic.com/s/e/noto3demoji/latest/1f364/512.png,512,512,194910,d77bd3b1a54329d86fc064e564a4b70d18bad9c9f2dc6033365669595abc0cb3
🍥,Fish Cake With Swirl,Food & Drink,1f365,Food Drink/fish-cake-with-swirl__1f365.png,https://fonts.gstatic.com/s/e/noto3demoji/latest/1f365/512.png,512,512,212386,ec7dc33b126651db4b444e596d1c46880fd7c646fa6932fbd47e659004a53f70
🥮,Moon Cake,Food & Drink,1f96e,Food Drink/moon-cake__1f96e.png,https://fonts.gstatic.com/s/e/noto3demoji/latest/1f96e/512.png,512,512,273516,216b1a98f1749209eda68ac17d884910e0608c9a1fc165be2c8b850ae04d2f2c
🍡,Dango,Food & Drink,1f361,Food Drink/dango__1f361.png,https://fonts.gstatic.com/s/e/noto3demoji/latest/1f361/512.png,512,512,145273,a096e143632d1f183854ca40c6942280989c7e04e5f3bccbb1ceaab99b07830f
🥟,Dumpling,Food & Drink,1f95f,Food Drink/dumpling__1f95f.png,https://fonts.gstatic.com/s/e/noto3demoji/latest/1f95f/512.png,512,512,157233,becd35f966be621da6af2298f06bf574cbe1990034993a36e3b12cd3b4837d82
🥠,Fortune Cookie,Food & Drink,1f960,Food Drink/fortune-cookie__1f960.png,https://fonts.gstatic.com/s/e/noto3demoji/latest/1f960/512.png,512,512,181570,a3988060e5deb0dd212017d2be56d9137544b9e38776e6ccfb0b25449d147a52
🥡,Takeout Box,Food & Drink,1f961,Food Drink/takeout-box__1f961.png,https://fonts.gstatic.com/s/e/noto3demoji/latest/1f961/512.png,512,512,171854,997652ffbd5bac8053260a344b399e423940d8aa8517a835f48268edd8c50cdc
🍦,Soft Ice Cream,Food & Drink,1f366,Food Drink/soft-ice-cream__1f366.png,https://fonts.gstatic.com/s/e/noto3demoji/latest/1f366/512.png,512,512,124974,a14828154e26227d8ce1f00919357ae1ea64575463e6ad4e17fe7d353c573d5f
🍧,Shaved Ice,Food & Drink,1f367,Food Drink/shaved-ice__1f367.png,https://fonts.gstatic.com/s/e/noto3demoji/latest/1f367/512.png,512,512,177779,f25f1e223d110abc35f625a96a952f04117a708328f33a64a3827956d5ab4c61
🍨,Ice Cream,Food & Drink,1f368,Food Drink/ice-cream__1f368.png,https://fonts.gstatic.com/s/e/noto3demoji/latest/1f368/512.png,512,512,134259,00ceef8be402eed69c70fe243511a3248a246ccb6b50561aea39bbc8bd8756e6
🍩,Doughnut,Food & Drink,1f369,Food Drink/doughnut__1f369.png,https://fonts.gstatic.com/s/e/noto3demoji/latest/1f369/512.png,512,512,286932,16db9efd0011fb05f383fcb0c3772ee52acce6a22f0c80f10e802198818fdca1
🍪,Cookie,Food & Drink,1f36a,Food Drink/cookie__1f36a.png,https://fonts.gstatic.com/s/e/noto3demoji/latest/1f36a/512.png,512,512,242886,a66a326ea889b27cd4e6a451804f3e54a5170479ed3cb8415b50923eeca46463
🎂,Birthday Cake,Food & Drink,1f382,Food Drink/birthday-cake__1f382.png,https://fonts.gstatic.com/s/e/noto3demoji/latest/1f382/512.png,512,512,186345,d1d42275d9e675d9f9e89c72d912b825c43a5e27f40dea7afbd03840d5807279
🍰,Shortcake,Food & Drink,1f370,Food Drink/shortcake__1f370.png,https://fonts.gstatic.com/s/e/noto3demoji/latest/1f370/512.png,512,512,205726,874179f949c04a65b04aee201db255761fe03550139daa284d79887a0cfa4c17
🧁,Cupcake,Food & Drink,1f9c1,Food Drink/cupcake__1f9c1.png,https://fonts.gstatic.com/s/e/noto3demoji/latest/1f9c1/512.png,512,512,185273,58402a5aa6c0e9d756b38f8435c4e1be06f1ef0be0a29e39662d96c8a56657b3
🥧,Pie,Food & Drink,1f967,Food Drink/pie__1f967.png,https://fonts.gstatic.com/s/e/noto3demoji/latest/1f967/512.png,512,512,164256,774a47356a040ac3bce323c1b020523597241cd5a524926e7846ddec8c7f69e9
🍫,Chocolate Bar,Food & Drink,1f36b,Food Drink/chocolate-bar__1f36b.png,https://fonts.gstatic.com/s/e/noto3demoji/latest/1f36b/512.png,512,512,159637,f3fbac76f3f56599f6790b7d173c148840817eac8bb6c32d8b5fab8bf2df6218
🍬,Candy,Food & Drink,1f36c,Food Drink/candy__1f36c.png,https://fonts.gstatic.com/s/e/noto3demoji/latest/1f36c/512.png,512,512,104176,27748ddc6be4b6c49617d9017c1616637500722febf526f4f856f728eca6b993
🍭,Lollipop,Food & Drink,1f36d,Food Drink/lollipop__1f36d.png,https://fonts.gstatic.com/s/e/noto3demoji/latest/1f36d/512.png,512,512,157609,1be86134328012abba4900220952f0b80a01b104e9151539c18f31683a8f3f26
🍮,Custard,Food & Drink,1f36e,Food Drink/custard__1f36e.png,https://fonts.gstatic.com/s/e/noto3demoji/latest/1f36e/512.png,512,512,107784,8ce6e2ce32f9d96c813d795db50413d97dec16c82138843dde50cbdf7a54456e
🍯,Honey Pot,Food & Drink,1f36f,Food Drink/honey-pot__1f36f.png,https://fonts.gstatic.com/s/e/noto3demoji/latest/1f36f/512.png,512,512,127894,c65c27bbb40b66ae11296367f5433ba6b70dcc12742f8088ccaeeb1e2df6eba7
🍼,Baby Bottle,Food & Drink,1f37c,Food Drink/baby-bottle__1f37c.png,https://fonts.gstatic.com/s/e/noto3demoji/latest/1f37c/512.png,512,512,153800,31e4d4c9a427b77f18dea415721b284e9c3be3661bb5cba4a1e957c6418c3050
🥛,Glass Of Milk,Food & Drink,1f95b,Food Drink/glass-of-milk__1f95b.png,https://fonts.gstatic.com/s/e/noto3demoji/latest/1f95b/512.png,512,512,132348,db987f3490d11daf36af133e13279a643b2766aaa65ec45e7c70dc9fa0ddfc5a
☕,Hot Beverage,Food & Drink,2615,Food Drink/hot-beverage__2615.png,https://fonts.gstatic.com/s/e/noto3demoji/latest/2615/512.png,512,512,166752,7ecf3f501604f50bf5649f602a5be6eea7458602fe2049789ef535aef13abc35
🫖,Teapot,Food & Drink,1fad6,Food Drink/teapot__1fad6.png,https://fonts.gstatic.com/s/e/noto3demoji/latest/1fad6/512.png,512,512,124908,3a244764d13c5103c8b001892b57f455db47042564d1edfe2f4b4b67a94b810c
🍵,Teacup Without Handle,Food & Drink,1f375,Food Drink/teacup-without-handle__1f375.png,https://fonts.gstatic.com/s/e/noto3demoji/latest/1f375/512.png,512,512,102483,eac3664c5752c1b3b2ad11637e7534a8690827e6d11bbe7504d0a337934d74dc
🍶,Sake,Food & Drink,1f376,Food Drink/sake__1f376.png,https://fonts.gstatic.com/s/e/noto3demoji/latest/1f376/512.png,512,512,120619,8b2712e1fe08bd4ab4a5ca8ea8ce967da3b39ce77a73dc26806385d6fdce62fd
🍾,Bottle With Popping Cork,Food & Drink,1f37e,Food Drink/bottle-with-popping-cork__1f37e.png,https://fonts.gstatic.com/s/e/noto3demoji/latest/1f37e/512.png,512,512,83634,a72402fd6e2c1c862a317927fe68cf4ffbe4921e9f7171157e58183e3fe44a74
🍷,Wine Glass,Food & Drink,1f377,Food Drink/wine-glass__1f377.png,https://fonts.gstatic.com/s/e/noto3demoji/latest/1f377/512.png,512,512,113776,60940658542f84307e51907c6e77f3cbfba86527f8bdaa3915f4ab75c825c888
🍸,Cocktail Glass,Food & Drink,1f378,Food Drink/cocktail-glass__1f378.png,https://fonts.gstatic.com/s/e/noto3demoji/latest/1f378/512.png,512,512,131479,3ecf817360eda79e67b1dabaee43f5c1807400800126b2da67e38340a02a9922
🍹,Tropical Drink,Food & Drink,1f379,Food Drink/tropical-drink__1f379.png,https://fonts.gstatic.com/s/e/noto3demoji/latest/1f379/512.png,512,512,123668,7e5682cd1e405c41876b553a0fa7f30f8f7386600a46d292989236cdd6a671fe
🍺,Beer Mug,Food & Drink,1f37a,Food Drink/beer-mug__1f37a.png,https://fonts.gstatic.com/s/e/noto3demoji/latest/1f37a/512.png,512,512,172907,217345d6bc2b301e300b63fbef9dddf2c85173a11412d164c921d947a5078f88
🍻,Clinking Beer Mugs,Food & Drink,1f37b,Food Drink/clinking-beer-mugs__1f37b.png,https://fonts.gstatic.com/s/e/noto3demoji/latest/1f37b/512.png,512,512,197741,c2b9c1b218fa2b781734713b5af37865d7dace27189b06b3e400d2d631a5f5b0
🥂,Clinking Glasses,Food & Drink,1f942,Food Drink/clinking-glasses__1f942.png,https://fonts.gstatic.com/s/e/noto3demoji/latest/1f942/512.png,512,512,136891,05355987b7a5184026d441e95dafb89c8f7f6c20aa23badc9f86a5a06662bedb
🥃,Tumbler Glass,Food & Drink,1f943,Food Drink/tumbler-glass__1f943.png,https://fonts.gstatic.com/s/e/noto3demoji/latest/1f943/512.png,512,512,212436,529f556fa0436f0938917700d0072bca543d752f3ebe29213488427928f307a7
🫗,Pour,Food & Drink,1fad7,Food Drink/pour__1fad7.png,https://fonts.gstatic.com/s/e/noto3demoji/latest/1fad7/512.png,512,512,147505,d170994e8f509f7977e02a2eeab20d292614f0f24bb91e08b9e73645372e8d11
🥤,Cup With Straw,Food & Drink,1f964,Food Drink/cup-with-straw__1f964.png,https://fonts.gstatic.com/s/e/noto3demoji/latest/1f964/512.png,512,512,116754,ac568a54304fb9ab4f7bd81bcc60d781c74f196fe39ecc7021ffcf214c6d7892
🧋,Bubble Tea,Food & Drink,1f9cb,Food Drink/bubble-tea__1f9cb.png,https://fonts.gstatic.com/s/e/noto3demoji/latest/1f9cb/512.png,512,512,145039,58b7d99f95b524f7787846b834fa8d8be677cddad98e3a4b74fe2bb5580ad4bd
🧃,Beverage Box,Food & Drink,1f9c3,Food Drink/beverage-box__1f9c3.png,https://fonts.gstatic.com/s/e/noto3demoji/latest/1f9c3/512.png,512,512,134573,db243d71c4cc371f1e439da37fbe2d7223188afcb10b9bbdab336b1ad4363ae7
🧉,Mate,Food & Drink,1f9c9,Food Drink/mate__1f9c9.png,https://fonts.gstatic.com/s/e/noto3demoji/latest/1f9c9/512.png,512,512,147660,a6b72bdf16296176dae674f64e5e8afecea626b96dfc18b024aef15ab6c74132
🧊,Ice Cube,Food & Drink,1f9ca,Food Drink/ice-cube__1f9ca.png,https://fonts.gstatic.com/s/e/noto3demoji/latest/1f9ca/512.png,512,512,169144,30af0e24e1eb1651f355af04930457116566fdbfb0c77096fb8fa646f785cee3
🥢,Chopsticks,Food & Drink,1f962,Food Drink/chopsticks__1f962.png,https://fonts.gstatic.com/s/e/noto3demoji/latest/1f962/512.png,512,512,79729,07eae08158a0027502c0bf479cda459d0368dd5e74741e2efc8e12bd3adb52b2
🍽,Fork And Knife With Plate,Food & Drink,1f37d,Food Drink/fork-and-knife-with-plate__1f37d.png,https://fonts.gstatic.com/s/e/noto3demoji/latest/1f37d/512.png,512,512,123041,755c5a4b56f80a13ac3b13eb0c86abb66512a25d987a8d8659f4677a2fdd7603
🍴,Fork And Knife,Food & Drink,1f374,Food Drink/fork-and-knife__1f374.png,https://fonts.gstatic.com/s/e/noto3demoji/latest/1f374/512.png,512,512,67130,e5691e2dfa43ac6b3ddcec9d10794347b8a7b2ccf94549c56e6520c22ca51f68
🥄,Spoon,Food & Drink,1f944,Food Drink/spoon__1f944.png,https://fonts.gstatic.com/s/e/noto3demoji/latest/1f944/512.png,512,512,81898,a36619ce7d48378d31a860c401ff270a0db756d5bed58d36decb40bfaf66e777
🔪,Kitchen Knife,Food & Drink,1f52a,Food Drink/kitchen-knife__1f52a.png,https://fonts.gstatic.com/s/e/noto3demoji/latest/1f52a/512.png,512,512,81364,a7421fbba6e0a60c8f7c41780a0a9522dd0c13ae37b06260ed4ec02ba77a6e52
🫙,Jar,Food & Drink,1fad9,Food Drink/jar__1fad9.png,https://fonts.gstatic.com/s/e/noto3demoji/latest/1fad9/512.png,512,512,122632,997e018b65ad12b795618319cf1e690e4eba66c75c9268b99a3058c07b7180a8
🏺,Amphora,Food & Drink,1f3fa,Food Drink/amphora__1f3fa.png,https://fonts.gstatic.com/s/e/noto3demoji/latest/1f3fa/512.png,512,512,107368,fc316e10fa14b77e46eae2771125546fcb7e2efe14c46378634a36e20c148d0c
🎃,Jack O Lantern,Activity,1f383,Activity/jack-o-lantern__1f383.png,https://fonts.gstatic.com/s/e/noto3demoji/latest/1f383/512.png,512,512,157655,1035248a7d3f1650bd9d820a61bec17839982141fe88f250ddc8fbf68926deb1
🎄,Christmas Tree,Activity,1f384,Activity/christmas-tree__1f384.png,https://fonts.gstatic.com/s/e/noto3demoji/latest/1f384/512.png,512,512,163116,547fe4ca57b4da715c73806fc52342322c0206d7eba6fa7eb13bba193048c154
🎆,Fireworks,Activity,1f386,Activity/fireworks__1f386.png,https://fonts.gstatic.com/s/e/noto3demoji/latest/1f386/512.png,512,512,259031,1568afc6c1b73613ab2dfb3e1d781bb4f03908db829d40c33ce0c0865e7d1186
🎇,Sparkler,Activity,1f387,Activity/sparkler__1f387.png,https://fonts.gstatic.com/s/e/noto3demoji/latest/1f387/512.png,512,512,287780,290038d961e3f65ce0ee3ce7e887886a25337ec483f7ca974d6e604d352c84ed
🧨,Firecracker,Activity,1f9e8,Activity/firecracker__1f9e8.png,https://fonts.gstatic.com/s/e/noto3demoji/latest/1f9e8/512.png,512,512,117068,af38269a9fb50b85cc90033c469ab9a15d6443196ea3019d436feab50f19365b
✨,Sparkles,Activity,2728,Activity/sparkles__2728.png,https://fonts.gstatic.com/s/e/noto3demoji/latest/2728/512.png,512,512,82441,0ae2f507289566b4d6046920a423ce75a09ae0adeebea958a2bca85c6da3f0c0
🎈,Balloon,Activity,1f388,Activity/balloon__1f388.png,https://fonts.gstatic.com/s/e/noto3demoji/latest/1f388/512.png,512,512,84960,bf5ed036e897fb994c88a78da9bb6920321e221f153853e23c78fff60ebd1f00
🎉,Party Popper,Activity,1f389,Activity/party-popper__1f389.png,https://fonts.gstatic.com/s/e/noto3demoji/latest/1f389/512.png,512,512,154456,14051433c97afc212957214384f84e80eb0887cb774155fd0c313bef71a08c32
🎊,Confetti Ball,Activity,1f38a,Activity/confetti-ball__1f38a.png,https://fonts.gstatic.com/s/e/noto3demoji/latest/1f38a/512.png,512,512,180503,1842c8966e52f3e7e4eaf9ca28b02eae8b9f8641cacb46caf268794ac10934d1
🎋,Tanabata Tree,Activity,1f38b,Activity/tanabata-tree__1f38b.png,https://fonts.gstatic.com/s/e/noto3demoji/latest/1f38b/512.png,512,512,133579,4fcee5a219d431283d8a8c7678c1ce2f11612f39b0dae21fd74f02d24aa0b023
🎍,Pine Decoration,Activity,1f38d,Activity/pine-decoration__1f38d.png,https://fonts.gstatic.com/s/e/noto3demoji/latest/1f38d/512.png,512,512,111025,2ece193a8e1fe34da40920eaa89a7013f6d235504e2581abc39e9fbbcdb5e858
🎎,Japanese Dolls,Activity,1f38e,Activity/japanese-dolls__1f38e.png,https://fonts.gstatic.com/s/e/noto3demoji/latest/1f38e/512.png,512,512,175085,00f4fec082902b0a6132051fba9b2a65b9361b057e68405f81b33dbf6615ed4b
🎏,Carp Streamer,Activity,1f38f,Activity/carp-streamer__1f38f.png,https://fonts.gstatic.com/s/e/noto3demoji/latest/1f38f/512.png,512,512,174511,a04a0d9520c64baff57a12025baf5abcca141ac28ce60f10982e7c092840d8ff
🎐,Wind Chime,Activity,1f390,Activity/wind-chime__1f390.png,https://fonts.gstatic.com/s/e/noto3demoji/latest/1f390/512.png,512,512,95144,fd496a763785abbb3e7ff44e683585920182acefeb6b7585b3540c659c922840
🎑,Moon Viewing Ceremony,Activity,1f391,Activity/moon-viewing-ceremony__1f391.png,https://fonts.gstatic.com/s/e/noto3demoji/latest/1f391/512.png,512,512,353295,2fcb372f64a500496dae292ed43a2ed15c7e8b024e760e2fec5a9c984dea5c72
🧧,Red Envelope,Activity,1f9e7,Activity/red-envelope__1f9e7.png,https://fonts.gstatic.com/s/e/noto3demoji/latest/1f9e7/512.png,512,512,189034,069c19b442416a8b2afd522f4fd63d014fa9690c2135c76f7e13ed38f34c2a10
🎀,Ribbon,Activity,1f380,Activity/ribbon__1f380.png,https://fonts.gstatic.com/s/e/noto3demoji/latest/1f380/512.png,512,512,198200,fe29608c047106f07690de1f23a7f500cb62c1804e785c2a8bf6859e15e2528e
🎁,Wrapped Gift,Activity,1f381,Activity/wrapped-gift__1f381.png,https://fonts.gstatic.com/s/e/noto3demoji/latest/1f381/512.png,512,512,160939,8b17ddcc35a1d3b896923c6852c22d1ef9fc143d19a474a87938689815a5be0b
🎗,Reminder Ribbon,Activity,1f397,Activity/reminder-ribbon__1f397.png,https://fonts.gstatic.com/s/e/noto3demoji/latest/1f397/512.png,512,512,108706,87bf09fb3a72a568ceeb0db7910f82f7d205a76ed76a0a69b454ee4b4f668218
🎟,Admission Tickets,Activity,1f39f,Activity/admission-tickets__1f39f.png,https://fonts.gstatic.com/s/e/noto3demoji/latest/1f39f/512.png,512,512,144607,6559fe51fce072698cbcb25e9fa237746f0078a88c0e3ecc5f766d7746cd5dd5
🎫,Ticket,Activity,1f3ab,Activity/ticket__1f3ab.png,https://fonts.gstatic.com/s/e/noto3demoji/latest/1f3ab/512.png,512,512,96649,df38e53664e87dc5ea7c077f906ac3a455eae49271047e1a02204ee17dfa4536
🎖,Military Medal,Activity,1f396,Activity/military-medal__1f396.png,https://fonts.gstatic.com/s/e/noto3demoji/latest/1f396/512.png,512,512,90004,8f8fc45db2c8cea38a2faa3b7f6c3b56022bd2cf46bbf6548ab119807327b85e
🏆,Trophy,Activity,1f3c6,Activity/trophy__1f3c6.png,https://fonts.gstatic.com/s/e/noto3demoji/latest/1f3c6/512.png,512,512,120738,a0e4fb035efe752dd26a2ea4b2ffd8b38a43e82162f4d2d6d61555402f749945
🏅,Medal,Activity,1f3c5,Activity/medal__1f3c5.png,https://fonts.gstatic.com/s/e/noto3demoji/latest/1f3c5/512.png,512,512,97615,b17832c047072be48e71154527e938478433a9cfb95142684973e4fcd3efc6ed
🥇,Gold Medal,Activity,1f947,Activity/gold-medal__1f947.png,https://fonts.gstatic.com/s/e/noto3demoji/latest/1f947/512.png,512,512,102303,6b76cbed7aba20af203ddf0077f86f73691f59ec82cb645ff64380d51cd42e44
🥈,Silver Medal,Activity,1f948,Activity/silver-medal__1f948.png,https://fonts.gstatic.com/s/e/noto3demoji/latest/1f948/512.png,512,512,102552,6b646e43d853f2e1ccd0fc51b72ffe41ffff1b8eefd402bd9bd54f2d46d5a7c0
🥉,Bronze Medal,Activity,1f949,Activity/bronze-medal__1f949.png,https://fonts.gstatic.com/s/e/noto3demoji/latest/1f949/512.png,512,512,96818,447c9f1672639367b244002118daa20fa66d4f53a713ea84841d41850a585d8e
⚽,Soccer Ball,Activity,26bd,Activity/soccer-ball__26bd.png,https://fonts.gstatic.com/s/e/noto3demoji/latest/26bd/512.png,512,512,201210,565d80c6beded0150acfb3508cf1f6a21ea03724a5a46d6357c8169b33ba733b
⚾,Baseball,Activity,26be,Activity/baseball__26be.png,https://fonts.gstatic.com/s/e/noto3demoji/latest/26be/512.png,512,512,206472,84f5ab4fd1f1b1c56ab72fedcb45649eed2a1b0e622b31d0c16ce9cdab930b7f
🥎,Softball,Activity,1f94e,Activity/softball__1f94e.png,https://fonts.gstatic.com/s/e/noto3demoji/latest/1f94e/512.png,512,512,188112,d5e5169417ffbb17beb49fc015dadc45bfbdd2d56ef737f6a7bca99dbb481eb5
🏀,Basketball,Activity,1f3c0,Activity/basketball__1f3c0.png,https://fonts.gstatic.com/s/e/noto3demoji/latest/1f3c0/512.png,512,512,368822,9108ce40063445ef96b2869b8f3a1d79f6ef6eb9251691c4594040a786700ee3
🏐,Volleyball,Activity,1f3d0,Activity/volleyball__1f3d0.png,https://fonts.gstatic.com/s/e/noto3demoji/latest/1f3d0/512.png,512,512,234512,48fea4c8fb3a3c300a32ac34ac0c5f4c798959e77b2584380059eedb74c906af
🏈,American Football,Activity,1f3c8,Activity/american-football__1f3c8.png,https://fonts.gstatic.com/s/e/noto3demoji/latest/1f3c8/512.png,512,512,240670,fa5c57de9560ff41bdb34a8c9efd924f6c59b5715dc47b8cae25622eefc65d4d
🏉,Rugby Football,Activity,1f3c9,Activity/rugby-football__1f3c9.png,https://fonts.gstatic.com/s/e/noto3demoji/latest/1f3c9/512.png,512,512,182580,8689b9b33a50428b09574fc8341052ce95aca741d9772a1f932a3ebfd7f85e7c
🎾,Tennis,Activity,1f3be,Activity/tennis__1f3be.png,https://fonts.gstatic.com/s/e/noto3demoji/latest/1f3be/512.png,512,512,178029,e5879621e61274c84042208261cd6fa0f9c5aacd54b67aba27d6614537015af5
🥏,Flying Disc,Activity,1f94f,Activity/flying-disc__1f94f.png,https://fonts.gstatic.com/s/e/noto3demoji/latest/1f94f/512.png,512,512,150927,41670c97bb08d2b0374a4280ced1da0d4428a92fd0cfe062347f3f4967525334
🎳,Bowling,Activity,1f3b3,Activity/bowling__1f3b3.png,https://fonts.gstatic.com/s/e/noto3demoji/latest/1f3b3/512.png,512,512,134677,a4f07ccd87369f79fdee0b95c4b2d73ae1cdc88ad8faa173ebb49411c8734855
🏏,Cricket Game,Activity,1f3cf,Activity/cricket-game__1f3cf.png,https://fonts.gstatic.com/s/e/noto3demoji/latest/1f3cf/512.png,512,512,125734,3d8020196bcea39c2e5ad973f6c5995b4e63212dd1c6f4b7fb9aa00cbbdc384e
🏑,Field Hockey,Activity,1f3d1,Activity/field-hockey__1f3d1.png,https://fonts.gstatic.com/s/e/noto3demoji/latest/1f3d1/512.png,512,512,86307,01f0a77299d2d6e0669957d9078cdc43f1613ac8b4c69c8a6a018910a9d21426
🏒,Ice Hockey,Activity,1f3d2,Activity/ice-hockey__1f3d2.png,https://fonts.gstatic.com/s/e/noto3demoji/latest/1f3d2/512.png,512,512,72072,74300f5c75c2d535de91e77df5285e92c72424a61c6ddcbdd09759407196d253
🥍,Lacrosse,Activity,1f94d,Activity/lacrosse__1f94d.png,https://fonts.gstatic.com/s/e/noto3demoji/latest/1f94d/512.png,512,512,131014,1c9091015dd1e4ed03f6d06a47fccd4e2e8005ac0b25cf232af8c14ee8ac133a
🏓,Ping Pong,Activity,1f3d3,Activity/ping-pong__1f3d3.png,https://fonts.gstatic.com/s/e/noto3demoji/latest/1f3d3/512.png,512,512,191296,cf45b754e67daff6c2ba7d079003618273c763e80b4b05bf7b7abe15b2a55fb0
🏸,Badminton,Activity,1f3f8,Activity/badminton__1f3f8.png,https://fonts.gstatic.com/s/e/noto3demoji/latest/1f3f8/512.png,512,512,154578,3f19eefce4210012e94362f8a114a44f73591e11e19d401ffd68f4066ef0ff0a
🥊,Boxing Glove,Activity,1f94a,Activity/boxing-glove__1f94a.png,https://fonts.gstatic.com/s/e/noto3demoji/latest/1f94a/512.png,512,512,143337,6e068801dad6000355341062e113eedbc3e86aaa16e9e1a5ea09d63a4febd85c
🥋,Martial Arts Uniform,Activity,1f94b,Activity/martial-arts-uniform__1f94b.png,https://fonts.gstatic.com/s/e/noto3demoji/latest/1f94b/512.png,512,512,174885,cee5f5eb89f48d61d99b1240acf555f03179eab5cb9ffcbf51335069d19b0146
🥅,Goal Net,Activity,1f945,Activity/goal-net__1f945.png,https://fonts.gstatic.com/s/e/noto3demoji/latest/1f945/512.png,512,512,151934,8884a0dde3988504e0107a3c2ca144d64901d8fda7efc8f805cd86af7e4eda55
⛳,Flag In Hole,Activity,26f3,Activity/flag-in-hole__26f3.png,https://fonts.gstatic.com/s/e/noto3demoji/latest/26f3/512.png,512,512,165598,1f644f3affcbc60eb6424f318433fef076161f0fd9632bf14fb641514a994715
⛸,Ice Skate,Activity,26f8,Activity/ice-skate__26f8.png,https://fonts.gstatic.com/s/e/noto3demoji/latest/26f8/512.png,512,512,172821,f761a7c0bb90f0aea3afd52d610e968b1162451e96fecb8a803428974cec9ac1
🎣,Fishing Pole,Activity,1f3a3,Activity/fishing-pole__1f3a3.png,https://fonts.gstatic.com/s/e/noto3demoji/latest/1f3a3/512.png,512,512,139682,2a4f01a3c8897f20aeb98604b8c007dea9ccea60e773ee064d54dd6c1a7b26f5
🤿,Diving Mask,Activity,1f93f,Activity/diving-mask__1f93f.png,https://fonts.gstatic.com/s/e/noto3demoji/latest/1f93f/512.png,512,512,136139,a83caca12bf974d941211ae158f676046ef30906dc7904de98d03d9dd2ffee84
🎽,Running Shirt,Activity,1f3bd,Activity/running-shirt__1f3bd.png,https://fonts.gstatic.com/s/e/noto3demoji/latest/1f3bd/512.png,512,512,152433,64c968227e3ebdfa2af3ff69b612efb64f01236d0480aa28a21110c2b508dcc7
🎿,Skis,Activity,1f3bf,Activity/skis__1f3bf.png,https://fonts.gstatic.com/s/e/noto3demoji/latest/1f3bf/512.png,512,512,170414,3447aabf6ef2f60ca6dd5cca606edb553ba71f25b4fe3b7c49d17205c89e9bb5
🛷,Sled,Activity,1f6f7,Activity/sled__1f6f7.png,https://fonts.gstatic.com/s/e/noto3demoji/latest/1f6f7/512.png,512,512,148841,d88d9ba23d6c36ae03fafecf795e2fbc15e53a22700bc0390b77a64b0d0bca50
🥌,Curling Stone,Activity,1f94c,Activity/curling-stone__1f94c.png,https://fonts.gstatic.com/s/e/noto3demoji/latest/1f94c/512.png,512,512,193602,83d4660c03ab236983fb8d3e91c6c2fd67abd2588ffe99c4ce2fce4c5b8089d0
🎯,Direct Hit,Activity,1f3af,Activity/direct-hit__1f3af.png,https://fonts.gstatic.com/s/e/noto3demoji/latest/1f3af/512.png,512,512,198465,7569e0f4216949fd4a62fcde217c3c9d72445d070561ab6bf1667ba9d1a92aaf
🪀,Yo Yo,Activity,1fa80,Activity/yo-yo__1fa80.png,https://fonts.gstatic.com/s/e/noto3demoji/latest/1fa80/512.png,512,512,197415,329eb15b1f49057b62474a5fd3339a182a66c66b517ff4e0b2a623622dded906
🪁,Kite,Activity,1fa81,Activity/kite__1fa81.png,https://fonts.gstatic.com/s/e/noto3demoji/latest/1fa81/512.png,512,512,138315,9b0fc518f754bfce2e541b70f3b6fe25bf177a2ba12308fcb081b8e59648a94f
🔫,Pistol,Activity,1f52b,Activity/pistol__1f52b.png,https://fonts.gstatic.com/s/e/noto3demoji/latest/1f52b/512.png,512,512,104311,3ce8ff1b9a9e57ab5f0e64e4d43194d782160ab58b032bbea43696f8300a6a8a
🎱,8 Ball,Activity,1f3b1,Activity/8-ball__1f3b1.png,https://fonts.gstatic.com/s/e/noto3demoji/latest/1f3b1/512.png,512,512,191278,67d4af12b41af01bebebbd9750cba1989d3dd17669bf16437c6e7afda7d95c30
🔮,Crystal Ball,Activity,1f52e,Activity/crystal-ball__1f52e.png,https://fonts.gstatic.com/s/e/noto3demoji/latest/1f52e/512.png,512,512,145842,663256996bfeb49bdf9c28467f0dd997babc10cd45c2e0715539b46239fc78a7
🪄,Wand,Activity,1fa84,Activity/wand__1fa84.png,https://fonts.gstatic.com/s/e/noto3demoji/latest/1fa84/512.png,512,512,99081,eee8f471a9bf2802d4b002300113a93c384f02f3386f143f677fad987cc9ef6d
🎮,Video Game,Activity,1f3ae,Activity/video-game__1f3ae.png,https://fonts.gstatic.com/s/e/noto3demoji/latest/1f3ae/512.png,512,512,154047,bc5e580c2466fa33718788f6f6b0b2dfabc166d8be52396ced274c360e65c637
🕹,Joystick,Activity,1f579,Activity/joystick__1f579.png,https://fonts.gstatic.com/s/e/noto3demoji/latest/1f579/512.png,512,512,106967,3160fc9be5fc3bf9c1b7b39d9861a19ca0b9283579bf249c6f83ff069eee67cd
🎰,Slot Machine,Activity,1f3b0,Activity/slot-machine__1f3b0.png,https://fonts.gstatic.com/s/e/noto3demoji/latest/1f3b0/512.png,512,512,188445,9b03fbcd12f954439a0cca695a116de6caede15c8b6c5b22cea133f93902f1c9
🎲,Die,Activity,1f3b2,Activity/die__1f3b2.png,https://fonts.gstatic.com/s/e/noto3demoji/latest/1f3b2/512.png,512,512,89572,7b53bc4f87f83cfc21b220e5d8abdf872cc41ebdd7a4a63f80560abcd3f00c19
🧩,Jigsaw,Activity,1f9e9,Activity/jigsaw__1f9e9.png,https://fonts.gstatic.com/s/e/noto3demoji/latest/1f9e9/512.png,512,512,126647,b8a4f254997d485d47e01d0d2127e61df88c37edfbfb2bdd641f3c40d119260a
🧸,Teddy Bear,Activity,1f9f8,Activity/teddy-bear__1f9f8.png,https://fonts.gstatic.com/s/e/noto3demoji/latest/1f9f8/512.png,512,512,208849,148194a157bd0490a1b44cec33337cef2253326c4f9b6ce1b4fefd5a0e351f68
🪅,Piñata,Activity,1fa85,Activity/pi-ata__1fa85.png,https://fonts.gstatic.com/s/e/noto3demoji/latest/1fa85/512.png,512,512,208905,7a671acf179ef7d74a9d80b81a4c43e17de81a9af370f43b097325fe582f270f
🪩,Mirror Ball,Activity,1faa9,Activity/mirror-ball__1faa9.png,https://fonts.gstatic.com/s/e/noto3demoji/latest/1faa9/512.png,512,512,199231,0db5a4c5df75eca73a2e0922330701554ed474089606c7f53d07f8f14375a1d7
🪆,Nesting Doll,Activity,1fa86,Activity/nesting-doll__1fa86.png,https://fonts.gstatic.com/s/e/noto3demoji/latest/1fa86/512.png,512,512,152345,35865fcf647d89f4053f0b8623770bbcf3ec62e0c4cb2d5984aac69a457c9651
♠,Spade,Activity,2660,Activity/spade__2660.png,https://fonts.gstatic.com/s/e/noto3demoji/latest/2660/512.png,512,512,107058,837e236ff12254b6da978aec9a489cd6e2a44d1a0b093bb7a3a90b9bc573a32a
♥,Heart,Activity,2665,Activity/heart__2665.png,https://fonts.gstatic.com/s/e/noto3demoji/latest/2665/512.png,512,512,117492,698c0ef2dacf1de3b178a367e67a44549cbb68487a07049b01d620c40d6669fc
♦,Diamond,Activity,2666,Activity/diamond__2666.png,https://fonts.gstatic.com/s/e/noto3demoji/latest/2666/512.png,512,512,78256,5a52c46de0c8bf5036d3c82f088e19112f0cabb80e4d32364d1e64120642febf
♣,Club,Activity,2663,Activity/club__2663.png,https://fonts.gstatic.com/s/e/noto3demoji/latest/2663/512.png,512,512,116573,f7f0e3e4f3da2d1d52f3b086c9c955486b5a999ad27701bbdf52c147d5a1330f
♟,Chess Pawn,Activity,265f,Activity/chess-pawn__265f.png,https://fonts.gstatic.com/s/e/noto3demoji/latest/265f/512.png,512,512,79004,30034e02af13fd969a528b139f6938201816bbd3f164cc814719a04f81268672
🃏,Joker,Activity,1f0cf,Activity/joker__1f0cf.png,https://fonts.gstatic.com/s/e/noto3demoji/latest/1f0cf/512.png,512,512,153987,aaf67401c2348ca94af8a76317dae274eb31e9340a3fa156c3380229ea2338ff
🀄,Mahjong Red Dragon,Activity,1f004,Activity/mahjong-red-dragon__1f004.png,https://fonts.gstatic.com/s/e/noto3demoji/latest/1f004/512.png,512,512,143835,392e5ddfd7b50639d314ebb10c8adb66caa8f394ab468c8bcbba749a4981322d
🎴,Flower Playing Cards,Activity,1f3b4,Activity/flower-playing-cards__1f3b4.png,https://fonts.gstatic.com/s/e/noto3demoji/latest/1f3b4/512.png,512,512,133194,de22bbed3f21e3226e2c7b95b4e2ad385ea274a0175c50b5203cbe22b6a0002a
🎭,Performing Arts,Activity,1f3ad,Activity/performing-arts__1f3ad.png,https://fonts.gstatic.com/s/e/noto3demoji/latest/1f3ad/512.png,512,512,189461,6c9c469e3d32210571a54159caad1b803ba68509026fec8fdd8a10b0b15848ba
🖼,Framed Picture,Activity,1f5bc,Activity/framed-picture__1f5bc.png,https://fonts.gstatic.com/s/e/noto3demoji/latest/1f5bc/512.png,512,512,185652,d5ca88067ce6b1666a2d501fe1f452c00805674202c827cf3259c18d2f1c3939
🎨,Artist Palette,Activity,1f3a8,Activity/artist-palette__1f3a8.png,https://fonts.gstatic.com/s/e/noto3demoji/latest/1f3a8/512.png,512,512,187053,48266cb9176e21b640b4af68b93af04ece68250914e056662c0c9628868a69c6
🧵,Thread,Activity,1f9f5,Activity/thread__1f9f5.png,https://fonts.gstatic.com/s/e/noto3demoji/latest/1f9f5/512.png,512,512,172569,63739b14131919f8f116c451ff3890a09379a944307e9da979b33b9c7bfb310e
🪡,Needle,Activity,1faa1,Activity/needle__1faa1.png,https://fonts.gstatic.com/s/e/noto3demoji/latest/1faa1/512.png,512,512,96383,2ead35465a1ecc9ce86fc2127bfcde34e51608e6b74137b0fd26b086e4d40170
🧶,Yarn,Activity,1f9f6,Activity/yarn__1f9f6.png,https://fonts.gstatic.com/s/e/noto3demoji/latest/1f9f6/512.png,512,512,287351,9622b0ff2dce92a01ec8823afd7ccccd1761c67aceb76bd7e8584425381a3621
🪢,Knot,Activity,1faa2,Activity/knot__1faa2.png,https://fonts.gstatic.com/s/e/noto3demoji/latest/1faa2/512.png,512,512,149461,695686a3122f61977e450a18ae7fa79b1de32ede590bf92d5ab7ed7bc700791b
🌍,Globe Showing Europe Africa,Travel & Places,1f30d,Travel Places/globe-showing-europe-africa__1f30d.png,https://fonts.gstatic.com/s/e/noto3demoji/latest/1f30d/512.png,512,512,183465,affaf47791a29738996c718ea6a5f0d32ecede997850929b3bbfd73f3dc2cbc2
🌎,Globe Showing Americas,Travel & Places,1f30e,Travel Places/globe-showing-americas__1f30e.png,https://fonts.gstatic.com/s/e/noto3demoji/latest/1f30e/512.png,512,512,158765,17645261e10cf4b05af861a6c28ce9cd94bff60b35520b0f9c34016912b527a2
🌏,Globe Showing Asia Australia,Travel & Places,1f30f,Travel Places/globe-showing-asia-australia__1f30f.png,https://fonts.gstatic.com/s/e/noto3demoji/latest/1f30f/512.png,512,512,169165,05a512ecae398d41dd39efcae46036ddbcab40813e341fd307e07d397544c104
🌐,Globe,Travel & Places,1f310,Travel Places/globe__1f310.png,https://fonts.gstatic.com/s/e/noto3demoji/latest/1f310/512.png,512,512,149139,29fe20e5fdb3b8db3746511a6b7293e614d133ed13f07a5f92075df9400a0434
🗺,World Map,Travel & Places,1f5fa,Travel Places/world-map__1f5fa.png,https://fonts.gstatic.com/s/e/noto3demoji/latest/1f5fa/512.png,512,512,250415,70bd36024b4fd4f3a8f7c18e142e66791fecfdd4e1affaa08db2332ec3cc913c
🗾,Map Of Japan,Travel & Places,1f5fe,Travel Places/map-of-japan__1f5fe.png,https://fonts.gstatic.com/s/e/noto3demoji/latest/1f5fe/512.png,512,512,280582,fcdc62b1b3b0852d2ab3c1518b6e817c0c10dd8ec6c91cbc6e7d6a2e3c09977d
🧭,Compass,Travel & Places,1f9ed,Travel Places/compass__1f9ed.png,https://fonts.gstatic.com/s/e/noto3demoji/latest/1f9ed/512.png,512,512,199629,0b380326c62ba700a6286c911f70835fc94423df5cd01e6ae43dcd1e4d6f3a42
🏔,Snow Mountain,Travel & Places,1f3d4,Travel Places/snow-mountain__1f3d4.png,https://fonts.gstatic.com/s/e/noto3demoji/latest/1f3d4/512.png,512,512,136426,b1c9853a91d37902366781b28f823bc57765d81d2a4beea5ce7eac694fcb3505
⛰,Mountain,Travel & Places,26f0,Travel Places/mountain__26f0.png,https://fonts.gstatic.com/s/e/noto3demoji/latest/26f0/512.png,512,512,132406,fc295bb6b785a89c10e169094444c9fc42d172300813b68ad499788f3a0c7622
🛘,Debris,Travel & Places,1f6d8,Travel Places/debris__1f6d8.png,https://fonts.gstatic.com/s/e/noto3demoji/latest/1f6d8/512.png,512,512,163641,807216bf9b08c6b04cc2bc9c1daf4b45b7514665ae8d0ba6f5a5471a73d461f0
🌋,Volcano,Travel & Places,1f30b,Travel Places/volcano__1f30b.png,https://fonts.gstatic.com/s/e/noto3demoji/latest/1f30b/512.png,512,512,180650,a91f4b3d39e677ff9ebd495aa69ae5fb04ef26fcfa4fcf6059dfdd18bba2d93a
🗻,Mount Fuji,Travel & Places,1f5fb,Travel Places/mount-fuji__1f5fb.png,https://fonts.gstatic.com/s/e/noto3demoji/latest/1f5fb/512.png,512,512,101187,a9648872dad65dd89aa9dc44c3df7331c1d3ec108fcd7cef8eae8d63eb66b7fe
🏕,Camping,Travel & Places,1f3d5,Travel Places/camping__1f3d5.png,https://fonts.gstatic.com/s/e/noto3demoji/latest/1f3d5/512.png,512,512,164270,b46ca3eb6bf32a6abd40ac9e0f8eada789f3b7780b51e72a6137faaa73627c46
🏖,Beach,Travel & Places,1f3d6,Travel Places/beach__1f3d6.png,https://fonts.gstatic.com/s/e/noto3demoji/latest/1f3d6/512.png,512,512,183610,9220bf59a4fdd453d6f356eb7953abe7f02b9f4bd1dce47d2d4b9c262e4def3f
🏜,Desert,Travel & Places,1f3dc,Travel Places/desert__1f3dc.png,https://fonts.gstatic.com/s/e/noto3demoji/latest/1f3dc/512.png,512,512,182783,6a6c0be33b582c3e8314f9f5d721f1ba8c0ec79c5656b3fdd55f64f532918609
🏝,Desert Island,Travel & Places,1f3dd,Travel Places/desert-island__1f3dd.png,https://fonts.gstatic.com/s/e/noto3demoji/latest/1f3dd/512.png,512,512,149463,9b6a8b41dcec872c1d43b7c194ab666f55cccb695688afba8f8d6070125633e4
🏞,National Park,Travel & Places,1f3de,Travel Places/national-park__1f3de.png,https://fonts.gstatic.com/s/e/noto3demoji/latest/1f3de/512.png,512,512,256925,c60be9176d8f4e2b4e2ba20ed88cefd631e98512834a69fe6b1393f984de72f5
🏟,Stadium,Travel & Places,1f3df,Travel Places/stadium__1f3df.png,https://fonts.gstatic.com/s/e/noto3demoji/latest/1f3df/512.png,512,512,287539,c3097810c0a707929588310cc40d20d88134c73494f9f1ce25a383f24a324929
🏛,Classical Building,Travel & Places,1f3db,Travel Places/classical-building__1f3db.png,https://fonts.gstatic.com/s/e/noto3demoji/latest/1f3db/512.png,512,512,150378,172fb11444561502210ee3ac4697e1290dede8966ffecb892eb1de60bf0b3257
🏗,Construction Building,Travel & Places,1f3d7,Travel Places/construction-building__1f3d7.png,https://fonts.gstatic.com/s/e/noto3demoji/latest/1f3d7/512.png,512,512,140043,a54da420ec49dbb7489f9a39f3d558cfb7d6df1798149e91993546904c95955a
🧱,Bricks,Travel & Places,1f9f1,Travel Places/bricks__1f9f1.png,https://fonts.gstatic.com/s/e/noto3demoji/latest/1f9f1/512.png,512,512,244880,9b5162946bcacc507a61d6e328e82a8f2d6845847f019dca4f985954cf5bcfe1
🪨,Rock,Travel & Places,1faa8,Travel Places/rock__1faa8.png,https://fonts.gstatic.com/s/e/noto3demoji/latest/1faa8/512.png,512,512,173422,95e9029acb92d10d5ca92172f6d9d335ebe6f47d5f29015529e7b01ac640edf5
🪵,Wood,Travel & Places,1fab5,Travel Places/wood__1fab5.png,https://fonts.gstatic.com/s/e/noto3demoji/latest/1fab5/512.png,512,512,236539,7fefa39093af4ad9c452b64cd51fc79ac9efd0d599b72d43178196b72dd484fb
🛖,Hut,Travel & Places,1f6d6,Travel Places/hut__1f6d6.png,https://fonts.gstatic.com/s/e/noto3demoji/latest/1f6d6/512.png,512,512,231261,9585bda03d8480bd833c47aae42cf9ed2083cbae21a3a1b3ccacf6e602cb8aae
🏘,Houses,Travel & Places,1f3d8,Travel Places/houses__1f3d8.png,https://fonts.gstatic.com/s/e/noto3demoji/latest/1f3d8/512.png,512,512,176511,d3ba0943ee8bec3d1964dd181f0b124c79473e221924e06f66abd58a915b4c1a
🏚,Derelict House,Travel & Places,1f3da,Travel Places/derelict-house__1f3da.png,https://fonts.gstatic.com/s/e/noto3demoji/latest/1f3da/512.png,512,512,162565,cabfe900db233d2d2b62de47bd87008de78900f0d796d1c34348d9f2ffc2c111
🏠,House,Travel & Places,1f3e0,Travel Places/house__1f3e0.png,https://fonts.gstatic.com/s/e/noto3demoji/latest/1f3e0/512.png,512,512,154277,aa50e9793b18995c09330793407683063170de14bf49e5dae6f7851f8ed40590
🏡,House With Garden,Travel & Places,1f3e1,Travel Places/house-with-garden__1f3e1.png,https://fonts.gstatic.com/s/e/noto3demoji/latest/1f3e1/512.png,512,512,180473,3aab1d151df00ab18fc41d862fdd6614978f1cd019751d0ae40816603e73af64
🏢,Office Building,Travel & Places,1f3e2,Travel Places/office-building__1f3e2.png,https://fonts.gstatic.com/s/e/noto3demoji/latest/1f3e2/512.png,512,512,149583,5e172a1a5cf21a3ee14a24f262cfa7dc71e8811f87a3b7cf9b0d63976637848d
🏣,Japanese Post Office,Travel & Places,1f3e3,Travel Places/japanese-post-office__1f3e3.png,https://fonts.gstatic.com/s/e/noto3demoji/latest/1f3e3/512.png,512,512,120738,a60fd820c40f89a0bbca390ee5921a7f6c3b092bbc321ef64e9320064bc81773
🏤,Post Office,Travel & Places,1f3e4,Travel Places/post-office__1f3e4.png,https://fonts.gstatic.com/s/e/noto3demoji/latest/1f3e4/512.png,512,512,169100,26e3f62bdd535593bf9c8c5f48e40e9c256aec4b954d83c428880453b591f041
🏥,Hospital,Travel & Places,1f3e5,Travel Places/hospital__1f3e5.png,https://fonts.gstatic.com/s/e/noto3demoji/latest/1f3e5/512.png,512,512,169956,220658bd35096ca62b8a968f5010d0f0094e95b4f4bcdc62d20c1dc898233011
🏦,Bank,Travel & Places,1f3e6,Travel Places/bank__1f3e6.png,https://fonts.gstatic.com/s/e/noto3demoji/latest/1f3e6/512.png,512,512,163609,614b866e5683a42739d2b381e19e344d44cc1993649d3749d6c3c544e712af1b
🏨,Hotel,Travel & Places,1f3e8,Travel Places/hotel__1f3e8.png,https://fonts.gstatic.com/s/e/noto3demoji/latest/1f3e8/512.png,512,512,170992,708ca88e613de8bacda60cbdbd9f87f46df01e604ed3c725bee62b6dd0781c21
🏩,Love Hotel,Travel & Places,1f3e9,Travel Places/love-hotel__1f3e9.png,https://fonts.gstatic.com/s/e/noto3demoji/latest/1f3e9/512.png,512,512,193414,95cd4e89d354cbdc901fc1a2faeea9b265308b371719b976cc859e96d694fbde
🏪,Convenience Store,Travel & Places,1f3ea,Travel Places/convenience-store__1f3ea.png,https://fonts.gstatic.com/s/e/noto3demoji/latest/1f3ea/512.png,512,512,129483,01592b51e2188835904f1c5c0af42f035a26fb497195fde53d7c54bb073a8048
🏫,School,Travel & Places,1f3eb,Travel Places/school__1f3eb.png,https://fonts.gstatic.com/s/e/noto3demoji/latest/1f3eb/512.png,512,512,158344,72a951f86c7ce92035ee6e6d54712ec3bcb184e298ed2d5ca583764087d5e8f2
🏬,Department Store,Travel & Places,1f3ec,Travel Places/department-store__1f3ec.png,https://fonts.gstatic.com/s/e/noto3demoji/latest/1f3ec/512.png,512,512,177320,e093741d8e9271edb2cc5e0821266b7efb3051c04adb5527f747b52716b1fc7b
🏭,Factory,Travel & Places,1f3ed,Travel Places/factory__1f3ed.png,https://fonts.gstatic.com/s/e/noto3demoji/latest/1f3ed/512.png,512,512,210739,d31d5377827f89fdacd2e30d5bfcd3f13a1f7dab2011cd884aa77ad1c1b4f329
🏯,Japanese Castle,Travel & Places,1f3ef,Travel Places/japanese-castle__1f3ef.png,https://fonts.gstatic.com/s/e/noto3demoji/latest/1f3ef/512.png,512,512,219936,27231c1dadf716cd249558faf7114934081daf311ccc1132efdf3ab20af7eaaa
🏰,Castle,Travel & Places,1f3f0,Travel Places/castle__1f3f0.png,https://fonts.gstatic.com/s/e/noto3demoji/latest/1f3f0/512.png,512,512,207096,266aed824752d0d9c8479fc41c89f2198f334d13f2116cccb68f4ccedd7f944a
💒,Wedding,Travel & Places,1f492,Travel Places/wedding__1f492.png,https://fonts.gstatic.com/s/e/noto3demoji/latest/1f492/512.png,512,512,175843,31e0265f3670e726cdf6ebd2b3c2d1f597027afb61b212d9b05725129057cd33
🗼,Tokyo Tower,Travel & Places,1f5fc,Travel Places/tokyo-tower__1f5fc.png,https://fonts.gstatic.com/s/e/noto3demoji/latest/1f5fc/512.png,512,512,62677,04737899ce32d7fc36cb3024ad1c28dffdcaad0e2e202e97a306200b2781afb9
🗽,Statue Of Liberty,Travel & Places,1f5fd,Travel Places/statue-of-liberty__1f5fd.png,https://fonts.gstatic.com/s/e/noto3demoji/latest/1f5fd/512.png,512,512,157550,d01a5bb6f9a8bc9f4d5c9d7edb3fe983936dcdbc5816c69a441d1b2a6719c3af
⛪,Church,Travel & Places,26ea,Travel Places/church__26ea.png,https://fonts.gstatic.com/s/e/noto3demoji/latest/26ea/512.png,512,512,149524,5bec679312c911423e7058bdaebf08d44773d775767bc8fb4550d0b2d1774fc2
🕌,Mosque,Travel & Places,1f54c,Travel Places/mosque__1f54c.png,https://fonts.gstatic.com/s/e/noto3demoji/latest/1f54c/512.png,512,512,149955,175bcdbdcbcc71e3e3f1bdc8698b5b2d263f0a32f917cfe8fe5b4fcfecc54659
🛕,Hindu Temple,Travel & Places,1f6d5,Travel Places/hindu-temple__1f6d5.png,https://fonts.gstatic.com/s/e/noto3demoji/latest/1f6d5/512.png,512,512,161442,d636135f0a981f6dd77c7c2680bc0a2935a292093a252d5ce65a70fccdb2a4dc
🕍,Synagogue,Travel & Places,1f54d,Travel Places/synagogue__1f54d.png,https://fonts.gstatic.com/s/e/noto3demoji/latest/1f54d/512.png,512,512,154579,e855e731a6e1d07fd6c2fc3ffc9a873e5a04022dfe3d1ac53393fb04a83c09b4
⛩,Shinto Shrine,Travel & Places,26e9,Travel Places/shinto-shrine__26e9.png,https://fonts.gstatic.com/s/e/noto3demoji/latest/26e9/512.png,512,512,88221,8d9c65558f100e5ca76131037d7c842167ee238a78ed47ae93851a66703a2d27
🕋,Kaaba,Travel & Places,1f54b,Travel Places/kaaba__1f54b.png,https://fonts.gstatic.com/s/e/noto3demoji/latest/1f54b/512.png,512,512,150765,2704595ae229f5f9a7664b063bd9082aae137be9b9983ce3c1382ee4f07eb030
⛲,Fountain,Travel & Places,26f2,Travel Places/fountain__26f2.png,https://fonts.gstatic.com/s/e/noto3demoji/latest/26f2/512.png,512,512,178501,a1b97980dd99d5e1e9aad5d8e63b32a19e4ca623906111b3baabbfb640a3204b
⛺,Tent,Travel & Places,26fa,Travel Places/tent__26fa.png,https://fonts.gstatic.com/s/e/noto3demoji/latest/26fa/512.png,512,512,117233,089a8c61ef046f1d118095d4f5986716ad393555a21f0739627468c5c1c075a1
🌁,Foggy,Travel & Places,1f301,Travel Places/foggy__1f301.png,https://fonts.gstatic.com/s/e/noto3demoji/latest/1f301/512.png,512,512,223639,dd56b1aae7dd0db474eb1a9a82c2d202124c27484b6da62abc2c37b66a8103ce
🌃,Night With Stars,Travel & Places,1f303,Travel Places/night-with-stars__1f303.png,https://fonts.gstatic.com/s/e/noto3demoji/latest/1f303/512.png,512,512,245172,a1302677263db63642c2ad358c8a4af3beb3daecd288f79f1f42a410fef65ca1
🏙,Cityscape,Travel & Places,1f3d9,Travel Places/cityscape__1f3d9.png,https://fonts.gstatic.com/s/e/noto3demoji/latest/1f3d9/512.png,512,512,202952,0be83be0b9c3073150aa42817592ac27c296db549cb319c1cc9ca791e4461bcc
🌄,Sunrise Over Mountains,Travel & Places,1f304,Travel Places/sunrise-over-mountains__1f304.png,https://fonts.gstatic.com/s/e/noto3demoji/latest/1f304/512.png,512,512,196473,1fca5364fc15a1378a99eacfd0d2674c3e38e3865e636e0da64df340e7f8e4df
🌅,Sunrise,Travel & Places,1f305,Travel Places/sunrise__1f305.png,https://fonts.gstatic.com/s/e/noto3demoji/latest/1f305/512.png,512,512,161132,4236d25b98fc29bc40a6ef24b3fb81f868040664b9aac8d6b84ffd026d3eaf5d
🌆,Sunset Cityscape,Travel & Places,1f306,Travel Places/sunset-cityscape__1f306.png,https://fonts.gstatic.com/s/e/noto3demoji/latest/1f306/512.png,512,512,252749,f5c36ae441fae88caa578b0ba48f007e00195ce8281568bb786ca3fded91a30b
🌇,Sunset,Travel & Places,1f307,Travel Places/sunset__1f307.png,https://fonts.gstatic.com/s/e/noto3demoji/latest/1f307/512.png,512,512,241446,dd7b7b6a63ea2c0d6816e036af50fcf936ccfa99ac80a519e7b38b02c67d3971
🌉,Bridge At Night,Travel & Places,1f309,Travel Places/bridge-at-night__1f309.png,https://fonts.gstatic.com/s/e/noto3demoji/latest/1f309/512.png,512,512,209781,96074716d2557bb874d76e04b9e29d8b9bbf42e748ab1a363e967a5c74094649
♨,Hot Springs,Travel & Places,2668,Travel Places/hot-springs__2668.png,https://fonts.gstatic.com/s/e/noto3demoji/latest/2668/512.png,512,512,169682,796caa7f84fdd01762af479551325111cb80c980f10f83f03f5bc034504b6d2e
🎠,Carousel Horse,Travel & Places,1f3a0,Travel Places/carousel-horse__1f3a0.png,https://fonts.gstatic.com/s/e/noto3demoji/latest/1f3a0/512.png,512,512,186894,7e2ffb638a1a95f770a252ba3a6ba38644b22158486dfe4d6d5f791b690ffe20
🛝,Slide,Travel & Places,1f6dd,Travel Places/slide__1f6dd.png,https://fonts.gstatic.com/s/e/noto3demoji/latest/1f6dd/512.png,512,512,134124,5bc6b87f54f57b5057ac6cf6465c9bd270cc03920633d5409a400a7440f094c9
🎡,Ferris Wheel,Travel & Places,1f3a1,Travel Places/ferris-wheel__1f3a1.png,https://fonts.gstatic.com/s/e/noto3demoji/latest/1f3a1/512.png,512,512,195719,4530bff5f9f185b315c709dd39cbcfca55aff0fa6dd10181bb5822b92fe5f440
🎢,Roller Coaster,Travel & Places,1f3a2,Travel Places/roller-coaster__1f3a2.png,https://fonts.gstatic.com/s/e/noto3demoji/latest/1f3a2/512.png,512,512,162190,371723f0ed25ecde596dc7245a6fc5743a723a7d362f62ac35937f66ba8d1784
💈,Barber Pole,Travel & Places,1f488,Travel Places/barber-pole__1f488.png,https://fonts.gstatic.com/s/e/noto3demoji/latest/1f488/512.png,512,512,99274,6b3eaea8099d52afd90f80d2d7475071bd79a22448718f44d669242c090da752
🎪,Circus Tent,Travel & Places,1f3aa,Travel Places/circus-tent__1f3aa.png,https://fonts.gstatic.com/s/e/noto3demoji/latest/1f3aa/512.png,512,512,174342,c6f363d2644f7de5822df77f3aee3310fe8b3bf961bc1b8b83366288f3bb64d7
🚂,Locomotive,Travel & Places,1f682,Travel Places/locomotive__1f682.png,https://fonts.gstatic.com/s/e/noto3demoji/latest/1f682/512.png,512,512,164651,936990aaa1cb5a4fab6563e84b50b2fa602a373a277957c7210e58c6f150d792
🚃,Railway Car,Travel & Places,1f683,Travel Places/railway-car__1f683.png,https://fonts.gstatic.com/s/e/noto3demoji/latest/1f683/512.png,512,512,149802,99c74a4d0d763283383dc35eb4d0308e3af109b4548badc59ec893e15d3d7202
🚄,High Speed Train,Travel & Places,1f684,Travel Places/high-speed-train__1f684.png,https://fonts.gstatic.com/s/e/noto3demoji/latest/1f684/512.png,512,512,198554,3e0d39570ad1670d49473b8829211dbc317bab8a08aad9c3ed856dde67be272e
🚅,Bullet Train,Travel & Places,1f685,Travel Places/bullet-train__1f685.png,https://fonts.gstatic.com/s/e/noto3demoji/latest/1f685/512.png,512,512,208826,31c88971ee3c26e127463771dce2cb84368b92596b432f3782721d5824bc930d
🚆,Train,Travel & Places,1f686,Travel Places/train__1f686.png,https://fonts.gstatic.com/s/e/noto3demoji/latest/1f686/512.png,512,512,209343,547fc82d08cde3b34d73135d1d65314f4e4f711b5d4117f7e9b63f314edf78c9
🚇,Metro,Travel & Places,1f687,Travel Places/metro__1f687.png,https://fonts.gstatic.com/s/e/noto3demoji/latest/1f687/512.png,512,512,204193,fd8783d97b3f3ff9bd836e73c830a767f7f839c591ec2fc830879ac6c6e8642a
🚈,Light Rail,Travel & Places,1f688,Travel Places/light-rail__1f688.png,https://fonts.gstatic.com/s/e/noto3demoji/latest/1f688/512.png,512,512,178622,ad29ee4a436bd335c556f601c35f26a89c34f5221446a04457b3e1fe398a4a68
🚉,Station,Travel & Places,1f689,Travel Places/station__1f689.png,https://fonts.gstatic.com/s/e/noto3demoji/latest/1f689/512.png,512,512,221040,2aefb51f77acfaae7220d78b3d10728e6ca3ca0bfeaf66ced568820d544fdd2b
🚊,Tram,Travel & Places,1f68a,Travel Places/tram__1f68a.png,https://fonts.gstatic.com/s/e/noto3demoji/latest/1f68a/512.png,512,512,175635,e51528b767ada661d760e64d6dcdb585046978c6fb29ecaff155972c883918f2
🚝,Monorail,Travel & Places,1f69d,Travel Places/monorail__1f69d.png,https://fonts.gstatic.com/s/e/noto3demoji/latest/1f69d/512.png,512,512,186724,967d48386076e8dd65f2b8917eb55d9af7a6e163aa918d3e8b14f4ecd9b17a12
🚞,Mountain Railway,Travel & Places,1f69e,Travel Places/mountain-railway__1f69e.png,https://fonts.gstatic.com/s/e/noto3demoji/latest/1f69e/512.png,512,512,181131,6b43070e931d5e7aac25f4ee4dc2634cb6df844c545a297ca41579efafc8ba4d
🚋,Tram Car,Travel & Places,1f68b,Travel Places/tram-car__1f68b.png,https://fonts.gstatic.com/s/e/noto3demoji/latest/1f68b/512.png,512,512,163204,556b8ef659eedabc0583dad6c0414c67301bb5d2095a0e60ce59f4b8fea37430
🚌,Bus,Travel & Places,1f68c,Travel Places/bus__1f68c.png,https://fonts.gstatic.com/s/e/noto3demoji/latest/1f68c/512.png,512,512,123909,8c87bfafd36e063fb7cb8730671f2a5c390e61ba787c14f5237299fd16002fe8
🚍,Bus Front,Travel & Places,1f68d,Travel Places/bus-front__1f68d.png,https://fonts.gstatic.com/s/e/noto3demoji/latest/1f68d/512.png,512,512,153885,11c416d46e934d114f9a71802cacbcd8fa3b7a72ddc68c58bd226fa4cff3dfa3
🚎,Trolleybus,Travel & Places,1f68e,Travel Places/trolleybus__1f68e.png,https://fonts.gstatic.com/s/e/noto3demoji/latest/1f68e/512.png,512,512,169108,f81e392f62940b58f6cd4819c4892aa0eaef4b356ae7326a22e21103c9e21002
🚐,Minibus,Travel & Places,1f690,Travel Places/minibus__1f690.png,https://fonts.gstatic.com/s/e/noto3demoji/latest/1f690/512.png,512,512,125947,4fbb86ddbfa1d2b06c4731bd7b896caef94699d4a1fd25d1430eeccb7202d057
🚑,Ambulance,Travel & Places,1f691,Travel Places/ambulance__1f691.png,https://fonts.gstatic.com/s/e/noto3demoji/latest/1f691/512.png,512,512,146300,1e902559c537b2ef380f21e181db914cb3595bf7bd8f8aff5bc50a60ae8b8017
🚒,Fire Engine,Travel & Places,1f692,Travel Places/fire-engine__1f692.png,https://fonts.gstatic.com/s/e/noto3demoji/latest/1f692/512.png,512,512,127200,766f0602b93513aeaa02880fc208d980be8ef88632a5100ce8c52a00df9fae42
🚓,Police Car,Travel & Places,1f693,Travel Places/police-car__1f693.png,https://fonts.gstatic.com/s/e/noto3demoji/latest/1f693/512.png,512,512,120960,faaefba895a170cff31f383ce76eb999c3824a7c2db94aca7d1065cec50c1d53
🚔,Police Car Front,Travel & Places,1f694,Travel Places/police-car-front__1f694.png,https://fonts.gstatic.com/s/e/noto3demoji/latest/1f694/512.png,512,512,164052,db1530e4da1706c328d1ae413dea809cf2778fb024219800c959c1a9ff795917
🚕,Taxi,Travel & Places,1f695,Travel Places/taxi__1f695.png,https://fonts.gstatic.com/s/e/noto3demoji/latest/1f695/512.png,512,512,107375,26e808c2fdf66bd638eb97e9f5bcb06f5c50664a6cfb93015b6613fa59938488
🚖,Taxi Front,Travel & Places,1f696,Travel Places/taxi-front__1f696.png,https://fonts.gstatic.com/s/e/noto3demoji/latest/1f696/512.png,512,512,130954,282415af693b7d6d6e910573ac9d547a26dfe9a95b0ae230dfe34432d30b4605
🚗,Automobile,Travel & Places,1f697,Travel Places/automobile__1f697.png,https://fonts.gstatic.com/s/e/noto3demoji/latest/1f697/512.png,512,512,95010,ae16847942e70f906d5863a3eb7eb620193b2f5d881bb2a43666b2dd0a17d545
🚘,Automobile Front,Travel & Places,1f698,Travel Places/automobile-front__1f698.png,https://fonts.gstatic.com/s/e/noto3demoji/latest/1f698/512.png,512,512,136157,6f74fdc5322bc5a31199744a5d2e27dbea663f8baf117704fa6f38383b30ac25
🚙,Sport Utility Vehicle,Travel & Places,1f699,Travel Places/sport-utility-vehicle__1f699.png,https://fonts.gstatic.com/s/e/noto3demoji/latest/1f699/512.png,512,512,102678,f10715888ab035f29bdd63ac73f2d3088e8af4026bb3634bd3bec7d1ec7748a0
🛻,Pickup Truck,Travel & Places,1f6fb,Travel Places/pickup-truck__1f6fb.png,https://fonts.gstatic.com/s/e/noto3demoji/latest/1f6fb/512.png,512,512,99125,898a5795f3c9311351c618821be9ae5a27c3838a6a55b4e696007567bafca625
🚚,Delivery Truck,Travel & Places,1f69a,Travel Places/delivery-truck__1f69a.png,https://fonts.gstatic.com/s/e/noto3demoji/latest/1f69a/512.png,512,512,154834,4b7bc7fca713faf4a4faf26572e5fdd79f067c002e83ee7c8c87edee896f13c7
🚛,Articulated Lorry,Travel & Places,1f69b,Travel Places/articulated-lorry__1f69b.png,https://fonts.gstatic.com/s/e/noto3demoji/latest/1f69b/512.png,512,512,135072,ca95a3872849590bcf77ae9ea48cedc95a44a52f4741eba1bf6af26040644a18
🚜,Tractor,Travel & Places,1f69c,Travel Places/tractor__1f69c.png,https://fonts.gstatic.com/s/e/noto3demoji/latest/1f69c/512.png,512,512,156017,154379af37e8f78fccfe39b9bb26b61ee0a8ffb0543cca44dae33ffe217f72ca
🏎,Racing Car,Travel & Places,1f3ce,Travel Places/racing-car__1f3ce.png,https://fonts.gstatic.com/s/e/noto3demoji/latest/1f3ce/512.png,512,512,91636,216abce3503e9235ce6b3ce9052ca97e48e2c6c056064a3f6e845a69c29be46f
🏍,Motorcycle,Travel & Places,1f3cd,Travel Places/motorcycle__1f3cd.png,https://fonts.gstatic.com/s/e/noto3demoji/latest/1f3cd/512.png,512,512,142686,a2bc999e75ca21cc7b026ce084af6f8e66a47c5215263cff4d3bf1a2b8725ebd
🛵,Motor Scooter,Travel & Places,1f6f5,Travel Places/motor-scooter__1f6f5.png,https://fonts.gstatic.com/s/e/noto3demoji/latest/1f6f5/512.png,512,512,133079,8095cbc955df82b656ae68e4efd2f50c159deaa6efa5ebaec643fa31f039f390
🦽,Manual Wheelchair,Travel & Places,1f9bd,Travel Places/manual-wheelchair__1f9bd.png,https://fonts.gstatic.com/s/e/noto3demoji/latest/1f9bd/512.png,512,512,138721,0ff1b3c9dba305fa9c1e184c0b7b2d783fa2de1dd6c461cfa32198925cce05c6
🦼,Motorized Wheelchair,Travel & Places,1f9bc,Travel Places/motorized-wheelchair__1f9bc.png,https://fonts.gstatic.com/s/e/noto3demoji/latest/1f9bc/512.png,512,512,108272,3ed284a63231da6f8d0402bb96077f757dcccb03b62226d2e75135a57a200d25
🛺,Auto Rickshaw,Travel & Places,1f6fa,Travel Places/auto-rickshaw__1f6fa.png,https://fonts.gstatic.com/s/e/noto3demoji/latest/1f6fa/512.png,512,512,133906,8146822c7142b8248b8f47c1b5a973e8ed6ee9ec700c194b6c30e7d050b4bdf3
🚲,Bicycle,Travel & Places,1f6b2,Travel Places/bicycle__1f6b2.png,https://fonts.gstatic.com/s/e/noto3demoji/latest/1f6b2/512.png,512,512,141023,754151c44b89e81f3e5f31f5ff64f1a84423a49a6ee6c4f2afca181da920c778
🛴,Kick Scooter,Travel & Places,1f6f4,Travel Places/kick-scooter__1f6f4.png,https://fonts.gstatic.com/s/e/noto3demoji/latest/1f6f4/512.png,512,512,80863,f94afdb58d423150159158c40a9ff5c0846aa0254fc97d857106bc36f498f07b
🛹,Skateboard,Travel & Places,1f6f9,Travel Places/skateboard__1f6f9.png,https://fonts.gstatic.com/s/e/noto3demoji/latest/1f6f9/512.png,512,512,130076,a5e7b87f7ca9a05e52b701df4a3cbf4e263b750314aa3af9db289e5e912f31f5
🛼,Roller Skates,Travel & Places,1f6fc,Travel Places/roller-skates__1f6fc.png,https://fonts.gstatic.com/s/e/noto3demoji/latest/1f6fc/512.png,512,512,235475,ab8e1746758d143d7f666c7e07e2611bab0daba1ebf29253d2b090cbd418b730
🚏,Bus Stop,Travel & Places,1f68f,Travel Places/bus-stop__1f68f.png,https://fonts.gstatic.com/s/e/noto3demoji/latest/1f68f/512.png,512,512,97092,f67bea3a943b97b1c90f76435e504d6b48b6001b7c0c25023fdef376832e9a34
🛣,Motorway,Travel & Places,1f6e3,Travel Places/motorway__1f6e3.png,https://fonts.gstatic.com/s/e/noto3demoji/latest/1f6e3/512.png,512,512,232969,d5c65c0f0b6e2392e740b24615244f61dc3752b1112dfa15916a7ea2e8688c66
🛤,Railway Track,Travel & Places,1f6e4,Travel Places/railway-track__1f6e4.png,https://fonts.gstatic.com/s/e/noto3demoji/latest/1f6e4/512.png,512,512,215180,433cc24819b8d0fe0cb7f1d4afc49939d957f6df8551317bc6e9ac3095abbb4f
🛢,Oil Drum,Travel & Places,1f6e2,Travel Places/oil-drum__1f6e2.png,https://fonts.gstatic.com/s/e/noto3demoji/latest/1f6e2/512.png,512,512,125305,97bf82e979744edefd9a8f5717f0249d6ddc4064cbf1e8d69ff8179981f0977e
⛽,Fuel Pump,Travel & Places,26fd,Travel Places/fuel-pump__26fd.png,https://fonts.gstatic.com/s/e/noto3demoji/latest/26fd/512.png,512,512,181736,07b1581fd05f37abe4df24c1a7b1af03dcb45b2d60843876f0bebdbaa2a0b44e
🛞,Wheel,Travel & Places,1f6de,Travel Places/wheel__1f6de.png,https://fonts.gstatic.com/s/e/noto3demoji/latest/1f6de/512.png,512,512,215908,915f1fed4ccd3b5477d4e0e13ce7ce124d774faa7ee5a76f01e84670c821e8f9
🚨,Police Car Light,Travel & Places,1f6a8,Travel Places/police-car-light__1f6a8.png,https://fonts.gstatic.com/s/e/noto3demoji/latest/1f6a8/512.png,512,512,148305,2f3225ed1441cb6455af38c8d44155963025f22b3ccb6b6cc531e22f8f5245de
🚥,Horizontal Traffic Light,Travel & Places,1f6a5,Travel Places/horizontal-traffic-light__1f6a5.png,https://fonts.gstatic.com/s/e/noto3demoji/latest/1f6a5/512.png,512,512,112626,0676f3283784abea02ae688b0475e5795bfc3cf57559288610b880dda5edbdcc
🚦,Vertical Traffic Light,Travel & Places,1f6a6,Travel Places/vertical-traffic-light__1f6a6.png,https://fonts.gstatic.com/s/e/noto3demoji/latest/1f6a6/512.png,512,512,118723,ff41ae9b0b83e9cfe9bf70d53a6fb41c03cf744f21730e1cd6fdbc64f227ea7b
🛑,Stop Sign,Travel & Places,1f6d1,Travel Places/stop-sign__1f6d1.png,https://fonts.gstatic.com/s/e/noto3demoji/latest/1f6d1/512.png,512,512,119396,6e16a3aaad5240fdd1adf0482a1842fb7269e881add635c32f22752e197f1e93
🚧,Construction,Travel & Places,1f6a7,Travel Places/construction__1f6a7.png,https://fonts.gstatic.com/s/e/noto3demoji/latest/1f6a7/512.png,512,512,147315,230a15e923f5c2d48ee4c262932c04e8e923951a24b1903498e749317c0284ce
⚓,Anchor,Travel & Places,2693,Travel Places/anchor__2693.png,https://fonts.gstatic.com/s/e/noto3demoji/latest/2693/512.png,512,512,106413,5a2083d1053756afd3ec4204cf5aeab6c5f724f1d3b9f4021a73877dfe33a46d
🛟,Ring Buoy,Travel & Places,1f6df,Travel Places/ring-buoy__1f6df.png,https://fonts.gstatic.com/s/e/noto3demoji/latest/1f6df/512.png,512,512,207014,25043fd6a70b00dc7b09d7057b8a15291498136cf67c067bab68ac03c4f804ca
⛵,Sailboat,Travel & Places,26f5,Travel Places/sailboat__26f5.png,https://fonts.gstatic.com/s/e/noto3demoji/latest/26f5/512.png,512,512,135500,b1c6e6e59d15cf97aaf9f676d1725ec36566386a3b1fbc393522e8b9d77f21c0
🛶,Canoe,Travel & Places,1f6f6,Travel Places/canoe__1f6f6.png,https://fonts.gstatic.com/s/e/noto3demoji/latest/1f6f6/512.png,512,512,92944,72e67ca79d32cb62a94a1872d33a80a6219af0254674c0be7ed6d6159e22eccf
🚤,Speedboat,Travel & Places,1f6a4,Travel Places/speedboat__1f6a4.png,https://fonts.gstatic.com/s/e/noto3demoji/latest/1f6a4/512.png,512,512,60084,96b558d7e0350253829a6f85856b06700d0e79c82b07313fb3beff2f4e572530
🛳,Passenger Ship,Travel & Places,1f6f3,Travel Places/passenger-ship__1f6f3.png,https://fonts.gstatic.com/s/e/noto3demoji/latest/1f6f3/512.png,512,512,128503,a992dfe7e067ad645efeedc84cea5c7334027dea7cb2d9321804a371e153d39c
⛴,Ferry,Travel & Places,26f4,Travel Places/ferry__26f4.png,https://fonts.gstatic.com/s/e/noto3demoji/latest/26f4/512.png,512,512,135216,6d20d16fcc944da28c683f3e361a0cd1c2feda2719422b155b2bbec299618181
🛥,Motor Boat,Travel & Places,1f6e5,Travel Places/motor-boat__1f6e5.png,https://fonts.gstatic.com/s/e/noto3demoji/latest/1f6e5/512.png,512,512,82151,e134ee6f739f3f48322e336982cbe9d2780ce0272c5ca6552468f8fd12e6c539
🚢,Ship,Travel & Places,1f6a2,Travel Places/ship__1f6a2.png,https://fonts.gstatic.com/s/e/noto3demoji/latest/1f6a2/512.png,512,512,112296,cd5e2a5714315951f5011d1e67eacb82391566825793cde806ff973495ca1cc6
✈,Airplane,Travel & Places,2708,Travel Places/airplane__2708.png,https://fonts.gstatic.com/s/e/noto3demoji/latest/2708/512.png,512,512,133669,f86ce431a7bef6f42cc8a1346af139d4bc613651674ec042e3c5e068ccc2826e
🛩,Small Airplane,Travel & Places,1f6e9,Travel Places/small-airplane__1f6e9.png,https://fonts.gstatic.com/s/e/noto3demoji/latest/1f6e9/512.png,512,512,140732,2bbd4754a77e1d5196aeddaaaff2f84dcc6e80779c09e67285b17fc2b5a0a688
🛫,Airplane Departure,Travel & Places,1f6eb,Travel Places/airplane-departure__1f6eb.png,https://fonts.gstatic.com/s/e/noto3demoji/latest/1f6eb/512.png,512,512,84605,944ceab76c9bcd29a26804465926c9a89167c36b4befe74f0cd495d6e9c856f6
🛬,Airplane Arrival,Travel & Places,1f6ec,Travel Places/airplane-arrival__1f6ec.png,https://fonts.gstatic.com/s/e/noto3demoji/latest/1f6ec/512.png,512,512,95132,c062377504f3efa5ff4532cd7f29722287679f9d967f3405f656a1d7d4a5b103
🪂,Parachute,Travel & Places,1fa82,Travel Places/parachute__1fa82.png,https://fonts.gstatic.com/s/e/noto3demoji/latest/1fa82/512.png,512,512,161205,6568ab0506bc1ded470e27b737cc9db280254ab2fed01adb4a9fb04e0b071ddd
💺,Seat,Travel & Places,1f4ba,Travel Places/seat__1f4ba.png,https://fonts.gstatic.com/s/e/noto3demoji/latest/1f4ba/512.png,512,512,212488,48518c65bfe95f0e4989219b00be4079305ee3512012a65bd15b76b3629a93db
🚁,Helicopter,Travel & Places,1f681,Travel Places/helicopter__1f681.png,https://fonts.gstatic.com/s/e/noto3demoji/latest/1f681/512.png,512,512,89738,9d0079502b815eb8172d3a2216fa992d979e635bdcfa9b394fba22b376af102d
🚟,Suspension Railway,Travel & Places,1f69f,Travel Places/suspension-railway__1f69f.png,https://fonts.gstatic.com/s/e/noto3demoji/latest/1f69f/512.png,512,512,178621,7fb10130f439075258ceb90112993b6b6faa9b921fb961a6f121cad17f9e46cd
🚠,Mountain Cableway,Travel & Places,1f6a0,Travel Places/mountain-cableway__1f6a0.png,https://fonts.gstatic.com/s/e/noto3demoji/latest/1f6a0/512.png,512,512,130026,426643960005b300ad8eba25e9005955fa13f826386ee40a42ea247dab5baf6e
🚡,Aerial Tramway,Travel & Places,1f6a1,Travel Places/aerial-tramway__1f6a1.png,https://fonts.gstatic.com/s/e/noto3demoji/latest/1f6a1/512.png,512,512,99318,d482aff62bea5f81b78d1b80539d978d4e15bb0a10b68d0964b9d5f4da332307
🛰,Satellite,Travel & Places,1f6f0,Travel Places/satellite__1f6f0.png,https://fonts.gstatic.com/s/e/noto3demoji/latest/1f6f0/512.png,512,512,127969,bcf468010bafedefc2e3a6fa1ea905bce20fba5d100a6478acdb5b2be694d317
🚀,Rocket,Travel & Places,1f680,Travel Places/rocket__1f680.png,https://fonts.gstatic.com/s/e/noto3demoji/latest/1f680/512.png,512,512,143682,2532e7b2b31321511cd9e459877e785c695218c701dc97156d08f5d5123183dc
🛸,Flying Saucer,Travel & Places,1f6f8,Travel Places/flying-saucer__1f6f8.png,https://fonts.gstatic.com/s/e/noto3demoji/latest/1f6f8/512.png,512,512,200776,e669d31e43a082759448113d8c473e01efe5f1eccfdbb916eedb5830c746d6bd
🛎,Bellhop Bell,Travel & Places,1f6ce,Travel Places/bellhop-bell__1f6ce.png,https://fonts.gstatic.com/s/e/noto3demoji/latest/1f6ce/512.png,512,512,132743,120a34fbe861f55551fc045e6b6a720cb5c7bd355311d7032407a711a5f5ca38
🧳,Luggage,Travel & Places,1f9f3,Travel Places/luggage__1f9f3.png,https://fonts.gstatic.com/s/e/noto3demoji/latest/1f9f3/512.png,512,512,155286,753d6315f2f1b4a0bb3a86e1dbfff51744ca0d61f5b4e5276c8094240cb921f3
⌛,Hourglass Done,Travel & Places,231b,Travel Places/hourglass-done__231b.png,https://fonts.gstatic.com/s/e/noto3demoji/latest/231b/512.png,512,512,151036,9cebafb66c9c1f59a00099394768dc6d89ba9f550503d77d573dd0422c4bad25
⏳,Hourglass Not Done,Travel & Places,23f3,Travel Places/hourglass-not-done__23f3.png,https://fonts.gstatic.com/s/e/noto3demoji/latest/23f3/512.png,512,512,155435,0fe113f365e850df4189145d4fb3db9b2f71948a1ccc40e937987aa62e31d808
⌚,Watch,Travel & Places,231a,Travel Places/watch__231a.png,https://fonts.gstatic.com/s/e/noto3demoji/latest/231a/512.png,512,512,146440,541a0822adf4185f2eecb572c8a79acf4cd59084506f836ccc7f41f437f264dc
⏰,Alarm Clock,Travel & Places,23f0,Travel Places/alarm-clock__23f0.png,https://fonts.gstatic.com/s/e/noto3demoji/latest/23f0/512.png,512,512,136448,ad28aa8b8eef95fbe682d34ff2b98068cd4dc94023db7ff458be85835d8dcd23
⏱,Stopwatch,Travel & Places,23f1,Travel Places/stopwatch__23f1.png,https://fonts.gstatic.com/s/e/noto3demoji/latest/23f1/512.png,512,512,131788,53d070a06bf8962babe090ed716f92bb1234760e871e87e6c2428ccdb081524a
⏲,Timer Clock,Travel & Places,23f2,Travel Places/timer-clock__23f2.png,https://fonts.gstatic.com/s/e/noto3demoji/latest/23f2/512.png,512,512,180305,234fe8ddf0db56dc8658d995eb9eccc66b0f55c64775d977eb77bda567197732
🕰,Mantelpiece Clock,Travel & Places,1f570,Travel Places/mantelpiece-clock__1f570.png,https://fonts.gstatic.com/s/e/noto3demoji/latest/1f570/512.png,512,512,176280,6a87988148e2619305369dc6639b0cf8a4b2246c2ad2a47bff8c6a63b43867c7
🕛,Twelve O Clock,Travel & Places,1f55b,Travel Places/twelve-o-clock__1f55b.png,https://fonts.gstatic.com/s/e/noto3demoji/latest/1f55b/512.png,512,512,137891,7e25f2efe08ceeee83c41eb8b553ca899a953ea98685fc2104aa67707cba6ebc
🕧,Twelve Thirty,Travel & Places,1f567,Travel Places/twelve-thirty__1f567.png,https://fonts.gstatic.com/s/e/noto3demoji/latest/1f567/512.png,512,512,140164,e961bef558cc34b06d75a7bbf2bee9f117043cd7181c869f018ebcf9181720c0
🕐,One O Clock,Travel & Places,1f550,Travel Places/one-o-clock__1f550.png,https://fonts.gstatic.com/s/e/noto3demoji/latest/1f550/512.png,512,512,140675,dd12c878738a67ab5d37a2bcf189642e895a1b9931e3e2da80a9e9843be3ec8f
🕜,One Thirty,Travel & Places,1f55c,Travel Places/one-thirty__1f55c.png,https://fonts.gstatic.com/s/e/noto3demoji/latest/1f55c/512.png,512,512,140899,c80825d86432375a79699cb65f920211bfa85924fd77cef132a421340a3560cc
🕑,Two O Clock,Travel & Places,1f551,Travel Places/two-o-clock__1f551.png,https://fonts.gstatic.com/s/e/noto3demoji/latest/1f551/512.png,512,512,141021,6b6c43d6f200666530da8c29ee6f151f833686c2897115bcc03219b56db7f7ff
🕝,Two Thirty,Travel & Places,1f55d,Travel Places/two-thirty__1f55d.png,https://fonts.gstatic.com/s/e/noto3demoji/latest/1f55d/512.png,512,512,140610,4e352f886f24e63120880b8478da27b9b8ddc9a97f0485f9bd720314d5e715de
🕒,Three O Clock,Travel & Places,1f552,Travel Places/three-o-clock__1f552.png,https://fonts.gstatic.com/s/e/noto3demoji/latest/1f552/512.png,512,512,139717,14856f0a962cef96eaa1cbce243f83947097e0a32458d3aa0defb24690bb336e
🕞,Three Thirty,Travel & Places,1f55e,Travel Places/three-thirty__1f55e.png,https://fonts.gstatic.com/s/e/noto3demoji/latest/1f55e/512.png,512,512,140137,270cef0dc62c408f7b60e433d93f057f7fc0e40e5e7dd1665ae56adfcb425337
🕓,Four O Clock,Travel & Places,1f553,Travel Places/four-o-clock__1f553.png,https://fonts.gstatic.com/s/e/noto3demoji/latest/1f553/512.png,512,512,140821,afbc9dd39d382fb4e6a29ccc7402704c81380fb441aba8b7899fbe800d4e0098
🕟,Four Thirty,Travel & Places,1f55f,Travel Places/four-thirty__1f55f.png,https://fonts.gstatic.com/s/e/noto3demoji/latest/1f55f/512.png,512,512,140634,345aca141d854641373d6ec0ea00a286739da6a95e9a126f6a510f2f83f503c3
🕔,Five O Clock,Travel & Places,1f554,Travel Places/five-o-clock__1f554.png,https://fonts.gstatic.com/s/e/noto3demoji/latest/1f554/512.png,512,512,140786,c9b20d7757634f99cbfc069c48f151623fe853d21a3a72c27c053259662a28f8
🕠,Five Thirty,Travel & Places,1f560,Travel Places/five-thirty__1f560.png,https://fonts.gstatic.com/s/e/noto3demoji/latest/1f560/512.png,512,512,139552,1eb248ba2140db7a83b2e014b7f89f218dd30e36977a38c398fb45c8cd8b06c0
🕕,Six O Clock,Travel & Places,1f555,Travel Places/six-o-clock__1f555.png,https://fonts.gstatic.com/s/e/noto3demoji/latest/1f555/512.png,512,512,139519,4021789b37a697ee021c3651ffdea280a5a7dc72897eff50ad9030612b34fcd3
🕡,Six Thirty,Travel & Places,1f561,Travel Places/six-thirty__1f561.png,https://fonts.gstatic.com/s/e/noto3demoji/latest/1f561/512.png,512,512,138957,5530ee91516b219e56ab0ca3d736777ee412df7304182a971bf8b5a1b00eb474
🕖,Seven O Clock,Travel & Places,1f556,Travel Places/seven-o-clock__1f556.png,https://fonts.gstatic.com/s/e/noto3demoji/latest/1f556/512.png,512,512,140275,e255434e8d549eaaa80124934091bcbaeaf1819457958ea131a03b53fe3fb8cf
🕢,Seven Thirty,Travel & Places,1f562,Travel Places/seven-thirty__1f562.png,https://fonts.gstatic.com/s/e/noto3demoji/latest/1f562/512.png,512,512,140262,cc5108ff673534adfcc8cee76776003f382bd268e151d413ba6b0d5ff04d9911
🕗,Eight O Clock,Travel & Places,1f557,Travel Places/eight-o-clock__1f557.png,https://fonts.gstatic.com/s/e/noto3demoji/latest/1f557/512.png,512,512,140765,b362c94087f6791218a0dca2c26196d58a1d4da83a3d26ea6f7526e6d5ff9f18
🕣,Eight Thirty,Travel & Places,1f563,Travel Places/eight-thirty__1f563.png,https://fonts.gstatic.com/s/e/noto3demoji/latest/1f563/512.png,512,512,140234,782b1e3460ffe83f4ecbef8563b1e61d4c6ae5967802028256a7f7f3316e7e9f
🕘,Nine O Clock,Travel & Places,1f558,Travel Places/nine-o-clock__1f558.png,https://fonts.gstatic.com/s/e/noto3demoji/latest/1f558/512.png,512,512,139368,7f669e1ff0dc3d225cc481537a2821eee4885824db69b5904afd6823667212ec
🕤,Nine Thirty,Travel & Places,1f564,Travel Places/nine-thirty__1f564.png,https://fonts.gstatic.com/s/e/noto3demoji/latest/1f564/512.png,512,512,140390,a58f26f30c77105b1f13b199d9d5ce8121c06d0afa340220080510c93410d686
🕙,Ten O Clock,Travel & Places,1f559,Travel Places/ten-o-clock__1f559.png,https://fonts.gstatic.com/s/e/noto3demoji/latest/1f559/512.png,512,512,140880,964e4bc03295f0436890913874b788401f52a8dfac78dbafd106b19d0d3fee7f
🕥,Ten Thirty,Travel & Places,1f565,Travel Places/ten-thirty__1f565.png,https://fonts.gstatic.com/s/e/noto3demoji/latest/1f565/512.png,512,512,140540,0e81c613892db156027d15f5b2e94a61b0dff149a4889c606c80ced693c587ae
🕚,Eleven O Clock,Travel & Places,1f55a,Travel Places/eleven-o-clock__1f55a.png,https://fonts.gstatic.com/s/e/noto3demoji/latest/1f55a/512.png,512,512,140406,b5caf04ab58b9a6b6fa8d3afba5856b09afbb88b045e4c0c21f2f49dfa84660c
🕦,Eleven Thirty,Travel & Places,1f566,Travel Places/eleven-thirty__1f566.png,https://fonts.gstatic.com/s/e/noto3demoji/latest/1f566/512.png,512,512,140053,3361d5fa11b8882704ceb690c6459240432659ba72022a44f224324b815766bf
🌑,New Moon,Travel & Places,1f311,Travel Places/new-moon__1f311.png,https://fonts.gstatic.com/s/e/noto3demoji/latest/1f311/512.png,512,512,133677,26747102b547a532e86b4c7d9b7acb614aaee52a63ad3a1c69ca0e47fd542cdb
🌒,Waxing Crescent Moon,Travel & Places,1f312,Travel Places/waxing-crescent-moon__1f312.png,https://fonts.gstatic.com/s/e/noto3demoji/latest/1f312/512.png,512,512,174707,44aae066218ea5538b80611441ccf936c82c99653560f80d6e87a53f52b3721b
🌓,First Quarter Moon,Travel & Places,1f313,Travel Places/first-quarter-moon__1f313.png,https://fonts.gstatic.com/s/e/noto3demoji/latest/1f313/512.png,512,512,162494,575972941664c992cac4d2d2a73fd24081bdfb948963333197936bb5708c5190
🌔,Waxing Gibbous Moon,Travel & Places,1f314,Travel Places/waxing-gibbous-moon__1f314.png,https://fonts.gstatic.com/s/e/noto3demoji/latest/1f314/512.png,512,512,167756,2ee02290aacbc534820da39a537b9a387c7564615f4cb95976094f9deb39843a
🌕,Full Moon,Travel & Places,1f315,Travel Places/full-moon__1f315.png,https://fonts.gstatic.com/s/e/noto3demoji/latest/1f315/512.png,512,512,160738,af5bd2c381b3f92df2ff26210cfd05f32e4495e1fa535b7b4bca3c5b8063185f
🌖,Waning Gibbous Moon,Travel & Places,1f316,Travel Places/waning-gibbous-moon__1f316.png,https://fonts.gstatic.com/s/e/noto3demoji/latest/1f316/512.png,512,512,183753,63999722b7212cc2bef76a22352d20dc29bc527c2c99c745f56bfa44fa39b321
🌗,Last Quarter Moon,Travel & Places,1f317,Travel Places/last-quarter-moon__1f317.png,https://fonts.gstatic.com/s/e/noto3demoji/latest/1f317/512.png,512,512,177053,7867bd3e660dc7fd15e3b6d6fa9eefee3bdccabac6203f8c3306c8ac9aa15713
🌘,Waning Crescent Moon,Travel & Places,1f318,Travel Places/waning-crescent-moon__1f318.png,https://fonts.gstatic.com/s/e/noto3demoji/latest/1f318/512.png,512,512,174029,0b22cdf70bcd5095c15cb68f1debfaa84ae9e65ad8704ace5f95562406b2bdb5
🌙,Crescent Moon,Travel & Places,1f319,Travel Places/crescent-moon__1f319.png,https://fonts.gstatic.com/s/e/noto3demoji/latest/1f319/512.png,512,512,57645,1652569cd1faee08a64d22150216e512df4a6653b67c5d6183de8a80fc103546
🌚,Moon Face New,Travel & Places,1f31a,Travel Places/moon-face-new__1f31a.png,https://fonts.gstatic.com/s/e/noto3demoji/latest/1f31a/512.png,512,512,185945,35ce082f0843c5a4c86f1a688752a4062481c3679bfde0359b4570dcc979151f
🌛,Moon Face First Quarter,Travel & Places,1f31b,Travel Places/moon-face-first-quarter__1f31b.png,https://fonts.gstatic.com/s/e/noto3demoji/latest/1f31b/512.png,512,512,110393,3e928ab4cb471fc442d438dfdc44d83c2e12b2ecb4379ef22312db37ee77a078
🌜,Moon Face Last Quarter,Travel & Places,1f31c,Travel Places/moon-face-last-quarter__1f31c.png,https://fonts.gstatic.com/s/e/noto3demoji/latest/1f31c/512.png,512,512,96449,9c0613edc13d814d63f2939b28abb102f9ab0521f50d2962787721ad3e5388c2
🌡,Thermometer,Travel & Places,1f321,Travel Places/thermometer__1f321.png,https://fonts.gstatic.com/s/e/noto3demoji/latest/1f321/512.png,512,512,92123,ce102a3900ba08a3155b603b60878d844f94ffd1e34b7a0adb8ba514aa13bc5b
☀,Sunny,Travel & Places,2600,Travel Places/sunny__2600.png,https://fonts.gstatic.com/s/e/noto3demoji/latest/2600/512.png,512,512,76959,e21d2c18e6ab755551b1b63c675a6b98371d2a20e97f27ac3ac7eaff86ddae3f
🌝,Moon Face Full,Travel & Places,1f31d,Travel Places/moon-face-full__1f31d.png,https://fonts.gstatic.com/s/e/noto3demoji/latest/1f31d/512.png,512,512,156333,de85afcacbfd3d2f2b4e988915eb278816880eeeb8a0a0c9b9d073c6702f31af
🌞,Sun With Face,Travel & Places,1f31e,Travel Places/sun-with-face__1f31e.png,https://fonts.gstatic.com/s/e/noto3demoji/latest/1f31e/512.png,512,512,142263,081388e398c69d3f65cc8f3f55fd260097ca9e46fa043f9b33eb28e2d63765d6
🪐,Ringed Planet,Travel & Places,1fa90,Travel Places/ringed-planet__1fa90.png,https://fonts.gstatic.com/s/e/noto3demoji/latest/1fa90/512.png,512,512,157081,a2272bc6944c097e45fa0ad69475f522c2793f4ae375cb2efa250ea2ffebc82f
⭐,Star,Travel & Places,2b50,Travel Places/star__2b50.png,https://fonts.gstatic.com/s/e/noto3demoji/latest/2b50/512.png,512,512,102129,db219ac73036f49bee07634d97c40fd5f4f739e2a14ae15ceeeab0f043d40a53
🌟,Glowing Star,Travel & Places,1f31f,Travel Places/glowing-star__1f31f.png,https://fonts.gstatic.com/s/e/noto3demoji/latest/1f31f/512.png,512,512,119792,c3201bbbde37c55682f7c015cfb31a8808eafb264ffd0f9624d9537d290c29f4
🌠,Shooting Star,Travel & Places,1f320,Travel Places/shooting-star__1f320.png,https://fonts.gstatic.com/s/e/noto3demoji/latest/1f320/512.png,512,512,215183,7d423c18bfe0ebbd5b1665420963bb40a73264a3457c91ee5c14e31cc3d6109c
🌌,Milky Way,Travel & Places,1f30c,Travel Places/milky-way__1f30c.png,https://fonts.gstatic.com/s/e/noto3demoji/latest/1f30c/512.png,512,512,219127,b7488062e2c7760300df6abebb4250b2667cf203fe81a6b597b5e470acde1071
☁,Cloud,Travel & Places,2601,Travel Places/cloud__2601.png,https://fonts.gstatic.com/s/e/noto3demoji/latest/2601/512.png,512,512,79764,2094921ff22ff124c1385fac9e4a870ff1c534792460d68816f3ec6fc6b7a23f
⛅,Partly Sunny,Travel & Places,26c5,Travel Places/partly-sunny__26c5.png,https://fonts.gstatic.com/s/e/noto3demoji/latest/26c5/512.png,512,512,99585,8611288023a0f44bc67737b814cea84ffe9c08e87311999ef31f7a4a1089f8a3
⛈,Cloud With Lightning And Rain,Travel & Places,26c8,Travel Places/cloud-with-lightning-and-rain__26c8.png,https://fonts.gstatic.com/s/e/noto3demoji/latest/26c8/512.png,512,512,121406,a4ad9c2a8af11bdc4a12ccf721118f6ce22b5683a8d33034448c261b7a88473d
🌤,Sun Behind Small Cloud,Travel & Places,1f324,Travel Places/sun-behind-small-cloud__1f324.png,https://fonts.gstatic.com/s/e/noto3demoji/latest/1f324/512.png,512,512,93640,63cad9760c453fef671568cac8ccc235eb08bee9d0fce113c11123e323407934
🌥,Sun Behind Large Cloud,Travel & Places,1f325,Travel Places/sun-behind-large-cloud__1f325.png,https://fonts.gstatic.com/s/e/noto3demoji/latest/1f325/512.png,512,512,101560,6baa8f141daebc736973c24f155f55dd53f8ffae3f632b076efa5e45da1f5d37
🌦,Sun Behind Rain Cloud,Travel & Places,1f326,Travel Places/sun-behind-rain-cloud__1f326.png,https://fonts.gstatic.com/s/e/noto3demoji/latest/1f326/512.png,512,512,129364,de91852859026f295a8bd5716dc1ecef975f29eabada09fe90d01c4f581d279b
🌧,Rain Cloud,Travel & Places,1f327,Travel Places/rain-cloud__1f327.png,https://fonts.gstatic.com/s/e/noto3demoji/latest/1f327/512.png,512,512,103555,2d15ab841a2fa5c1b0678759ab1db09d4639601238788e3221a1981da8605936
🌨,Cloud With Snow,Travel & Places,1f328,Travel Places/cloud-with-snow__1f328.png,https://fonts.gstatic.com/s/e/noto3demoji/latest/1f328/512.png,512,512,107727,9bcfad5964dbb91b82348b0149fa9582cd5628ea38c051cd7b6f01110a0121ca
🌩,Cloud With Lightning,Travel & Places,1f329,Travel Places/cloud-with-lightning__1f329.png,https://fonts.gstatic.com/s/e/noto3demoji/latest/1f329/512.png,512,512,98994,ce64201cdf73d69f6fd1161cff9b28c6c60de1412ec9d2735fb067bbf13cd237
🌪,Tornado,Travel & Places,1f32a,Travel Places/tornado__1f32a.png,https://fonts.gstatic.com/s/e/noto3demoji/latest/1f32a/512.png,512,512,191428,d14ae4ca3e78d9a2db0fee7abae43c0ed2d621f47bcee67251a542306a6d60bd
🌫,Fog,Travel & Places,1f32b,Travel Places/fog__1f32b.png,https://fonts.gstatic.com/s/e/noto3demoji/latest/1f32b/512.png,512,512,136906,f8b3ada345686a271a1406be6d4d16a06dae58c819f7c943a65502c92f2edb19
🌬,Wind Face,Travel & Places,1f32c,Travel Places/wind-face__1f32c.png,https://fonts.gstatic.com/s/e/noto3demoji/latest/1f32c/512.png,512,512,160392,fd49b4984c98ec86f3bd2c2399bb72b9d92f1d8a6f12db2760d401d4d48de6c7
🌀,Cyclone,Travel & Places,1f300,Travel Places/cyclone__1f300.png,https://fonts.gstatic.com/s/e/noto3demoji/latest/1f300/512.png,512,512,182822,2228500598d7d794f1104517427c064103aa9af86dd01316c9358d98e5d7070c
🌈,Rainbow,Travel & Places,1f308,Travel Places/rainbow__1f308.png,https://fonts.gstatic.com/s/e/noto3demoji/latest/1f308/512.png,512,512,107302,10b7d23f1f328dbd4780eac796dafaed60821ec5b64e9999098ba315b1ddb2bc
🌂,Closed Umbrella,Travel & Places,1f302,Travel Places/closed-umbrella__1f302.png,https://fonts.gstatic.com/s/e/noto3demoji/latest/1f302/512.png,512,512,94250,3c3fb34bed48b528bd335c546e5c89d673024d8562d8a7b66ee9f9ed7bb65ddd
☂,Umbrella,Travel & Places,2602,Travel Places/umbrella__2602.png,https://fonts.gstatic.com/s/e/noto3demoji/latest/2602/512.png,512,512,98273,76290082abede3d6d140a35c4afd52271bbc1eb846570a1276a5a3557319fd86
☔,Umbrella In Rain,Travel & Places,2614,Travel Places/umbrella-in-rain__2614.png,https://fonts.gstatic.com/s/e/noto3demoji/latest/2614/512.png,512,512,116117,4dac7e3983100c0983093a1038a18b990df1d12a43a139f9c5a4437856b551c7
⛱,Umbrella On Ground,Travel & Places,26f1,Travel Places/umbrella-on-ground__26f1.png,https://fonts.gstatic.com/s/e/noto3demoji/latest/26f1/512.png,512,512,175033,8482c6ac7cd99ed6b87b68699aad35c66a7ee9ff1388743f5144a411db9ebee2
⚡,Electricity,Travel & Places,26a1,Travel Places/electricity__26a1.png,https://fonts.gstatic.com/s/e/noto3demoji/latest/26a1/512.png,512,512,53456,a67312a66ca4c824818f34348ba7edd8e1fdab416caf6756d4974b7e3f858c09
❄,Snowflake,Travel & Places,2744,Travel Places/snowflake__2744.png,https://fonts.gstatic.com/s/e/noto3demoji/latest/2744/512.png,512,512,137802,f06cb78bbd8356c2a6ffe5bdc6b83f2e5692e7c624036d61c9ca84fae17f0350
☃,Snowman With Snow,Travel & Places,2603,Travel Places/snowman-with-snow__2603.png,https://fonts.gstatic.com/s/e/noto3demoji/latest/2603/512.png,512,512,160527,10789f0451b5cfe69804ed36ab0b979cb9a9bbc811470ac4b1e33a688a6e79dc
⛄,Snowman,Travel & Places,26c4,Travel Places/snowman__26c4.png,https://fonts.gstatic.com/s/e/noto3demoji/latest/26c4/512.png,512,512,136311,4e02595b389609b7d1519055b205284ec2d2ee1fbdb5231be14342436fd68874
☄,Comet,Travel & Places,2604,Travel Places/comet__2604.png,https://fonts.gstatic.com/s/e/noto3demoji/latest/2604/512.png,512,512,137549,af02db36b4410a0f0fb8371d0c65494fe65e080595e51e8073d9a8c6d3807532
🔥,Fire,Travel & Places,1f525,Travel Places/fire__1f525.png,https://fonts.gstatic.com/s/e/noto3demoji/latest/1f525/512.png,512,512,56856,7eb42bacb7bbccd5892aea00db3106e80e8a6eb935507f0bbdd4d972dd1c4276
💧,Droplet,Travel & Places,1f4a7,Travel Places/droplet__1f4a7.png,https://fonts.gstatic.com/s/e/noto3demoji/latest/1f4a7/512.png,512,512,84948,ea712e25923a9d681d54651e15101bdb4729f9f2ece699d4925b59ab746d7c39
🌊,Ocean,Travel & Places,1f30a,Travel Places/ocean__1f30a.png,https://fonts.gstatic.com/s/e/noto3demoji/latest/1f30a/512.png,512,512,132555,48415580b075147bff5cb27323a6ee04f4b0143970e737e09b64a42c99cacb09
🕳,Hole,Objects,1f573,Objects/hole__1f573.png,https://fonts.gstatic.com/s/e/noto3demoji/latest/1f573/512.png,512,512,65521,77be508b308aa39ebc55ac2272dbff29bcb209e9619458c8913d3d6ac15b81d9
👓,Glasses,Objects,1f453,Objects/glasses__1f453.png,https://fonts.gstatic.com/s/e/noto3demoji/latest/1f453/512.png,512,512,78867,15126342b1bdcd1ac6d12c98b7be9b2c1335c04a91ec26c63fa67059f835f372
🕶,Sunglasses,Objects,1f576,Objects/sunglasses__1f576.png,https://fonts.gstatic.com/s/e/noto3demoji/latest/1f576/512.png,512,512,61986,53f0140be674bb97f2854250df8458c444acd2775800b8eddfd33e493754ec32
🥽,Goggles,Objects,1f97d,Objects/goggles__1f97d.png,https://fonts.gstatic.com/s/e/noto3demoji/latest/1f97d/512.png,512,512,171730,97828d9223f882b2ee38a2f5d6b0a5f07475b0335b20538ebcd5d1826430a54b
🥼,Lab Coat,Objects,1f97c,Objects/lab-coat__1f97c.png,https://fonts.gstatic.com/s/e/noto3demoji/latest/1f97c/512.png,512,512,134888,3ff6d1a41d5a725cc2a4e6dd44077ebade9475fdec3841df9947db4112cd2213
🦺,Safety Vest,Objects,1f9ba,Objects/safety-vest__1f9ba.png,https://fonts.gstatic.com/s/e/noto3demoji/latest/1f9ba/512.png,512,512,196861,a6ed2b3dcc11051e3eb81e5be55a0ee521873ce9ee1563b153c29e37ca494942
👔,Necktie,Objects,1f454,Objects/necktie__1f454.png,https://fonts.gstatic.com/s/e/noto3demoji/latest/1f454/512.png,512,512,196188,07e60233cb8ae21099a1ac9345ef3222a19c45aac636e3a33287ab4cfc3957f8
👕,T Shirt,Objects,1f455,Objects/t-shirt__1f455.png,https://fonts.gstatic.com/s/e/noto3demoji/latest/1f455/512.png,512,512,130407,4f01095c8c4982a5675e0fb1acea3f2eb1be38c50e2afcaa0331c38918805d73
👖,Jeans,Objects,1f456,Objects/jeans__1f456.png,https://fonts.gstatic.com/s/e/noto3demoji/latest/1f456/512.png,512,512,135680,2fc494545b02d9401e5c5aed3af72b0e6fbd6648fe70b1d05a2a128e949d8345
🧣,Scarf,Objects,1f9e3,Objects/scarf__1f9e3.png,https://fonts.gstatic.com/s/e/noto3demoji/latest/1f9e3/512.png,512,512,108200,7fc55b68f8e74f4b176f6e5b379eccffd1aca806f16578f104a9225ff27584dd
🧤,Gloves,Objects,1f9e4,Objects/gloves__1f9e4.png,https://fonts.gstatic.com/s/e/noto3demoji/latest/1f9e4/512.png,512,512,150173,9a8665c145a174e60a7123f0dbfb765cb70f5d0aa42a326a63403ea851b23b4a
🧥,Coat,Objects,1f9e5,Objects/coat__1f9e5.png,https://fonts.gstatic.com/s/e/noto3demoji/latest/1f9e5/512.png,512,512,192990,ae2e11f6237771366cc222188651deadedab7072a425e91e95065f1bcc49088a
🧦,Socks,Objects,1f9e6,Objects/socks__1f9e6.png,https://fonts.gstatic.com/s/e/noto3demoji/latest/1f9e6/512.png,512,512,110845,a46d2e00cd863b3f81e45b67f272dec8c701f7d6b9ad6903336ce69fbf44a844
👗,Dress,Objects,1f457,Objects/dress__1f457.png,https://fonts.gstatic.com/s/e/noto3demoji/latest/1f457/512.png,512,512,108578,3ddfad767e4c252f3485b88202208bf219defd9833f90f02c8833acfeef6064b
👘,Kimono,Objects,1f458,Objects/kimono__1f458.png,https://fonts.gstatic.com/s/e/noto3demoji/latest/1f458/512.png,512,512,189824,f6197572721aaf3c8d61698a91b3f70af79eb291cc94ae5b3059c0d6e2121c3c
🥻,Sari,Objects,1f97b,Objects/sari__1f97b.png,https://fonts.gstatic.com/s/e/noto3demoji/latest/1f97b/512.png,512,512,173883,f5b1c0311ea93ef0f513bd531632323e6320ee6e77a1e4753118f2a30c735be2
🩱,One Piece Swimsuit,Objects,1fa71,Objects/one-piece-swimsuit__1fa71.png,https://fonts.gstatic.com/s/e/noto3demoji/latest/1fa71/512.png,512,512,113129,7050defe6f698ebb551218fd558ed04c3cc627d19f1d9d967c7fdfdf0df70586
🩲,Swim Brief,Objects,1fa72,Objects/swim-brief__1fa72.png,https://fonts.gstatic.com/s/e/noto3demoji/latest/1fa72/512.png,512,512,135099,930cdb1eefef9a5b22825713511ca61efe4b9114ae9cc73206bb619ba65e6c09
🩳,Shorts,Objects,1fa73,Objects/shorts__1fa73.png,https://fonts.gstatic.com/s/e/noto3demoji/latest/1fa73/512.png,512,512,266048,906a89747388a04b3169d894b09b6de07ed9938100687e7d22c13a1eeeeb3545
👙,Bikini,Objects,1f459,Objects/bikini__1f459.png,https://fonts.gstatic.com/s/e/noto3demoji/latest/1f459/512.png,512,512,138144,0c2cb9651432a30c7f3a08e3041c28c9031db793f346e963b37641c9d8422eeb
👚,Woman’s Clothes,Objects,1f45a,Objects/woman-s-clothes__1f45a.png,https://fonts.gstatic.com/s/e/noto3demoji/latest/1f45a/512.png,512,512,132628,fc714c41d95fc814ad0ba50fea77e0e39d690daf511dec63068e270684cdf31b
🪭,Fan,Objects,1faad,Objects/fan__1faad.png,https://fonts.gstatic.com/s/e/noto3demoji/latest/1faad/512.png,512,512,170180,485b5f3ba2c547ff40b3df6a05490da6a4a32a9541d874629a6eaa3143534b7a
👛,Purse,Objects,1f45b,Objects/purse__1f45b.png,https://fonts.gstatic.com/s/e/noto3demoji/latest/1f45b/512.png,512,512,134984,509a48e9f0ed5b6c53da1a50175e0610536d8770399cfc1ccc5d4117e80bdb44
👜,Handbag,Objects,1f45c,Objects/handbag__1f45c.png,https://fonts.gstatic.com/s/e/noto3demoji/latest/1f45c/512.png,512,512,142278,41ed14a626f31262aa837e0e7f2f14f5b5acd268d0f99e60bff677a688b963a4
👝,Clutch Bag,Objects,1f45d,Objects/clutch-bag__1f45d.png,https://fonts.gstatic.com/s/e/noto3demoji/latest/1f45d/512.png,512,512,90558,e87ea66d067e997aed420d0608432602f99799599f626df6410a43e3854d371d
🛍,Shopping Bags,Objects,1f6cd,Objects/shopping-bags__1f6cd.png,https://fonts.gstatic.com/s/e/noto3demoji/latest/1f6cd/512.png,512,512,139129,d069579b033eb44438dc1da73465feb95c7573b31ee5c4b449f501bb43cb00ab
🎒,School Backpack,Objects,1f392,Objects/school-backpack__1f392.png,https://fonts.gstatic.com/s/e/noto3demoji/latest/1f392/512.png,512,512,181399,7cb0dccc793516a42e35f53b3f33e2d30911d3fd3b4485189a1b49c64633b3a9
🩴,Flip Flop,Objects,1fa74,Objects/flip-flop__1fa74.png,https://fonts.gstatic.com/s/e/noto3demoji/latest/1fa74/512.png,512,512,111373,02571b1870beac395681b77715ac8895cbf5bf9c1dfd65aa6a80a9f2c195cdc2
👞,Man’s Shoe,Objects,1f45e,Objects/man-s-shoe__1f45e.png,https://fonts.gstatic.com/s/e/noto3demoji/latest/1f45e/512.png,512,512,85409,77b4e0302fa0d4aa9a3048b5a413ab45a67490ca77c224d8c6b5896506392510
👟,Running Shoe,Objects,1f45f,Objects/running-shoe__1f45f.png,https://fonts.gstatic.com/s/e/noto3demoji/latest/1f45f/512.png,512,512,130520,b06a7f0082e79d552f8a039bff13b329a4bd45e0652b846b19d531b506155fad
🥾,Hiking Boot,Objects,1f97e,Objects/hiking-boot__1f97e.png,https://fonts.gstatic.com/s/e/noto3demoji/latest/1f97e/512.png,512,512,197764,0ec97585d18e0d059897e37885debaaaa30b960b0c54874c7233faa69f5edc4b
🥿,Flat Shoe,Objects,1f97f,Objects/flat-shoe__1f97f.png,https://fonts.gstatic.com/s/e/noto3demoji/latest/1f97f/512.png,512,512,73442,cf3dc3bd7da62aca7be8f6e8330c936fcee5981a6f48927ecff6f217a96fd863
👠,High Heeled Shoe,Objects,1f460,Objects/high-heeled-shoe__1f460.png,https://fonts.gstatic.com/s/e/noto3demoji/latest/1f460/512.png,512,512,116375,63af003183bb06830652c36c6ab1fb163484fa566e8273c1b26ed3f7531eb6f1
👡,Sandal,Objects,1f461,Objects/sandal__1f461.png,https://fonts.gstatic.com/s/e/noto3demoji/latest/1f461/512.png,512,512,69253,56d6813263f70a529ec4db77ba2a825b02a0a522094eef4616e9c945818ecf56
🩰,Ballet Shoes,Objects,1fa70,Objects/ballet-shoes__1fa70.png,https://fonts.gstatic.com/s/e/noto3demoji/latest/1fa70/512.png,512,512,186333,aa8e2fabd4746725ae82bb84ae79fec34a38f1a8e357b7f135d0298c8ecba5ae
👢,Boot,Objects,1f462,Objects/boot__1f462.png,https://fonts.gstatic.com/s/e/noto3demoji/latest/1f462/512.png,512,512,92697,b742632f4d9b61c4928215ad6ee1186ff83e37e6ee63f6d4731292a49cbcd7fd
🪮,Hair Pick,Objects,1faae,Objects/hair-pick__1faae.png,https://fonts.gstatic.com/s/e/noto3demoji/latest/1faae/512.png,512,512,120720,61614dcc69d7f7a59482953139db8f3c8ab1e53385101744467d49c8670b29d6
👑,Crown,Objects,1f451,Objects/crown__1f451.png,https://fonts.gstatic.com/s/e/noto3demoji/latest/1f451/512.png,512,512,157196,b7a67ba3a2e6c7a24e83dc3271fdb216156ab349597ef4e21284f6e1e5d645e3
👒,Woman’s Hat,Objects,1f452,Objects/woman-s-hat__1f452.png,https://fonts.gstatic.com/s/e/noto3demoji/latest/1f452/512.png,512,512,170438,a0568d984ad3dace66a784af9c67543d9314ce6cf4b481579e292b4e38968fc4
🎩,Top Hat,Objects,1f3a9,Objects/top-hat__1f3a9.png,https://fonts.gstatic.com/s/e/noto3demoji/latest/1f3a9/512.png,512,512,105897,69e769d6a1fbc366d97fabe0043a13a47742e6507091c5ea70ec155e2918a0d0
🎓,Graduation Cap,Objects,1f393,Objects/graduation-cap__1f393.png,https://fonts.gstatic.com/s/e/noto3demoji/latest/1f393/512.png,512,512,166809,6c630e55bf6b965e1f2b8175fe3b338753a14ded7d824e56a55a79b62345e572
🧢,Billed Cap,Objects,1f9e2,Objects/billed-cap__1f9e2.png,https://fonts.gstatic.com/s/e/noto3demoji/latest/1f9e2/512.png,512,512,138978,d09eea7bc9e55dced7747106531f68c182aa917b11654285b9b7bbc222064f97
🪖,Military Helmet,Objects,1fa96,Objects/military-helmet__1fa96.png,https://fonts.gstatic.com/s/e/noto3demoji/latest/1fa96/512.png,512,512,130697,fe709d87a16c0a804c81f82e1e2ba1f0d196e10d65ce3a63f1401f88ce1f99a1
⛑,Rescue Worker’s Helmet,Objects,26d1,Objects/rescue-worker-s-helmet__26d1.png,https://fonts.gstatic.com/s/e/noto3demoji/latest/26d1/512.png,512,512,202818,6db4b0937afd059b91a68489bc10b00e418a93226dd49faca33f737babf1ab5d
📿,Prayer Beads,Objects,1f4ff,Objects/prayer-beads__1f4ff.png,https://fonts.gstatic.com/s/e/noto3demoji/latest/1f4ff/512.png,512,512,113540,2cffaa947c6a76b27b5969ce4063c3e9cfa30f6c6e9ce6e20bd5e7c3f7150e2f
💄,Lipstick,Objects,1f484,Objects/lipstick__1f484.png,https://fonts.gstatic.com/s/e/noto3demoji/latest/1f484/512.png,512,512,82459,bca98c3a1a9b4211ce7731caf5dca2775aca74acdf43ec620231cf3c30e919d6
💍,Ring,Objects,1f48d,Objects/ring__1f48d.png,https://fonts.gstatic.com/s/e/noto3demoji/latest/1f48d/512.png,512,512,102730,acd60bb2c1ac4453b635efa8916f0a4311968f3efdf6acdbff0d4aa42b086972
💎,Gem Stone,Objects,1f48e,Objects/gem-stone__1f48e.png,https://fonts.gstatic.com/s/e/noto3demoji/latest/1f48e/512.png,512,512,105072,3c53ab1d0259de3816d154c887d7db6e30525fcd46c2e3f5f844cab8b8949de8
🔇,Mute,Objects,1f507,Objects/mute__1f507.png,https://fonts.gstatic.com/s/e/noto3demoji/latest/1f507/512.png,512,512,141509,4af1bb66dc03001113e82627ffe71e2438ab7f7730d95a641e2cf606f842636d
🔈,Low Volume,Objects,1f508,Objects/low-volume__1f508.png,https://fonts.gstatic.com/s/e/noto3demoji/latest/1f508/512.png,512,512,146841,53df06785a9ccab7cfb6ce83f824e1014b28379be5012ecba88c11f944ee466b
🔉,Medium Volume,Objects,1f509,Objects/medium-volume__1f509.png,https://fonts.gstatic.com/s/e/noto3demoji/latest/1f509/512.png,512,512,169395,6fd733f3b6136760fa7a62ad13fe5feecdd89ee06f7ea53515c0b139919be11d
🔊,High Volume,Objects,1f50a,Objects/high-volume__1f50a.png,https://fonts.gstatic.com/s/e/noto3demoji/latest/1f50a/512.png,512,512,181064,ae98acf47630475eefc734e9a473fa5742000f9ddcdb40fa2a7d1748096467ec
📢,Loudspeaker,Objects,1f4e2,Objects/loudspeaker__1f4e2.png,https://fonts.gstatic.com/s/e/noto3demoji/latest/1f4e2/512.png,512,512,219970,8b8bfbb16c25c72480dc73e05f71a3b329cfd98f454dc28ed7bba78766beab0a
📣,Megaphone,Objects,1f4e3,Objects/megaphone__1f4e3.png,https://fonts.gstatic.com/s/e/noto3demoji/latest/1f4e3/512.png,512,512,113493,b31722e54fe5019f8630d1a56a1131a31b033bc2e3abf499506e5aa799fb3a8d
📯,Postal Horn,Objects,1f4ef,Objects/postal-horn__1f4ef.png,https://fonts.gstatic.com/s/e/noto3demoji/latest/1f4ef/512.png,512,512,100121,471ca3283dde3f1e5c736c308dec7d170713c37f1ac8d8651438d5557628315f
🔔,Bell,Objects,1f514,Objects/bell__1f514.png,https://fonts.gstatic.com/s/e/noto3demoji/latest/1f514/512.png,512,512,100098,c18a695fdc5178b30d374eb8e0db5af283a47560f5caec101a6a03c1797df00f
🔕,No Sound,Objects,1f515,Objects/no-sound__1f515.png,https://fonts.gstatic.com/s/e/noto3demoji/latest/1f515/512.png,512,512,243302,ffb1d170bee2584122da63764ecfd6b29d8e99e67502fb0d7637298f0109032b
🎼,Musical Score,Objects,1f3bc,Objects/musical-score__1f3bc.png,https://fonts.gstatic.com/s/e/noto3demoji/latest/1f3bc/512.png,512,512,144481,b3f884d7674002dcefc37922116e9e76b4d4af7dfcf11d34ff1df4374d99e628
🎵,Musical Note,Objects,1f3b5,Objects/musical-note__1f3b5.png,https://fonts.gstatic.com/s/e/noto3demoji/latest/1f3b5/512.png,512,512,111836,a3c16b509dbdd318170b2e83d2922b6d6d780b7cdd670909dd8131987cec3876
🎶,Musical Notes,Objects,1f3b6,Objects/musical-notes__1f3b6.png,https://fonts.gstatic.com/s/e/noto3demoji/latest/1f3b6/512.png,512,512,92077,8ebc5dc1ec982c1bf3452656515459f4a3e2293d025804bb016b5687d37f54f0
🎙,Studio Microphone,Objects,1f399,Objects/studio-microphone__1f399.png,https://fonts.gstatic.com/s/e/noto3demoji/latest/1f399/512.png,512,512,157941,8225152d5e705d1fd869d2acfa6e570e24f5b37f211e17ce9071643b4347ca23
🎚,Level Slider,Objects,1f39a,Objects/level-slider__1f39a.png,https://fonts.gstatic.com/s/e/noto3demoji/latest/1f39a/512.png,512,512,51154,3a799fe16a06edc0e87ee4a4de58ed9254b33627c9d696a97375a1243776a6a7
🎛,Control Knobs,Objects,1f39b,Objects/control-knobs__1f39b.png,https://fonts.gstatic.com/s/e/noto3demoji/latest/1f39b/512.png,512,512,151724,81ff91c8b0179d0a3880d845dd76d5e3a22e8c4c69155ff3a9540c84cd10838b
🎤,Microphone,Objects,1f3a4,Objects/microphone__1f3a4.png,https://fonts.gstatic.com/s/e/noto3demoji/latest/1f3a4/512.png,512,512,149261,4ec3e8666a576c7f0d911b5d93683302c060c0c0714351fa6439d09ab43f7657
🎧,Headphone,Objects,1f3a7,Objects/headphone__1f3a7.png,https://fonts.gstatic.com/s/e/noto3demoji/latest/1f3a7/512.png,512,512,117810,e347d16208a20bead88cbc3f3c074bf35f9c0dd1d3583281cd84a3211e3314a1
📻,Radio,Objects,1f4fb,Objects/radio__1f4fb.png,https://fonts.gstatic.com/s/e/noto3demoji/latest/1f4fb/512.png,512,512,152660,3febd5715a39f8003b00a0927574b29f39c56241511ff2e6e491cd77cbc40c6a
🎷,Saxophone,Objects,1f3b7,Objects/saxophone__1f3b7.png,https://fonts.gstatic.com/s/e/noto3demoji/latest/1f3b7/512.png,512,512,125125,c9b3061a82779c64fb62eb59eda4b0245f217ad0d67f7af9dbdb1e27b28c1e63
🎺,Trumpet,Objects,1f3ba,Objects/trumpet__1f3ba.png,https://fonts.gstatic.com/s/e/noto3demoji/latest/1f3ba/512.png,512,512,131172,15d0d5bb59fcb30194bbaa106eddd1c257abb4e12a075f6fa0e1df9c25523a96
🪊,Trombone,Objects,1fa8a,Objects/trombone__1fa8a.png,https://fonts.gstatic.com/s/e/noto3demoji/latest/1fa8a/512.png,512,512,146533,7e4096f2a3306102bf40b69bfc38509d0156b4dcbfd1366ae7e166e61129d229
🪗,Accordion,Objects,1fa97,Objects/accordion__1fa97.png,https://fonts.gstatic.com/s/e/noto3demoji/latest/1fa97/512.png,512,512,223656,692ce37e9f17bb94669fc16533901fcd23e60617adab5655ac401cd0b8af8be5
🎸,Guitar,Objects,1f3b8,Objects/guitar__1f3b8.png,https://fonts.gstatic.com/s/e/noto3demoji/latest/1f3b8/512.png,512,512,149016,c5171948acd159e18b71694b14096f1e0ad9da1fc6f6e3559684f0f1713b61ba
🎹,Piano,Objects,1f3b9,Objects/piano__1f3b9.png,https://fonts.gstatic.com/s/e/noto3demoji/latest/1f3b9/512.png,512,512,179141,b944fc0cd3800543523f40f7c7f62cdff87d30fafc9f76fafcc9533a14299c23
🎻,Violin,Objects,1f3bb,Objects/violin__1f3bb.png,https://fonts.gstatic.com/s/e/noto3demoji/latest/1f3bb/512.png,512,512,155404,3a4f96ea0f42ecc551999cbd6b52636324dafee3b5cc06e1ed6f74fa0da90023
🪕,Banjo,Objects,1fa95,Objects/banjo__1fa95.png,https://fonts.gstatic.com/s/e/noto3demoji/latest/1fa95/512.png,512,512,128317,2a23d1b2baa2568a2a5bcb93642f74326c507dd406a00a4be7a9eda6d19a7bac
🥁,Drum,Objects,1f941,Objects/drum__1f941.png,https://fonts.gstatic.com/s/e/noto3demoji/latest/1f941/512.png,512,512,203696,e70bae73d83fccb4dc836a4eb6e4e5d97cfc64976e3b8cb50c56af3c2b660d01
🪘,Long Drum,Objects,1fa98,Objects/long-drum__1fa98.png,https://fonts.gstatic.com/s/e/noto3demoji/latest/1fa98/512.png,512,512,142689,6be45ad33c8cb1e6692b86d196920f94b54c990c38b4faa9bab106c081ec6887
🪇,Maracas,Objects,1fa87,Objects/maracas__1fa87.png,https://fonts.gstatic.com/s/e/noto3demoji/latest/1fa87/512.png,512,512,129431,eb82c510dc8f5684639d8155261c57cb005db55db31ccdfa57f5e2ba2d892f0e
🪈,Flute,Objects,1fa88,Objects/flute__1fa88.png,https://fonts.gstatic.com/s/e/noto3demoji/latest/1fa88/512.png,512,512,96369,df263bb88e678f8877021c9ef2c7a8a414ef8cd0bf9f9cd505ed51231e89b0ae
🪉,Harp,Objects,1fa89,Objects/harp__1fa89.png,https://fonts.gstatic.com/s/e/noto3demoji/latest/1fa89/512.png,512,512,112874,a0f16777e6ac0d68bfca98aa188901cefc7ad13c0d709e88803a13fe2d4bd8e4
📱,Mobile Phone,Objects,1f4f1,Objects/mobile-phone__1f4f1.png,https://fonts.gstatic.com/s/e/noto3demoji/latest/1f4f1/512.png,512,512,116791,1eede64f963cb787c269f4e9a035935d51a97f271572eb5f2d55e3d2a6cde078
📲,Phone With Arrow,Objects,1f4f2,Objects/phone-with-arrow__1f4f2.png,https://fonts.gstatic.com/s/e/noto3demoji/latest/1f4f2/512.png,512,512,132889,9d9b52e2ad4f5a241bdf594e427e943fb2daa39fef37d9b9a793fc42a41467bc
☎,Telephone,Objects,260e,Objects/telephone__260e.png,https://fonts.gstatic.com/s/e/noto3demoji/latest/260e/512.png,512,512,150829,4d8b1eee9438893569c40b51f4084c148df336a9984a347d6c618143e0b3995d
📞,Telephone Receiver,Objects,1f4de,Objects/telephone-receiver__1f4de.png,https://fonts.gstatic.com/s/e/noto3demoji/latest/1f4de/512.png,512,512,74245,d7d970f51490b00d92ce32cd058ad44c2234cc1d0740bddc49d7334bf9cb901f
📟,Pager,Objects,1f4df,Objects/pager__1f4df.png,https://fonts.gstatic.com/s/e/noto3demoji/latest/1f4df/512.png,512,512,129297,7f2d8e95d2cc55165bf302580710c16fb78fdb3257c74f37dd7e97c9c6032067
📠,Fax Machine,Objects,1f4e0,Objects/fax-machine__1f4e0.png,https://fonts.gstatic.com/s/e/noto3demoji/latest/1f4e0/512.png,512,512,165202,60131fc56e67320cb61c09f2e89e2af238fe28f7c2678edf5b51bfaac477b134
🔋,Battery Full,Objects,1f50b,Objects/battery-full__1f50b.png,https://fonts.gstatic.com/s/e/noto3demoji/latest/1f50b/512.png,512,512,135371,fdfde1f82f1d178f2b8cd0f10a490972393a96871f19b01ddee01dd8489f3519
🪫,Battery Low,Objects,1faab,Objects/battery-low__1faab.png,https://fonts.gstatic.com/s/e/noto3demoji/latest/1faab/512.png,512,512,130277,59713ede823dba3337cb0cb7c9519ce663106e6810a0531577828556bb4ac198
🔌,Electric Plug,Objects,1f50c,Objects/electric-plug__1f50c.png,https://fonts.gstatic.com/s/e/noto3demoji/latest/1f50c/512.png,512,512,119614,2e7117081a4a87fdb7588f6033ef9dc2a5c1a599c3b2fd940bdc3248da7ce7cb
💻,Laptop Computer,Objects,1f4bb,Objects/laptop-computer__1f4bb.png,https://fonts.gstatic.com/s/e/noto3demoji/latest/1f4bb/512.png,512,512,175541,5c24e162c4c8d22bd0573fdca61ae0aea12bf47f73d0321ff554aa2556cbeb8c
🖥,Desktop Computer,Objects,1f5a5,Objects/desktop-computer__1f5a5.png,https://fonts.gstatic.com/s/e/noto3demoji/latest/1f5a5/512.png,512,512,178840,3296f8dd751496f043a73a4769b18255760b48c18b13a3396034929873c0ba18
🖨,Printer,Objects,1f5a8,Objects/printer__1f5a8.png,https://fonts.gstatic.com/s/e/noto3demoji/latest/1f5a8/512.png,512,512,195265,444d3674ce12e6604ca7d5ce5f9bce47d9153f180190718f470e3d8b2b86b9e8
⌨,Keyboard,Objects,2328,Objects/keyboard__2328.png,https://fonts.gstatic.com/s/e/noto3demoji/latest/2328/512.png,512,512,119683,eeb5165eb5a729f8cdf20acbb3951f44949b5d8d8f6eb80113418797a7165c7a
🖱,Computer Mouse,Objects,1f5b1,Objects/computer-mouse__1f5b1.png,https://fonts.gstatic.com/s/e/noto3demoji/latest/1f5b1/512.png,512,512,137279,76f77ad6edfe615d350b8319bef36b89353a68170835ee36d57ae6fd38b02572
🖲,Trackball,Objects,1f5b2,Objects/trackball__1f5b2.png,https://fonts.gstatic.com/s/e/noto3demoji/latest/1f5b2/512.png,512,512,220735,76a99a091521dd093552feb790e1ca3498c5064ab3b55e25004edc9f0718445e
💽,Computer Disk,Objects,1f4bd,Objects/computer-disk__1f4bd.png,https://fonts.gstatic.com/s/e/noto3demoji/latest/1f4bd/512.png,512,512,244468,8da28999db5fa5b0ac70ce40ae57a654f22cc5b10979511546be5e4fc86f6d11
💾,Floppy Disk,Objects,1f4be,Objects/floppy-disk__1f4be.png,https://fonts.gstatic.com/s/e/noto3demoji/latest/1f4be/512.png,512,512,176525,cffb7de228277738b50a644df12d207fbaa47638ab470e221282a61399e5f467
💿,Optical Disk,Objects,1f4bf,Objects/optical-disk__1f4bf.png,https://fonts.gstatic.com/s/e/noto3demoji/latest/1f4bf/512.png,512,512,175941,9ccd58db638b5ac666dd1edca046d1b601da79047ee5ffd95d35d4271de0ad99
📀,Dvd,Objects,1f4c0,Objects/dvd__1f4c0.png,https://fonts.gstatic.com/s/e/noto3demoji/latest/1f4c0/512.png,512,512,183329,d3dc555d449d679822d34bf2b4881b52e532bd31313ef86996d32f8cd63b5e2b
🧮,Abacus,Objects,1f9ee,Objects/abacus__1f9ee.png,https://fonts.gstatic.com/s/e/noto3demoji/latest/1f9ee/512.png,512,512,211234,81bf15ba2a30b6cea70f90221594b5f5602b174ec8bae3c2a3097f96e99b0330
🎥,Movie Camera,Objects,1f3a5,Objects/movie-camera__1f3a5.png,https://fonts.gstatic.com/s/e/noto3demoji/latest/1f3a5/512.png,512,512,151083,947348e38cc5696f82bcf2b7e024c8b731e9bf0ec57226e575d829bbe30874fc
🎞,Film,Objects,1f39e,Objects/film__1f39e.png,https://fonts.gstatic.com/s/e/noto3demoji/latest/1f39e/512.png,512,512,152175,008d0204f7f73ff26f4e6535399738cbbfbfd87bb8e3ad555f70a2514a7ec858
📽,Film Projector,Objects,1f4fd,Objects/film-projector__1f4fd.png,https://fonts.gstatic.com/s/e/noto3demoji/latest/1f4fd/512.png,512,512,157979,383612cccfda7c8c9a6bc86c9b4a0eddd24c588dafd5413e6519658b6dbc728e
🎬,Clapper,Objects,1f3ac,Objects/clapper__1f3ac.png,https://fonts.gstatic.com/s/e/noto3demoji/latest/1f3ac/512.png,512,512,189233,71361e3250d0d078fc397cbcf2e3c7027f3157923a4850dd4948099af0197579
📺,Television,Objects,1f4fa,Objects/television__1f4fa.png,https://fonts.gstatic.com/s/e/noto3demoji/latest/1f4fa/512.png,512,512,230932,fbeda252564f6607f4eb2ea2abcdd0fdb0a4325be46ac74df5b1ddfd4f8e796d
📷,Camera,Objects,1f4f7,Objects/camera__1f4f7.png,https://fonts.gstatic.com/s/e/noto3demoji/latest/1f4f7/512.png,512,512,228197,bf36af07aff89cfe4b8f2e11c92228e525226ae40045191ce53001121d4b45a2
📸,Camera Flash,Objects,1f4f8,Objects/camera-flash__1f4f8.png,https://fonts.gstatic.com/s/e/noto3demoji/latest/1f4f8/512.png,512,512,248809,e26013fab746d473bfa2a337b74511176d64b89056dbe51976b2824b7caaf558
📹,Video Camera,Objects,1f4f9,Objects/video-camera__1f4f9.png,https://fonts.gstatic.com/s/e/noto3demoji/latest/1f4f9/512.png,512,512,145005,793c07824b66fc8b60eaf227acbc3a70234a906ff5be9a045515b26821bd2478
📼,Videocassette,Objects,1f4fc,Objects/videocassette__1f4fc.png,https://fonts.gstatic.com/s/e/noto3demoji/latest/1f4fc/512.png,512,512,133915,818c0b756acf5adc03ca829d45a5fef9a2714c627ec09418ca8d1acfc936815f
🔍,Magnifying Glass Tilted Left,Objects,1f50d,Objects/magnifying-glass-tilted-left__1f50d.png,https://fonts.gstatic.com/s/e/noto3demoji/latest/1f50d/512.png,512,512,131822,6660e6b250a4c83eb7cfd8800e9d790ef9e8b43e6efdec399d6712648fc4d482
🔎,Magnifying Glass Tilted Right,Objects,1f50e,Objects/magnifying-glass-tilted-right__1f50e.png,https://fonts.gstatic.com/s/e/noto3demoji/latest/1f50e/512.png,512,512,133905,1bfe015596e31c777491ffec9de8ce0e05d0d0cfdb26055a8837c4bf9d42f38a
🕯,Candle,Objects,1f56f,Objects/candle__1f56f.png,https://fonts.gstatic.com/s/e/noto3demoji/latest/1f56f/512.png,512,512,68858,c4bbeee469604ee3555d48bb13a249959fded07fde9d32d926f5aab0ca0e3eff
💡,Light Bulb,Objects,1f4a1,Objects/light-bulb__1f4a1.png,https://fonts.gstatic.com/s/e/noto3demoji/latest/1f4a1/512.png,512,512,95184,8c7093dff4608cbca534cf54c023c75b3d370617db5fdc5cbf32dbe777987094
🔦,Flashlight,Objects,1f526,Objects/flashlight__1f526.png,https://fonts.gstatic.com/s/e/noto3demoji/latest/1f526/512.png,512,512,110757,aaf21a77d7438cd9a68bfa4de6e81db3bfe55fce5a58ff220a0bbe2160031955
🏮,Red Paper Lantern,Objects,1f3ee,Objects/red-paper-lantern__1f3ee.png,https://fonts.gstatic.com/s/e/noto3demoji/latest/1f3ee/512.png,512,512,104151,fcacbe8372d9a200e929a9e6bf80b6a7242da78e9bfce890c1ac582a30b9a05f
🪔,Diya Lamp,Objects,1fa94,Objects/diya-lamp__1fa94.png,https://fonts.gstatic.com/s/e/noto3demoji/latest/1fa94/512.png,512,512,139987,8661b62bf3d1d97ca4116029511fec52117f7fb693411da249c81ef82dcf816b
📔,Notebook With Decorative Cover,Objects,1f4d4,Objects/notebook-with-decorative-cover__1f4d4.png,https://fonts.gstatic.com/s/e/noto3demoji/latest/1f4d4/512.png,512,512,191032,395accc87684dae7103b9bef9c5a5f58005bc35a9c3edec7c19ca18eea32dda9
📕,Closed Book,Objects,1f4d5,Objects/closed-book__1f4d5.png,https://fonts.gstatic.com/s/e/noto3demoji/latest/1f4d5/512.png,512,512,168829,c489e1590e8f4760b38a3d8063ac167b03dbe85a24348c8ab3db972f1b5d473e
📖,Open Book,Objects,1f4d6,Objects/open-book__1f4d6.png,https://fonts.gstatic.com/s/e/noto3demoji/latest/1f4d6/512.png,512,512,144372,1a7ac8d8beb9fb50ecd84d5633750a5cc1ee893b4cd5ad0995603e83eb8e44d3
📗,Green Book,Objects,1f4d7,Objects/green-book__1f4d7.png,https://fonts.gstatic.com/s/e/noto3demoji/latest/1f4d7/512.png,512,512,185017,8e203f5a272aa41aa591fc040a44b7d282dfa928270a60ecdd96d1933df047e3
📘,Blue Book,Objects,1f4d8,Objects/blue-book__1f4d8.png,https://fonts.gstatic.com/s/e/noto3demoji/latest/1f4d8/512.png,512,512,186684,080b24c0d28b2efe4510db376f1cf961237de172a6d0c9d5788f19cb6151ab0a
📙,Orange Book,Objects,1f4d9,Objects/orange-book__1f4d9.png,https://fonts.gstatic.com/s/e/noto3demoji/latest/1f4d9/512.png,512,512,166560,a3f48ec413e768bbebc060498e3013612efac1b92a95fc2907d4b3659aa4f441
📚,Books,Objects,1f4da,Objects/books__1f4da.png,https://fonts.gstatic.com/s/e/noto3demoji/latest/1f4da/512.png,512,512,191500,3e7111271a2a58cea56c93d86c142dbc86ecc2bd828d6895f68fcf55ba8da81d
📓,Notebook,Objects,1f4d3,Objects/notebook__1f4d3.png,https://fonts.gstatic.com/s/e/noto3demoji/latest/1f4d3/512.png,512,512,221729,745af54192503a1e76d70eeb165885aa138edde10cdb7048cf4736cabe24df8d
📒,Ledger,Objects,1f4d2,Objects/ledger__1f4d2.png,https://fonts.gstatic.com/s/e/noto3demoji/latest/1f4d2/512.png,512,512,149458,981e4cec2527152e75ff61354f00b7be66f74c5d85474841aea8b874d04e5db1
📃,Page With Curl,Objects,1f4c3,Objects/page-with-curl__1f4c3.png,https://fonts.gstatic.com/s/e/noto3demoji/latest/1f4c3/512.png,512,512,79725,f4db794f2e9fedca72aecb7a6aac36ac5bcf076ccc57f9b283eb6b0c4a880c13
📜,Scroll,Objects,1f4dc,Objects/scroll__1f4dc.png,https://fonts.gstatic.com/s/e/noto3demoji/latest/1f4dc/512.png,512,512,136030,a8dc8081ccf8721daf19f787a25e57974021df6db3ce09d11757d0f10fc3701d
📄,Page Facing Up,Objects,1f4c4,Objects/page-facing-up__1f4c4.png,https://fonts.gstatic.com/s/e/noto3demoji/latest/1f4c4/512.png,512,512,69315,44f96bd62812d771b55abafa5bd270482c47698a5160a3cfd46617cf03a728eb
📰,Newspaper,Objects,1f4f0,Objects/newspaper__1f4f0.png,https://fonts.gstatic.com/s/e/noto3demoji/latest/1f4f0/512.png,512,512,191973,dfd135d5fec8ed2f88214b843c78ddc1a91a96f0c942171407d0114739f3d4e4
🗞,Rolled Up Newspaper,Objects,1f5de,Objects/rolled-up-newspaper__1f5de.png,https://fonts.gstatic.com/s/e/noto3demoji/latest/1f5de/512.png,512,512,156096,833862f02dcb5018969ca97c2c445a6a81f459a0f161875401bdeb9be7ce2e7a
📑,Bookmark Tabs,Objects,1f4d1,Objects/bookmark-tabs__1f4d1.png,https://fonts.gstatic.com/s/e/noto3demoji/latest/1f4d1/512.png,512,512,81130,e4ce57f6b1c95c0dd81a9979b82fb024d07213f9ed8fd6e1b9a5c417c8d2eeec
🔖,Bookmark,Objects,1f516,Objects/bookmark__1f516.png,https://fonts.gstatic.com/s/e/noto3demoji/latest/1f516/512.png,512,512,109784,358fe46b0a241e9c5d672c11dfbcdbe810ea0f420f2ddf78f2f5018a5bb728cf
🏷,Label,Objects,1f3f7,Objects/label__1f3f7.png,https://fonts.gstatic.com/s/e/noto3demoji/latest/1f3f7/512.png,512,512,114694,9542445ea29e42818acb4a0c598d94d537ed866e73ce1457eeee5bc65fc69a1d
🪙,Coin,Objects,1fa99,Objects/coin__1fa99.png,https://fonts.gstatic.com/s/e/noto3demoji/latest/1fa99/512.png,512,512,174850,45bbaaae9396c63db82d5af058f082187c8e317d158dcb4fc0079446c24f9d49
💰,Money Bag,Objects,1f4b0,Objects/money-bag__1f4b0.png,https://fonts.gstatic.com/s/e/noto3demoji/latest/1f4b0/512.png,512,512,247381,5289b913ea2eb4fe3fb1169b843828f18a62a215f3d3ce0a736118085130ed9a
🪎,Treasure,Objects,1fa8e,Objects/treasure__1fa8e.png,https://fonts.gstatic.com/s/e/noto3demoji/latest/1fa8e/512.png,512,512,188907,778214ba31440939c49a94149598b6995a41944fc8fcfefe84acca4a64bc1ee9
💴,Yen,Objects,1f4b4,Objects/yen__1f4b4.png,https://fonts.gstatic.com/s/e/noto3demoji/latest/1f4b4/512.png,512,512,177252,d5a5acf7211f2c0ca9b0fdb4f7a380f241b39c7741c6f4223c6fdbf8eda372ed
💵,Dollar,Objects,1f4b5,Objects/dollar__1f4b5.png,https://fonts.gstatic.com/s/e/noto3demoji/latest/1f4b5/512.png,512,512,135912,cd0ea7a915266b29b490a9140e1b474fadd1af58fa2255ef24838b2159de194a
💶,Euro,Objects,1f4b6,Objects/euro__1f4b6.png,https://fonts.gstatic.com/s/e/noto3demoji/latest/1f4b6/512.png,512,512,175528,129d7f2279a2ee69c0754f60c946d036a073c4fce4711b5ea418c3471e3b4db4
💷,Pound,Objects,1f4b7,Objects/pound__1f4b7.png,https://fonts.gstatic.com/s/e/noto3demoji/latest/1f4b7/512.png,512,512,171972,a3bebf0b3cdb3bf7c79cad192afd419f1199ac55cdaaca2f8b6092d2946b18ad
💸,Money With Wings,Objects,1f4b8,Objects/money-with-wings__1f4b8.png,https://fonts.gstatic.com/s/e/noto3demoji/latest/1f4b8/512.png,512,512,172779,2ee0a83af124f8ae3f7cd2e7ec1f66a953126c63f45de683642f97045ce9807e
💳,Credit Card,Objects,1f4b3,Objects/credit-card__1f4b3.png,https://fonts.gstatic.com/s/e/noto3demoji/latest/1f4b3/512.png,512,512,109461,8d3735bb28ddc573f0802b0a78f241c3b347a280d21da376f5632bf08565ce1b
🧾,Receipt,Objects,1f9fe,Objects/receipt__1f9fe.png,https://fonts.gstatic.com/s/e/noto3demoji/latest/1f9fe/512.png,512,512,84889,21e32be78961bc135fbdb6f1e0d6342d2d43e8a7ec5749d84661d45a4087843d
💹,Chart Increasing With Yen,Objects,1f4b9,Objects/chart-increasing-with-yen__1f4b9.png,https://fonts.gstatic.com/s/e/noto3demoji/latest/1f4b9/512.png,512,512,159647,4f29af76ce3d72a836a0200ce3aae624cbfc8a0804ed3f50ea27400cf7e79252
✉,Envelope,Objects,2709,Objects/envelope__2709.png,https://fonts.gstatic.com/s/e/noto3demoji/latest/2709/512.png,512,512,67959,ee85f7d25f1338c198a29d1fe09d7c449475285983cbbd4efb17b7ad0bde57ff
📧,E Mail,Objects,1f4e7,Objects/e-mail__1f4e7.png,https://fonts.gstatic.com/s/e/noto3demoji/latest/1f4e7/512.png,512,512,80603,cdcb1d354157e24c06052bed3063f9ab70add2e64f7d99e0845d5ddb75a38c0f
📨,Incoming Envelope,Objects,1f4e8,Objects/incoming-envelope__1f4e8.png,https://fonts.gstatic.com/s/e/noto3demoji/latest/1f4e8/512.png,512,512,56045,ed4ae3702114dacf6f9de51200add98bf4ab78c9e4026cb533b1e493334a23b3
📩,Envelope With Arrow,Objects,1f4e9,Objects/envelope-with-arrow__1f4e9.png,https://fonts.gstatic.com/s/e/noto3demoji/latest/1f4e9/512.png,512,512,78898,98619ec1c139ffee8b8f31f3ff7d7036e53184ea6ef00b79749b45532ccfd161
📤,Outbox Tray,Objects,1f4e4,Objects/outbox-tray__1f4e4.png,https://fonts.gstatic.com/s/e/noto3demoji/latest/1f4e4/512.png,512,512,123290,4ffd77e9c8ba357e1ade79f684ab1ff158ea8ef028aa6ac90764b19b4406e6ae
📥,Inbox Tray,Objects,1f4e5,Objects/inbox-tray__1f4e5.png,https://fonts.gstatic.com/s/e/noto3demoji/latest/1f4e5/512.png,512,512,124137,6263baacd9e502213f3e44b1d97f12dde3b7aeac17b1509f03746fb3c267ff79
📦,Package,Objects,1f4e6,Objects/package__1f4e6.png,https://fonts.gstatic.com/s/e/noto3demoji/latest/1f4e6/512.png,512,512,228782,572d6ad8699b1b77496272acc96658b150321564d36db43921d2b14e7921fbf1
📫,Closed Mailbox With Raised,Objects,1f4eb,Objects/closed-mailbox-with-raised__1f4eb.png,https://fonts.gstatic.com/s/e/noto3demoji/latest/1f4eb/512.png,512,512,95483,9c7fa64b956467672cbf02ba9d68d3998ed0c926d909b15b8a53f1d32f2ae6db
📪,Closed Mailbox With Lowered,Objects,1f4ea,Objects/closed-mailbox-with-lowered__1f4ea.png,https://fonts.gstatic.com/s/e/noto3demoji/latest/1f4ea/512.png,512,512,89293,feb0c9611b23395cbf9b0437655307d7a052a5c0dd1b1f4e8e7651a8bc1f9bd3
📬,Open Mailbox With Raised,Objects,1f4ec,Objects/open-mailbox-with-raised__1f4ec.png,https://fonts.gstatic.com/s/e/noto3demoji/latest/1f4ec/512.png,512,512,109433,fbb2452ab316af8faef4cdf132061b2f1c32f8b9e621b5af3090c653f2e15b13
📭,Open Mailbox With Lowered,Objects,1f4ed,Objects/open-mailbox-with-lowered__1f4ed.png,https://fonts.gstatic.com/s/e/noto3demoji/latest/1f4ed/512.png,512,512,96910,5cc60afd626c8a73d7299784d56bec48612c2e616fa4a53e8b2297e4557d349a
📮,Postbox,Objects,1f4ee,Objects/postbox__1f4ee.png,https://fonts.gstatic.com/s/e/noto3demoji/latest/1f4ee/512.png,512,512,110834,0eece78a0cbd74ec821ab750aad5954bd39401cfaf3984ad3378673649f42614
🗳,Ballot Box,Objects,1f5f3,Objects/ballot-box__1f5f3.png,https://fonts.gstatic.com/s/e/noto3demoji/latest/1f5f3/512.png,512,512,124773,b8dc706b51c644db81a4a27478503d1a6ab5274deb896a0196e094675624c4d6
✏,Pencil,Objects,270f,Objects/pencil__270f.png,https://fonts.gstatic.com/s/e/noto3demoji/latest/270f/512.png,512,512,107395,df4072b969cd66508f6a1aec41581588f342742f6ec699a1ac99520d8a12565f
✒,Black Nib,Objects,2712,Objects/black-nib__2712.png,https://fonts.gstatic.com/s/e/noto3demoji/latest/2712/512.png,512,512,113188,0f84bd96b39219d7dfcc81005922d2cae7ae0b059494f1ebb64ebdb446c5f922
🖋,Fountain Pen,Objects,1f58b,Objects/fountain-pen__1f58b.png,https://fonts.gstatic.com/s/e/noto3demoji/latest/1f58b/512.png,512,512,98711,56b3d5e6a14c5a8a0c15670b22e3f6107c6b984a534c13106f6a78ff1f6d4b87
🖊,Pen,Objects,1f58a,Objects/pen__1f58a.png,https://fonts.gstatic.com/s/e/noto3demoji/latest/1f58a/512.png,512,512,82369,1085f599a37ed1b687fc1bbd3a9d522343bf00783f7dd6f3d733841197298b4a
🖌,Paintbrush,Objects,1f58c,Objects/paintbrush__1f58c.png,https://fonts.gstatic.com/s/e/noto3demoji/latest/1f58c/512.png,512,512,80718,933e655d3a3c3bb2c5221bc8867879cf4d96174231f92a355517bd1280c4831f
🖍,Crayon,Objects,1f58d,Objects/crayon__1f58d.png,https://fonts.gstatic.com/s/e/noto3demoji/latest/1f58d/512.png,512,512,95932,aad2480790bd76f75ba65fef118a1d4d5f69b0951445c15f9c8a0e49df238af3
📝,Memo,Objects,1f4dd,Objects/memo__1f4dd.png,https://fonts.gstatic.com/s/e/noto3demoji/latest/1f4dd/512.png,512,512,150825,6fa24b5b9d4f1d5fa89d45a0324a87220c0092b3eec6e15bcff9bad912d2bccb
💼,Briefcase,Objects,1f4bc,Objects/briefcase__1f4bc.png,https://fonts.gstatic.com/s/e/noto3demoji/latest/1f4bc/512.png,512,512,131075,47c2789211de6561129c034a01a421a31f42572082608b914397c29a8fe94f6b
📁,File Folder,Objects,1f4c1,Objects/file-folder__1f4c1.png,https://fonts.gstatic.com/s/e/noto3demoji/latest/1f4c1/512.png,512,512,103693,761aef92aff4ac20c60e13ed4f974b004052bfddecd95f1eee6293f4fbe180c0
📂,Open File Folder,Objects,1f4c2,Objects/open-file-folder__1f4c2.png,https://fonts.gstatic.com/s/e/noto3demoji/latest/1f4c2/512.png,512,512,102675,431d72a84e2e0d5845ca7b8a9f54b68ab1a452639b0bd65dbb151ee7bf98c94b
🗂,Card Index Dividers,Objects,1f5c2,Objects/card-index-dividers__1f5c2.png,https://fonts.gstatic.com/s/e/noto3demoji/latest/1f5c2/512.png,512,512,135645,b88d8d7d6193c6f2a948bef0a1bd03d39f9d38da724b1235873aef60916c9dd1
📅,Calendar,Objects,1f4c5,Objects/calendar__1f4c5.png,https://fonts.gstatic.com/s/e/noto3demoji/latest/1f4c5/512.png,512,512,162428,3950c0d1e4162d65a39da7766ae2e23dcc1cf0c00081abe891651f319667e99b
📆,Tear Off Calendar,Objects,1f4c6,Objects/tear-off-calendar__1f4c6.png,https://fonts.gstatic.com/s/e/noto3demoji/latest/1f4c6/512.png,512,512,176075,b06b90d77e6ea8c64f57ca73c3a43032ac78cf4c61ac77dbf79435982ed6fa74
🗒,Spiral Notepad,Objects,1f5d2,Objects/spiral-notepad__1f5d2.png,https://fonts.gstatic.com/s/e/noto3demoji/latest/1f5d2/512.png,512,512,111770,55d0b7ea3e5ba0346cf4c5598de266a7f7f460d9c2e5c272e7e20c99d0c87b4d
🗓,Spiral Calendar,Objects,1f5d3,Objects/spiral-calendar__1f5d3.png,https://fonts.gstatic.com/s/e/noto3demoji/latest/1f5d3/512.png,512,512,191100,934ad7cc2616eb4580fad511065cb9377efc2a58d59a5b0e7ce71615b964d3ae
📇,Card Index,Objects,1f4c7,Objects/card-index__1f4c7.png,https://fonts.gstatic.com/s/e/noto3demoji/latest/1f4c7/512.png,512,512,158969,23c65bc02efaed8be486b76c5bfd8920c7f4c3e637febce0b2fbaeea78a140b2
📈,Chart Increasing,Objects,1f4c8,Objects/chart-increasing__1f4c8.png,https://fonts.gstatic.com/s/e/noto3demoji/latest/1f4c8/512.png,512,512,184415,2e6940aa4784888e8cc2d75829376d2cc365c8a73378081b01872a2311d5cf25
📉,Chart Decreasing,Objects,1f4c9,Objects/chart-decreasing__1f4c9.png,https://fonts.gstatic.com/s/e/noto3demoji/latest/1f4c9/512.png,512,512,171137,3b93016dbce81e69edd0b4a290cffda439c6aea0cc04a16c626cfa62a4929797
📊,Bar Chart,Objects,1f4ca,Objects/bar-chart__1f4ca.png,https://fonts.gstatic.com/s/e/noto3demoji/latest/1f4ca/512.png,512,512,162383,ae11c2b5bff75f312f8b5cdb93b0b0ca1066b10c30cb88849a2977cfec60ca51
📋,Clipboard,Objects,1f4cb,Objects/clipboard__1f4cb.png,https://fonts.gstatic.com/s/e/noto3demoji/latest/1f4cb/512.png,512,512,118420,6dc06dc1e6a943d4d90666cf8644e1148bad2e94e09705357d83b2042d688c8e
📌,Pushpin,Objects,1f4cc,Objects/pushpin__1f4cc.png,https://fonts.gstatic.com/s/e/noto3demoji/latest/1f4cc/512.png,512,512,123255,ffe89a57e0598c4375cd5079b961d422690aa0347647bf98c5404d95bafe1187
📍,Round Pushpin,Objects,1f4cd,Objects/round-pushpin__1f4cd.png,https://fonts.gstatic.com/s/e/noto3demoji/latest/1f4cd/512.png,512,512,76828,a3406d8d993df75c6a882fa40ad5635c9a1483003cde390895de85083d5b3c59
📎,Paperclip,Objects,1f4ce,Objects/paperclip__1f4ce.png,https://fonts.gstatic.com/s/e/noto3demoji/latest/1f4ce/512.png,512,512,123802,1082172fec0a36f5339e68a33c28ff714beda5c511e2c834039c44ae0ad6463c
🖇,Linked Paperclips,Objects,1f587,Objects/linked-paperclips__1f587.png,https://fonts.gstatic.com/s/e/noto3demoji/latest/1f587/512.png,512,512,152258,50765974f4e9655ea68b92b002902786e1916771f6d8dd935ada6793c3dfcb75
📏,Straight Ruler,Objects,1f4cf,Objects/straight-ruler__1f4cf.png,https://fonts.gstatic.com/s/e/noto3demoji/latest/1f4cf/512.png,512,512,106303,b1cb98a39ca03fa9b9101bdf9259284284b895958eddb6ba2ab3f53084363556
📐,Triangular Ruler,Objects,1f4d0,Objects/triangular-ruler__1f4d0.png,https://fonts.gstatic.com/s/e/noto3demoji/latest/1f4d0/512.png,512,512,137551,04a30eba6cc9c1335585fcfc4ecfc84275ea62feb68a0ccc62e0063163411490
✂,Scissors,Objects,2702,Objects/scissors__2702.png,https://fonts.gstatic.com/s/e/noto3demoji/latest/2702/512.png,512,512,91677,0bea6c37f94076f84090eeed289d40b7a9470bdcde285c79a98b6996875c5075
🗃,Card File Box,Objects,1f5c3,Objects/card-file-box__1f5c3.png,https://fonts.gstatic.com/s/e/noto3demoji/latest/1f5c3/512.png,512,512,145740,bbe755ae4ef88c63cd8994222821e929b9f761c59023e88618b6c789ebb8907f
🗄,File Cabinet,Objects,1f5c4,Objects/file-cabinet__1f5c4.png,https://fonts.gstatic.com/s/e/noto3demoji/latest/1f5c4/512.png,512,512,184424,d93e9054e35a82dad3bff66565e8c7c094b1a56b15e9ff8bba510648617dd2e1
🗑,Wastebasket,Objects,1f5d1,Objects/wastebasket__1f5d1.png,https://fonts.gstatic.com/s/e/noto3demoji/latest/1f5d1/512.png,512,512,232556,e940eae4388151aed0a6c9b41781a3e12048111f8c940b88b9792aa4527fba5b
🔒,Locked,Objects,1f512,Objects/locked__1f512.png,https://fonts.gstatic.com/s/e/noto3demoji/latest/1f512/512.png,512,512,98488,59b65d337c707eb0209474769c3d1dcbce5493ea0b92b677a7b346e8abaeb269
🔓,Unlocked,Objects,1f513,Objects/unlocked__1f513.png,https://fonts.gstatic.com/s/e/noto3demoji/latest/1f513/512.png,512,512,98549,2e9edb68a82f928a1d0248dd752bb39ee7333f4bc6d4aae6ce3bf94401341bd7
🔏,Lock With Pen,Objects,1f50f,Objects/lock-with-pen__1f50f.png,https://fonts.gstatic.com/s/e/noto3demoji/latest/1f50f/512.png,512,512,156343,3e72c968e4c7183d361298e70dee83e557989ec9722c75ad6dd576d280205592
🔐,Lock With Key,Objects,1f510,Objects/lock-with-key__1f510.png,https://fonts.gstatic.com/s/e/noto3demoji/latest/1f510/512.png,512,512,135907,c2701c96d56df2797a34679819f741f20d056306793d8a80699a46847cff6be3
🔑,Key,Objects,1f511,Objects/key__1f511.png,https://fonts.gstatic.com/s/e/noto3demoji/latest/1f511/512.png,512,512,152586,3390024ce379e483fbf9a9bbed863bfbf96a78bff3171ed33fb323b78cbdc8f7
🗝,Old Key,Objects,1f5dd,Objects/old-key__1f5dd.png,https://fonts.gstatic.com/s/e/noto3demoji/latest/1f5dd/512.png,512,512,98315,651f8337167dfdf9e84cb3282bf20488cfd5a43b4098c0c480ebf98a832f8d0b
🔨,Hammer,Objects,1f528,Objects/hammer__1f528.png,https://fonts.gstatic.com/s/e/noto3demoji/latest/1f528/512.png,512,512,104788,2137c81da278db2e36eca74dc958c95fa5c9523e98ae877b127aa72f370f2794
🪓,Axe,Objects,1fa93,Objects/axe__1fa93.png,https://fonts.gstatic.com/s/e/noto3demoji/latest/1fa93/512.png,512,512,103335,0075de8b8373c2f4b260ef15d2e04a6543789c7d26249ae4a6bb188994356112
⛏,Pick,Objects,26cf,Objects/pick__26cf.png,https://fonts.gstatic.com/s/e/noto3demoji/latest/26cf/512.png,512,512,111565,e0f5dc703acd14f569a52d940f7c0c3143ebe98cb82a9ff301b23ce124109715
⚒,Hammer And Pick,Objects,2692,Objects/hammer-and-pick__2692.png,https://fonts.gstatic.com/s/e/noto3demoji/latest/2692/512.png,512,512,165124,233ea8a10aba569154b278eefb720acd70d5b2be71bf8dac5b586a261164272f
🛠,Hammer And Wrench,Objects,1f6e0,Objects/hammer-and-wrench__1f6e0.png,https://fonts.gstatic.com/s/e/noto3demoji/latest/1f6e0/512.png,512,512,169843,59ad5db17436fd3c10fcb09d6bdff767e09a3c573ce2abbd8d3e2ac70d98bd0c
🗡,Dagger,Objects,1f5e1,Objects/dagger__1f5e1.png,https://fonts.gstatic.com/s/e/noto3demoji/latest/1f5e1/512.png,512,512,116027,5a99d28e2df7fc645bfca039beec0eda9a1ee4d5239713831cdf09d70417ed07
⚔,Crossed Swords,Objects,2694,Objects/crossed-swords__2694.png,https://fonts.gstatic.com/s/e/noto3demoji/latest/2694/512.png,512,512,129777,a5ac198ab52aa3c173c669fcaae337dca2036ff5416b4729e249f66f74651bd3
💣,Bomb,Objects,1f4a3,Objects/bomb__1f4a3.png,https://fonts.gstatic.com/s/e/noto3demoji/latest/1f4a3/512.png,512,512,150733,8e1e58f8854a2d438a250ac52eba927ac20df4e13a95a74150185edc545e3714
🪃,Boomerang,Objects,1fa83,Objects/boomerang__1fa83.png,https://fonts.gstatic.com/s/e/noto3demoji/latest/1fa83/512.png,512,512,125153,5cc4e4682ba6f5d601c36f1310ef070c830d4fd38046c920f860796fa2028adc
🏹,Bow And Arrow,Objects,1f3f9,Objects/bow-and-arrow__1f3f9.png,https://fonts.gstatic.com/s/e/noto3demoji/latest/1f3f9/512.png,512,512,118421,808e2c19d4a1ce6b89dbe13b8adb7d47a1637adab61ac5fbc06337cb6bdf6f96
🛡,Shield,Objects,1f6e1,Objects/shield__1f6e1.png,https://fonts.gstatic.com/s/e/noto3demoji/latest/1f6e1/512.png,512,512,185771,339ba81bf44d3a8e30c5934912436511e1d86fb47da7b699df60651b67fc96b7
🪚,Saw,Objects,1fa9a,Objects/saw__1fa9a.png,https://fonts.gstatic.com/s/e/noto3demoji/latest/1fa9a/512.png,512,512,140524,cf6ea2b9514e3109c44701cf03aabf6571b60161c48c7a7051f213afd5d4d143
🔧,Wrench,Objects,1f527,Objects/wrench__1f527.png,https://fonts.gstatic.com/s/e/noto3demoji/latest/1f527/512.png,512,512,88262,e6407e422db452ac3401c540d0593881ac27ae87b5e3ea7d5dc112a81c54de8e
🪛,Screwdriver,Objects,1fa9b,Objects/screwdriver__1fa9b.png,https://fonts.gstatic.com/s/e/noto3demoji/latest/1fa9b/512.png,512,512,94342,72889601959f6fcb9693677dcfba9e89b5e922b497ffc5c7b8b6f57bd8479643
🔩,Nut And Bolt,Objects,1f529,Objects/nut-and-bolt__1f529.png,https://fonts.gstatic.com/s/e/noto3demoji/latest/1f529/512.png,512,512,182769,0b8aefe90aea209ed8f3cfb9b8fd2fa69fa9e3942b2118e9f9b43e1bc7f01da0
⚙,Gear,Objects,2699,Objects/gear__2699.png,https://fonts.gstatic.com/s/e/noto3demoji/latest/2699/512.png,512,512,174742,8ec472a9ea3fe05741b072b3a7af1a0d81e8834a3bd2648f6b0c4bce5509bed8
🗜,Clamp,Objects,1f5dc,Objects/clamp__1f5dc.png,https://fonts.gstatic.com/s/e/noto3demoji/latest/1f5dc/512.png,512,512,131271,9b3af76026a7ddd46feb9c2fe0f27afb3419206fdcb8976660594570f1a26082
⚖,Balance Scale,Objects,2696,Objects/balance-scale__2696.png,https://fonts.gstatic.com/s/e/noto3demoji/latest/2696/512.png,512,512,117769,750bb1bb7c67af5a899e224c842a605d9a995e067ce6de8a4f49d9ea2b525867
🦯,Probing Cane,Objects,1f9af,Objects/probing-cane__1f9af.png,https://fonts.gstatic.com/s/e/noto3demoji/latest/1f9af/512.png,512,512,65844,97f5df37fe451f0973dbc039f985837e531a5200e36df369e40f295c4fe568d2
🔗,Link,Objects,1f517,Objects/link__1f517.png,https://fonts.gstatic.com/s/e/noto3demoji/latest/1f517/512.png,512,512,154501,e55dd302c17383d231ad2cae756c3a652ffa47efbafccd30c87006d90710b825
⛓‍💥,Broken Chain,Objects,26d3_200d_1f4a5,Objects/broken-chain__26d3_200d_1f4a5.png,https://fonts.gstatic.com/s/e/noto3demoji/latest/26d3_200d_1f4a5/512.png,512,512,142058,84c753d9ec5852f1658f01735c40f09406d3acad22948ad4b91417eae2e42188
⛓,Chains,Objects,26d3,Objects/chains__26d3.png,https://fonts.gstatic.com/s/e/noto3demoji/latest/26d3/512.png,512,512,168410,06b74ed53dfbccd599e759ce40047293296a9d9896814e6ea7e5ff5aba5fd5be
🪝,Hook,Objects,1fa9d,Objects/hook__1fa9d.png,https://fonts.gstatic.com/s/e/noto3demoji/latest/1fa9d/512.png,512,512,101298,ef35e32d2c81e52d8b787f4ff9bbe666ef41e8577704f1ac6179b08191f59c05
🧰,Toolbox,Objects,1f9f0,Objects/toolbox__1f9f0.png,https://fonts.gstatic.com/s/e/noto3demoji/latest/1f9f0/512.png,512,512,129979,f54b7a7f012b17f16f470a91223b2965ae2b5165fe066ceb190050968b75a1bd
🧲,Magnet,Objects,1f9f2,Objects/magnet__1f9f2.png,https://fonts.gstatic.com/s/e/noto3demoji/latest/1f9f2/512.png,512,512,134142,f7577d4c56b2617b9ee17cecdaec22e223ff0586449a7db09fe5f1f37351129f
🪜,Ladder,Objects,1fa9c,Objects/ladder__1fa9c.png,https://fonts.gstatic.com/s/e/noto3demoji/latest/1fa9c/512.png,512,512,89161,a2f57f67d78c1137a4dfd9eb00f3dfc2852e3072985f38e91ff8fef9133cd444
🪏,Shovel,Objects,1fa8f,Objects/shovel__1fa8f.png,https://fonts.gstatic.com/s/e/noto3demoji/latest/1fa8f/512.png,512,512,108890,74e59084f8ab4324383bc498045ca7c95abe201b782295292978b0785e2475f1
⚗,Alembic,Objects,2697,Objects/alembic__2697.png,https://fonts.gstatic.com/s/e/noto3demoji/latest/2697/512.png,512,512,152162,8ae4ad529c71e7b4d15d484d679bfff88a9313a19fc548a114617f021a15e565
🧪,Test Tube,Objects,1f9ea,Objects/test-tube__1f9ea.png,https://fonts.gstatic.com/s/e/noto3demoji/latest/1f9ea/512.png,512,512,125701,d30125528719262b0a1b5f51408bb678d52e5a459fc5bb1a5f403ba7ae055971
🧫,Petri Dish,Objects,1f9eb,Objects/petri-dish__1f9eb.png,https://fonts.gstatic.com/s/e/noto3demoji/latest/1f9eb/512.png,512,512,194206,9d9118ed4c12c4f6b4f6bb500a2e195d8379e4a0ca6a32111e7f994306a0776c
🧬,Dna,Objects,1f9ec,Objects/dna__1f9ec.png,https://fonts.gstatic.com/s/e/noto3demoji/latest/1f9ec/512.png,512,512,185875,c67f58d823d1ef58ff48638745f389e623ad235c6eccb9b861660b5240fb682b
🔬,Microscope,Objects,1f52c,Objects/microscope__1f52c.png,https://fonts.gstatic.com/s/e/noto3demoji/latest/1f52c/512.png,512,512,141412,276286f745b97bb559ee8db4713f1d577f166b407cc98434fddf9cf02a3d3093
🔭,Telescope,Objects,1f52d,Objects/telescope__1f52d.png,https://fonts.gstatic.com/s/e/noto3demoji/latest/1f52d/512.png,512,512,101413,32bcad81896effb8cb16c5d9d585efc24368af36385b86f2f18174ff79073dfb
📡,Satellite Antenna,Objects,1f4e1,Objects/satellite-antenna__1f4e1.png,https://fonts.gstatic.com/s/e/noto3demoji/latest/1f4e1/512.png,512,512,192614,0ff0a3fc2c318d3271c6eccbdc9565b745ffadc4d97bdcbb7c9d722784c444dd
💉,Syringe,Objects,1f489,Objects/syringe__1f489.png,https://fonts.gstatic.com/s/e/noto3demoji/latest/1f489/512.png,512,512,105569,e8e221c054202719e4f544d5759bbf2b4638077752791a7b8740c162e13d7ac7
🩸,Blood,Objects,1fa78,Objects/blood__1fa78.png,https://fonts.gstatic.com/s/e/noto3demoji/latest/1fa78/512.png,512,512,102587,1b633ad1dc6eb73c9eb7bc9aa6d5725216218629ae22b18da61bee8320fd2f33
💊,Pill,Objects,1f48a,Objects/pill__1f48a.png,https://fonts.gstatic.com/s/e/noto3demoji/latest/1f48a/512.png,512,512,139096,38caed57aef6835bfc5bd1542e5dc00963bbeca795f1c0f52f8e7a877fa54944
🩹,Adhesive Bandage,Objects,1fa79,Objects/adhesive-bandage__1fa79.png,https://fonts.gstatic.com/s/e/noto3demoji/latest/1fa79/512.png,512,512,140231,36c270ceb33ca49d0bd188c30522903a3fb91b02593b8dccd6544dcbc14adb2e
🩼,Crutch,Objects,1fa7c,Objects/crutch__1fa7c.png,https://fonts.gstatic.com/s/e/noto3demoji/latest/1fa7c/512.png,512,512,82092,80e769be5315ff08a7575aef65a64f4789eba5e943683345b83d7ef9b0bc4383
🩺,Stethoscope,Objects,1fa7a,Objects/stethoscope__1fa7a.png,https://fonts.gstatic.com/s/e/noto3demoji/latest/1fa7a/512.png,512,512,131920,30f0e12c377661ece99bb5a6d1b9cc0101bbebe5a813c0459ddee9b32bdd51fa
🩻,X Ray,Objects,1fa7b,Objects/x-ray__1fa7b.png,https://fonts.gstatic.com/s/e/noto3demoji/latest/1fa7b/512.png,512,512,249389,f9df1df395ec9bcf48f8478faaaad18a1dc13f7108dbb44222b8c8521df7aab9
🚪,Door,Objects,1f6aa,Objects/door__1f6aa.png,https://fonts.gstatic.com/s/e/noto3demoji/latest/1f6aa/512.png,512,512,124293,92e6af318b2b6be566ba92cf39b4c341d80297f5f556b516502b2b569a0eb8a0
🛗,Elevator,Objects,1f6d7,Objects/elevator__1f6d7.png,https://fonts.gstatic.com/s/e/noto3demoji/latest/1f6d7/512.png,512,512,156738,bc548d84a0d59244c68e15826f60aefcc0d1d57a1ac6e3011046cf11e9118eab
🪞,Mirror,Objects,1fa9e,Objects/mirror__1fa9e.png,https://fonts.gstatic.com/s/e/noto3demoji/latest/1fa9e/512.png,512,512,134024,e2551f6305893be7055ac11696f9d626f24b0ad9fdbc67b3385e1bdb8e6e9774
🪟,Window,Objects,1fa9f,Objects/window__1fa9f.png,https://fonts.gstatic.com/s/e/noto3demoji/latest/1fa9f/512.png,512,512,176039,cebc57ac11afb7625ddec71a8be7756a3613a01c2a91cce94bd6967ebb6152e9
🛏,Bed,Objects,1f6cf,Objects/bed__1f6cf.png,https://fonts.gstatic.com/s/e/noto3demoji/latest/1f6cf/512.png,512,512,93184,9b1f672c32c1ba9e9c1eb51ee011dd353bdacf77bcb447eba8f57aadd47d3512
🛋,Couch And Lamp,Objects,1f6cb,Objects/couch-and-lamp__1f6cb.png,https://fonts.gstatic.com/s/e/noto3demoji/latest/1f6cb/512.png,512,512,158344,2cccf406ec2613817968606f30f978923734bcc99f897d4b40bfa8e16365d66a
🪑,Chair,Objects,1fa91,Objects/chair__1fa91.png,https://fonts.gstatic.com/s/e/noto3demoji/latest/1fa91/512.png,512,512,82318,998bc51a35cb3e2eac3fa7ae6d33b75cf5d54bc153eacc6a978bce4de1c94e68
🚽,Toilet,Objects,1f6bd,Objects/toilet__1f6bd.png,https://fonts.gstatic.com/s/e/noto3demoji/latest/1f6bd/512.png,512,512,85789,2fd952d6dd6a9b2e9e6039ab01754bd11dbaf8d142fab6bde5dc59af5ee92f54
🪠,Plunger,Objects,1faa0,Objects/plunger__1faa0.png,https://fonts.gstatic.com/s/e/noto3demoji/latest/1faa0/512.png,512,512,99397,e24ff2d6c56026ab7bb5a922a21d2d1ea8e66994201413cf58798c97db264b37
🚿,Shower,Objects,1f6bf,Objects/shower__1f6bf.png,https://fonts.gstatic.com/s/e/noto3demoji/latest/1f6bf/512.png,512,512,153544,eb15f849717c96dcbd0263d170326bfd36521b3bb4f6876663292ac756940643
🛁,Bathtub,Objects,1f6c1,Objects/bathtub__1f6c1.png,https://fonts.gstatic.com/s/e/noto3demoji/latest/1f6c1/512.png,512,512,131396,2dbe6d386dfdace83a5c56015a7b79d3e0eb34c04be5a2b41277428c14831806
🪤,Mouse Trap,Objects,1faa4,Objects/mouse-trap__1faa4.png,https://fonts.gstatic.com/s/e/noto3demoji/latest/1faa4/512.png,512,512,205102,b5a2364de5c9834833487b6fd69c9d5ed1a4042e5b3196025b7ffc8a4a77f12b
🪒,Razor,Objects,1fa92,Objects/razor__1fa92.png,https://fonts.gstatic.com/s/e/noto3demoji/latest/1fa92/512.png,512,512,100135,8d8b8df75164872700bfad4276f77a37a50cfa7a0722ee162cbe4902905fdf10
🧴,Lotion Bottle,Objects,1f9f4,Objects/lotion-bottle__1f9f4.png,https://fonts.gstatic.com/s/e/noto3demoji/latest/1f9f4/512.png,512,512,100537,b4e0308142d10c868105643acdb540b7ca9ae4a04b25bfb7653f9b540adfaef9
🧷,Safety Pin,Objects,1f9f7,Objects/safety-pin__1f9f7.png,https://fonts.gstatic.com/s/e/noto3demoji/latest/1f9f7/512.png,512,512,116861,e819e7f07f9962b384186ad47a48884f59da636298d0d69a72eddcbeb0ef3857
🧹,Broom,Objects,1f9f9,Objects/broom__1f9f9.png,https://fonts.gstatic.com/s/e/noto3demoji/latest/1f9f9/512.png,512,512,109346,0f39d8c770a1b940906930600ca834e0a2ac74471e66dcf1c42f9e21e74c8072
🧺,Basket,Objects,1f9fa,Objects/basket__1f9fa.png,https://fonts.gstatic.com/s/e/noto3demoji/latest/1f9fa/512.png,512,512,237834,cb82470ddf74af189a3b0247493245cf80dc5621c603516276dc08a9e5ec3835
🧻,Roll Of Paper,Objects,1f9fb,Objects/roll-of-paper__1f9fb.png,https://fonts.gstatic.com/s/e/noto3demoji/latest/1f9fb/512.png,512,512,186199,b6e70ccbeac6932faeb2c6bd074fdb35ce7d75b7afedde875142aeac5a7afd35
🪣,Bucket,Objects,1faa3,Objects/bucket__1faa3.png,https://fonts.gstatic.com/s/e/noto3demoji/latest/1faa3/512.png,512,512,177917,d322a42a4a75e8023b2ae9b4f0b4f6eb219ad216b495d4b7fe99e71b74bca8ee
🧼,Soap,Objects,1f9fc,Objects/soap__1f9fc.png,https://fonts.gstatic.com/s/e/noto3demoji/latest/1f9fc/512.png,512,512,166017,2cde2dd9a4fab0c56168a79a1a76bb9183d8877e226987f960357e23d3f7312d
🫧,Bubbles,Objects,1fae7,Objects/bubbles__1fae7.png,https://fonts.gstatic.com/s/e/noto3demoji/latest/1fae7/512.png,512,512,190461,140ca6b1c8da8717fc0826af9b39b05212afa9814e4dffbbbfdef1f879f11aaa
🪥,Toothbrush,Objects,1faa5,Objects/toothbrush__1faa5.png,https://fonts.gstatic.com/s/e/noto3demoji/latest/1faa5/512.png,512,512,75457,571e7df69542f4d1def3fbc1a9f4a66f8ff4fb2bb274d8b1563efd62cf97a2d8
🧽,Sponge,Objects,1f9fd,Objects/sponge__1f9fd.png,https://fonts.gstatic.com/s/e/noto3demoji/latest/1f9fd/512.png,512,512,160347,026fabc2df9fcc456f3a673341e8d5aecdf46c08ea2a30d8550bf8034b72f8b3
🧯,Fire Extinguisher,Objects,1f9ef,Objects/fire-extinguisher__1f9ef.png,https://fonts.gstatic.com/s/e/noto3demoji/latest/1f9ef/512.png,512,512,91445,8d25cba5aafd5d80a5d2131ae2a200e03f240768bcddacb5bf4e6fbd89070106
🛒,Shopping Cart,Objects,1f6d2,Objects/shopping-cart__1f6d2.png,https://fonts.gstatic.com/s/e/noto3demoji/latest/1f6d2/512.png,512,512,129934,7d7f61aa3d7c51c2092ec92364c3b84b81d3c1c157afde8a37ec8f1189b8b0b6
🚬,Cigarette,Objects,1f6ac,Objects/cigarette__1f6ac.png,https://fonts.gstatic.com/s/e/noto3demoji/latest/1f6ac/512.png,512,512,134399,51bfd7d5759bf79fb45d411df393243d7ef882c0f8838a0d480e329b39fad64f
⚰,Coffin,Objects,26b0,Objects/coffin__26b0.png,https://fonts.gstatic.com/s/e/noto3demoji/latest/26b0/512.png,512,512,163921,1b59c6a7d6f46ab140fd8d83a48f186444ce0715c649691f9b46b4480509cf8a
🪦,Headstone,Objects,1faa6,Objects/headstone__1faa6.png,https://fonts.gstatic.com/s/e/noto3demoji/latest/1faa6/512.png,512,512,224151,29b007b5079f8f2110637ec95920dd7339f8ed24eb56855018225fef677b0389
⚱,Urn,Objects,26b1,Objects/urn__26b1.png,https://fonts.gstatic.com/s/e/noto3demoji/latest/26b1/512.png,512,512,100937,b84acfbe09e4c9ac31771eff5317f6cb2a35bf3ae7314a5467da578b1c037cd3
🧿,Evil Eye,Objects,1f9ff,Objects/evil-eye__1f9ff.png,https://fonts.gstatic.com/s/e/noto3demoji/latest/1f9ff/512.png,512,512,178676,599ab14552292cbd6fe09acd5c65246963b18dd30096ee3523b9743d0e158985
🪬,Hamsa,Objects,1faac,Objects/hamsa__1faac.png,https://fonts.gstatic.com/s/e/noto3demoji/latest/1faac/512.png,512,512,130657,1e7ff29487edabde6b710ac76bce50fac73d76d000c1eef322db3a705ff0b776
🗿,Moai,Objects,1f5ff,Objects/moai__1f5ff.png,https://fonts.gstatic.com/s/e/noto3demoji/latest/1f5ff/512.png,512,512,161655,3e185e4f919a8908c32383ff5dc5f8cc0325c0cd5a239627a2c082b90c79ef62
🪧,Placard,Objects,1faa7,Objects/placard__1faa7.png,https://fonts.gstatic.com/s/e/noto3demoji/latest/1faa7/512.png,512,512,95308,e5222991dc084692aab6cfd17c496c1ac9f16a653989fc241f778e26fab70f43
🪪,Id,Objects,1faaa,Objects/id__1faaa.png,https://fonts.gstatic.com/s/e/noto3demoji/latest/1faaa/512.png,512,512,120899,9ce19fd1bdc5788f09f96e91ff752e19b0da5367642c1c98da3553ee1dc5d18c
💌,Love Letter,Symbols,1f48c,Symbols/love-letter__1f48c.png,https://fonts.gstatic.com/s/e/noto3demoji/latest/1f48c/512.png,512,512,87998,e9c9e24a2e35091d215a4e06ac1a4e87bdcb328d415d9c61be6b4e950384fae2
💘,Cupid,Symbols,1f498,Symbols/cupid__1f498.png,https://fonts.gstatic.com/s/e/noto3demoji/latest/1f498/512.png,512,512,126023,4dd86eaf9e58422c2b94ab4b13113fc20a617953c53cdd42e6259d42ab79e9bc
💝,Gift Heart,Symbols,1f49d,Symbols/gift-heart__1f49d.png,https://fonts.gstatic.com/s/e/noto3demoji/latest/1f49d/512.png,512,512,134670,d8b64e3266624ac8005d2907aeef36c8be092f49f448382309ee5b74a61c10b8
💖,Sparkling Heart,Symbols,1f496,Symbols/sparkling-heart__1f496.png,https://fonts.gstatic.com/s/e/noto3demoji/latest/1f496/512.png,512,512,137102,9b130f137b7ccfa2a363c4ef942e4a0d0c28c04f060396a4fea39e21b9bcceec
💗,Heart Grow,Symbols,1f497,Symbols/heart-grow__1f497.png,https://fonts.gstatic.com/s/e/noto3demoji/latest/1f497/512.png,512,512,168131,a51a501a10f31d63f73c9a1536559451ebabe65cd28fe1a8fe7084683552b997
💓,Beating Heart,Symbols,1f493,Symbols/beating-heart__1f493.png,https://fonts.gstatic.com/s/e/noto3demoji/latest/1f493/512.png,512,512,129680,d7a4eb5a0b6ec1dd853c5101cd0355602ef5e31e86291fbe617b14cfe025944f
💞,Revolving Hearts,Symbols,1f49e,Symbols/revolving-hearts__1f49e.png,https://fonts.gstatic.com/s/e/noto3demoji/latest/1f49e/512.png,512,512,137962,ccb092d7a846e626918fad357788152762cc650bce7c7fe9fb11cac1ac57eb80
💕,Two Hearts,Symbols,1f495,Symbols/two-hearts__1f495.png,https://fonts.gstatic.com/s/e/noto3demoji/latest/1f495/512.png,512,512,136394,a4db481332fb436aa3c31f762cb28e11caf985e302f0aaa5c2c09eb366cf021b
💟,Heart Box,Symbols,1f49f,Symbols/heart-box__1f49f.png,https://fonts.gstatic.com/s/e/noto3demoji/latest/1f49f/512.png,512,512,132284,e7c2f7d9262f6b870281fd3aefbd43931d59a71ee36a407762287f9a5b561eb3
❣,Heart Exclamation Point,Symbols,2763,Symbols/heart-exclamation-point__2763.png,https://fonts.gstatic.com/s/e/noto3demoji/latest/2763/512.png,512,512,76018,ec4b1189125d1858fde11c527fc07229799685f48bb1801610e756cd7b2e78e5
💔,Broken Heart,Symbols,1f494,Symbols/broken-heart__1f494.png,https://fonts.gstatic.com/s/e/noto3demoji/latest/1f494/512.png,512,512,109405,75995fa4a4e9689779ffe50202baee965a5db1a7aebc2a1469b5a535ae3b1943
❤‍🔥,Fire Heart,Symbols,2764_200d_1f525,Symbols/fire-heart__2764_200d_1f525.png,https://fonts.gstatic.com/s/e/noto3demoji/latest/2764_200d_1f525/512.png,512,512,118035,111007ca25c293b7bd7c60adae7a3d423225a83200d38a5e16c8a7bc29271ac5
❤‍🩹,Bandaged Heart,Symbols,2764_200d_1fa79,Symbols/bandaged-heart__2764_200d_1fa79.png,https://fonts.gstatic.com/s/e/noto3demoji/latest/2764_200d_1fa79/512.png,512,512,146412,2270673a820bd1a2933f558745bd88a9165a01c89ada6732a69efb3283ea004c
❤,Red Heart,Symbols,2764,Symbols/red-heart__2764.png,https://fonts.gstatic.com/s/e/noto3demoji/latest/2764/512.png,512,512,95483,5e678148f8b5bfdf1f4ff07397af9ae89ae63342f6e74745575478da326578a2
🩷,Pink Heart,Symbols,1fa77,Symbols/pink-heart__1fa77.png,https://fonts.gstatic.com/s/e/noto3demoji/latest/1fa77/512.png,512,512,109484,c430a156998f71d6cbf30b16da2c7fa3cbdf5105efeea3c54ea4de7fc3039a6b
🧡,Orange Heart,Symbols,1f9e1,Symbols/orange-heart__1f9e1.png,https://fonts.gstatic.com/s/e/noto3demoji/latest/1f9e1/512.png,512,512,79299,913a023c48fcb7c97444eb14a83abf91db1e5cabf8dd982c13a8d3e53f85a2a6
💛,Yellow Heart,Symbols,1f49b,Symbols/yellow-heart__1f49b.png,https://fonts.gstatic.com/s/e/noto3demoji/latest/1f49b/512.png,512,512,88391,3b31d96d52a33c4e9f64980fcfea80aeb01c351de5eba005006bf9812c7640bb
💚,Green Heart,Symbols,1f49a,Symbols/green-heart__1f49a.png,https://fonts.gstatic.com/s/e/noto3demoji/latest/1f49a/512.png,512,512,105565,8556bf52ea159d57947ae64d1364723f7c5439ab0ae3890271f98678c67a897d
💙,Blue Heart,Symbols,1f499,Symbols/blue-heart__1f499.png,https://fonts.gstatic.com/s/e/noto3demoji/latest/1f499/512.png,512,512,111686,bc0909be5eef94284113cf4ac856677bb6340e62c685d9c50b586d24d81df4f2
🩵,Light Blue Heart,Symbols,1fa75,Symbols/light-blue-heart__1fa75.png,https://fonts.gstatic.com/s/e/noto3demoji/latest/1fa75/512.png,512,512,112243,604d5d303178af484f876fdf3d1c3d02eb152e8eb7dfec4ef7dcc1c06679ac53
💜,Purple Heart,Symbols,1f49c,Symbols/purple-heart__1f49c.png,https://fonts.gstatic.com/s/e/noto3demoji/latest/1f49c/512.png,512,512,108141,c336fa805ec7ef873edf1da094c6e17907846de14b81441b59b000767cfef01d
🤎,Brown Heart,Symbols,1f90e,Symbols/brown-heart__1f90e.png,https://fonts.gstatic.com/s/e/noto3demoji/latest/1f90e/512.png,512,512,111873,5931abd81b3abc27fe6397abc14b8772c53c72e93298598d345512efed05f80a
🖤,Black Heart,Symbols,1f5a4,Symbols/black-heart__1f5a4.png,https://fonts.gstatic.com/s/e/noto3demoji/latest/1f5a4/512.png,512,512,106290,82a1aa66406fa9ca85cf2fa51e77057f132f63d44d15fa5bf73ce963c0d70606
🩶,Grey Heart,Symbols,1fa76,Symbols/grey-heart__1fa76.png,https://fonts.gstatic.com/s/e/noto3demoji/latest/1fa76/512.png,512,512,109142,49587a74e70d8fd55e60742431599ca3af031045517a78c9e497027b899ab179
🤍,White Heart,Symbols,1f90d,Symbols/white-heart__1f90d.png,https://fonts.gstatic.com/s/e/noto3demoji/latest/1f90d/512.png,512,512,109796,78d1e4f732ceebee3a4bfa2beedcfba0e3d8904f899575a7be805101bbf621c8
💯,100,Symbols,1f4af,Symbols/100__1f4af.png,https://fonts.gstatic.com/s/e/noto3demoji/latest/1f4af/512.png,512,512,164063,ba476adc73f34ab2ef8872390fe1f268b658f91a3b34813ca116c9affb4e0b38
🏧,Atm,Symbols,1f3e7,Symbols/atm__1f3e7.png,https://fonts.gstatic.com/s/e/noto3demoji/latest/1f3e7/512.png,512,512,149479,95abe187001330ac1411b5e1009017307effc58d2b1c87fd88fad3aeb2c6d912
🚮,Litter,Symbols,1f6ae,Symbols/litter__1f6ae.png,https://fonts.gstatic.com/s/e/noto3demoji/latest/1f6ae/512.png,512,512,159633,904d5bea7af411fd3fa1197224ab3d62b3e5f2f6f47a4c6c0d7711edbb753f6e
🚰,Water Faucet,Symbols,1f6b0,Symbols/water-faucet__1f6b0.png,https://fonts.gstatic.com/s/e/noto3demoji/latest/1f6b0/512.png,512,512,116250,941aaf41ce310f42ae96921003cf0e72a71f8c1a8951c5a392bbdc07b9e6578d
♿,Wheelchair Symbol,Symbols,267f,Symbols/wheelchair-symbol__267f.png,https://fonts.gstatic.com/s/e/noto3demoji/latest/267f/512.png,512,512,155950,4358065ecdbeffecd49b37e91f9e05015e2362d07eeb4642e4a437679bf9906a
🚹,Mens Room,Symbols,1f6b9,Symbols/mens-room__1f6b9.png,https://fonts.gstatic.com/s/e/noto3demoji/latest/1f6b9/512.png,512,512,146196,1cccf26ac2490797c4e9ebfa0a38305f1e1be92b62d94a7de9a7b9ccb84c26be
🚺,Womens Room,Symbols,1f6ba,Symbols/womens-room__1f6ba.png,https://fonts.gstatic.com/s/e/noto3demoji/latest/1f6ba/512.png,512,512,146878,8519d706d0f748deeb5a95fdc62e198bc12f30b3195c7c2de935ac25e2c5db50
🚻,Restroom,Symbols,1f6bb,Symbols/restroom__1f6bb.png,https://fonts.gstatic.com/s/e/noto3demoji/latest/1f6bb/512.png,512,512,148231,182f3c6b3eb9ff3a49f0ed972a4b487f0f46c35cbd5719f8c30bbd5ca08c8cda
🚼,Baby Symbol,Symbols,1f6bc,Symbols/baby-symbol__1f6bc.png,https://fonts.gstatic.com/s/e/noto3demoji/latest/1f6bc/512.png,512,512,156115,9704e5c336cf9aa32df356fdc60cc359d08d4f103cc22608ed2b1f990664c81e
🚾,Water Closet,Symbols,1f6be,Symbols/water-closet__1f6be.png,https://fonts.gstatic.com/s/e/noto3demoji/latest/1f6be/512.png,512,512,151818,a13589818b9f2db1b391579cb606bc023c74582d3a3c9d518c99f17d64566c59
🛂,Passport Control,Symbols,1f6c2,Symbols/passport-control__1f6c2.png,https://fonts.gstatic.com/s/e/noto3demoji/latest/1f6c2/512.png,512,512,152255,a75a675c2e114e13ae059dbb7a50535204b1e3942ca6827ae318a04182bc23d8
🛃,Customs,Symbols,1f6c3,Symbols/customs__1f6c3.png,https://fonts.gstatic.com/s/e/noto3demoji/latest/1f6c3/512.png,512,512,151861,971f2cd5cb1fc20fb67cae0673f2f598603b8eb87be0f41c16b3fb9af21037f2
🛄,Baggage Claim,Symbols,1f6c4,Symbols/baggage-claim__1f6c4.png,https://fonts.gstatic.com/s/e/noto3demoji/latest/1f6c4/512.png,512,512,132513,79a55453399035a31615d29604bd21bba7a043559f37d4780fb0b3bbba7739a5
🛅,Left Luggage,Symbols,1f6c5,Symbols/left-luggage__1f6c5.png,https://fonts.gstatic.com/s/e/noto3demoji/latest/1f6c5/512.png,512,512,145123,f07d32eda76273325812464520a975e2edd47a52935990224bd77180bb773539
⚠,Warning,Symbols,26a0,Symbols/warning__26a0.png,https://fonts.gstatic.com/s/e/noto3demoji/latest/26a0/512.png,512,512,95956,1ba1374e19d29d825a5c55571828eb90ec26e6fd68c4c4f823153bb66d7a0988
🚸,Children Crossing,Symbols,1f6b8,Symbols/children-crossing__1f6b8.png,https://fonts.gstatic.com/s/e/noto3demoji/latest/1f6b8/512.png,512,512,99670,6496ad14886798c48d24b64dddfb6537437b0a42dc2ab08752da1d6020fa99dd
⛔,No Entry,Symbols,26d4,Symbols/no-entry__26d4.png,https://fonts.gstatic.com/s/e/noto3demoji/latest/26d4/512.png,512,512,117409,1faba152049c3223aa495811126d3ea48e3c29e06b831b09c53efda98ebccb2d
🚫,Prohibited,Symbols,1f6ab,Symbols/prohibited__1f6ab.png,https://fonts.gstatic.com/s/e/noto3demoji/latest/1f6ab/512.png,512,512,143992,2c3ae466848027f677ffedf3fbcc6eae274c641b5b89210f0635431fb3b2687f
🚳,No Bicycles,Symbols,1f6b3,Symbols/no-bicycles__1f6b3.png,https://fonts.gstatic.com/s/e/noto3demoji/latest/1f6b3/512.png,512,512,246967,7b48258f9446cb43f00ac2330d1fb86d3bedbd0f1e2f8117382a2a35d02cc75e
🚭,No Smoking,Symbols,1f6ad,Symbols/no-smoking__1f6ad.png,https://fonts.gstatic.com/s/e/noto3demoji/latest/1f6ad/512.png,512,512,229653,98c12b3e9a02d20354778b9735da351e3ebc30d4baebb64abd479f9948702aa9
🚯,No Littering,Symbols,1f6af,Symbols/no-littering__1f6af.png,https://fonts.gstatic.com/s/e/noto3demoji/latest/1f6af/512.png,512,512,236437,b2bfec3ddf29f4b38ff3636b70d1d70160aa81b11235d024b512cc6eda768bea
🚱,Non Potable Water,Symbols,1f6b1,Symbols/non-potable-water__1f6b1.png,https://fonts.gstatic.com/s/e/noto3demoji/latest/1f6b1/512.png,512,512,230352,fc4029634e74a1cfadb88600bfb939b95c34b02249e8c83be86497872b5066aa
🚷,No Pedestrians,Symbols,1f6b7,Symbols/no-pedestrians__1f6b7.png,https://fonts.gstatic.com/s/e/noto3demoji/latest/1f6b7/512.png,512,512,235836,f53986bb6ac5a3ed9908df7f6af25e0f3784e0f7286e78f91f36f8cf9fd777fc
📵,No Mobile Phones,Symbols,1f4f5,Symbols/no-mobile-phones__1f4f5.png,https://fonts.gstatic.com/s/e/noto3demoji/latest/1f4f5/512.png,512,512,234413,8dfe5837e6817e74f644bfbc9135cfc7713c2e1a00c9171618af82d2e3298679
🔞,No Under Eighteen,Symbols,1f51e,Symbols/no-under-eighteen__1f51e.png,https://fonts.gstatic.com/s/e/noto3demoji/latest/1f51e/512.png,512,512,228541,aacad98772a3a04541229920cda90870e93b808bcf0e5eb4eb0e7f7d94543574
☢,Radioactive,Symbols,2622,Symbols/radioactive__2622.png,https://fonts.gstatic.com/s/e/noto3demoji/latest/2622/512.png,512,512,122602,0664ad7c741073442b3e7dc698d87253520c4c0362d92ff355221060f64f9ce2
☣,Biohazard,Symbols,2623,Symbols/biohazard__2623.png,https://fonts.gstatic.com/s/e/noto3demoji/latest/2623/512.png,512,512,133630,ab9ca85710733280c5797165468f7a85188317fdf0c5b0614328307dc1ca9df4
⬆,Up Arrow,Symbols,2b06,Symbols/up-arrow__2b06.png,https://fonts.gstatic.com/s/e/noto3demoji/latest/2b06/512.png,512,512,133848,3594622de0b791a3318f9f8f7a5283dbadc63bf2ae611c6e581d4184d4acd6a6
↗,Up Right Arrow,Symbols,2197,Symbols/up-right-arrow__2197.png,https://fonts.gstatic.com/s/e/noto3demoji/latest/2197/512.png,512,512,137861,ded7f31a2d66922b642ca9cbb94a4edd16588b4411701c53b0dc75b30a3337bb
➡,Right Arrow,Symbols,27a1,Symbols/right-arrow__27a1.png,https://fonts.gstatic.com/s/e/noto3demoji/latest/27a1/512.png,512,512,133709,0828f43ec97990d6c270cdd8f353d65966b071e3498aff7d719d87f12b5d0ef0
↘,Down Right Arrow,Symbols,2198,Symbols/down-right-arrow__2198.png,https://fonts.gstatic.com/s/e/noto3demoji/latest/2198/512.png,512,512,140820,940218d07ceaa9e242603b8c3e85e11bf27e47854926e8485d834d2a4ed0d352
⬇,Down Arrow,Symbols,2b07,Symbols/down-arrow__2b07.png,https://fonts.gstatic.com/s/e/noto3demoji/latest/2b07/512.png,512,512,133194,0d45ce243ff82dcdcefae90b2a56e73cae09f631d58524c6a5ee76477507e50c
↙,Down Left Arrow,Symbols,2199,Symbols/down-left-arrow__2199.png,https://fonts.gstatic.com/s/e/noto3demoji/latest/2199/512.png,512,512,139529,e8166b842ba7ed9db64cec1590b61d19e9cb7d9582b1106e715be5f7fac42992
⬅,Left Arrow,Symbols,2b05,Symbols/left-arrow__2b05.png,https://fonts.gstatic.com/s/e/noto3demoji/latest/2b05/512.png,512,512,133176,d22f70b399158dd55b3f726896180f4bf1369805945976039c12861344b08ec9
↖,Up Left Arrow,Symbols,2196,Symbols/up-left-arrow__2196.png,https://fonts.gstatic.com/s/e/noto3demoji/latest/2196/512.png,512,512,139376,d19ba1c3aa030538db99af81035934689e34b34487b405da2023ffb2625169d9
↕,Up Down Arrow,Symbols,2195,Symbols/up-down-arrow__2195.png,https://fonts.gstatic.com/s/e/noto3demoji/latest/2195/512.png,512,512,137437,90968f4fcdb898a16ea9b0b35802360f3d8a1e329b828ac9d8594cf6cb480937
↔,Left Right Arrow,Symbols,2194,Symbols/left-right-arrow__2194.png,https://fonts.gstatic.com/s/e/noto3demoji/latest/2194/512.png,512,512,135304,2acbe4ee62d63c5a09587afce72d625f59ff1a1c09f8ff88ec59a0c9190bee04
↩,Right Arrow Curving Left,Symbols,21a9,Symbols/right-arrow-curving-left__21a9.png,https://fonts.gstatic.com/s/e/noto3demoji/latest/21a9/512.png,512,512,133193,d246ca6a63bbdc3f283a0a96cef820c4f2c95712b8f25fc78198a65b522a4713
↪,Left Arrow Curving Right,Symbols,21aa,Symbols/left-arrow-curving-right__21aa.png,https://fonts.gstatic.com/s/e/noto3demoji/latest/21aa/512.png,512,512,133437,3e351a82139dec0729857897e10d7e5e98f2488b8b012ea16f78f9912cfc6dbb
⤴,Right Arrow Curving Up,Symbols,2934,Symbols/right-arrow-curving-up__2934.png,https://fonts.gstatic.com/s/e/noto3demoji/latest/2934/512.png,512,512,135742,c456477404f96faa36d40333f0571e9b1d848af2ab53888c8505651fb11ae9af
⤵,Right Arrow Curving Down,Symbols,2935,Symbols/right-arrow-curving-down__2935.png,https://fonts.gstatic.com/s/e/noto3demoji/latest/2935/512.png,512,512,135180,9519e715047b869a4c65ba02476f060ee3be0d741096f997a5be227de8f9553b
🔃,Clockwise Arrows,Symbols,1f503,Symbols/clockwise-arrows__1f503.png,https://fonts.gstatic.com/s/e/noto3demoji/latest/1f503/512.png,512,512,142058,fd801b9de4a0b2b49b683d224f20b5f1c7966bdca576bd469d2b09da44432411
🔄,Counterclockwise Arrows,Symbols,1f504,Symbols/counterclockwise-arrows__1f504.png,https://fonts.gstatic.com/s/e/noto3demoji/latest/1f504/512.png,512,512,147028,89a7f2ee8447967a9a4e4815f244af433243078b1e31288a1b279b2ba618a01e
🔙,Back,Symbols,1f519,Symbols/back__1f519.png,https://fonts.gstatic.com/s/e/noto3demoji/latest/1f519/512.png,512,512,147242,aa32999f64dd2579fb60658ee8da00539bd733ba1ecf4316bbc9026fe6075de2
🔚,End,Symbols,1f51a,Symbols/end__1f51a.png,https://fonts.gstatic.com/s/e/noto3demoji/latest/1f51a/512.png,512,512,139092,4041c623915c344fbc12a285529106edb01f99e7967afb2d37b7816977283a5d
🔛,On,Symbols,1f51b,Symbols/on__1f51b.png,https://fonts.gstatic.com/s/e/noto3demoji/latest/1f51b/512.png,512,512,141319,00093d452b28c6a506c497046fb78ec471137b9ab3e68a0b48c8cd4b22611f6c
🔜,Soon,Symbols,1f51c,Symbols/soon__1f51c.png,https://fonts.gstatic.com/s/e/noto3demoji/latest/1f51c/512.png,512,512,148500,f64b22ff10aa48383a60468cb86e4cd321d48070e967eb9fd120678f14a0837e
🔝,Top,Symbols,1f51d,Symbols/top__1f51d.png,https://fonts.gstatic.com/s/e/noto3demoji/latest/1f51d/512.png,512,512,144631,f13082e2ce1594fb98677af4b673dfb1183c7491c626a73e96bfbc4a4f561233
🛐,Place Of Worship,Symbols,1f6d0,Symbols/place-of-worship__1f6d0.png,https://fonts.gstatic.com/s/e/noto3demoji/latest/1f6d0/512.png,512,512,168461,d087fa882e8d76a8da91172c9ba42e0d54ecbef4c73bf164c44e450690acd9a9
⚛,Atom Symbol,Symbols,269b,Symbols/atom-symbol__269b.png,https://fonts.gstatic.com/s/e/noto3demoji/latest/269b/512.png,512,512,180870,5dcead197cf9d134c05aadc2d5fcbcc4609122e3137e507be467bf2f4a9ab624
🕉,Om,Symbols,1f549,Symbols/om__1f549.png,https://fonts.gstatic.com/s/e/noto3demoji/latest/1f549/512.png,512,512,176089,01301dad748a5732838893426807984fa2fc9dbc3008ac289a4023393b81def2
✡,Star Of David,Symbols,2721,Symbols/star-of-david__2721.png,https://fonts.gstatic.com/s/e/noto3demoji/latest/2721/512.png,512,512,166019,9aecd83ffa767c69a58568a2dde181a98958ee717ac7edd14c91c8f713e9b9f7
☸,Wheel Of Dharma,Symbols,2638,Symbols/wheel-of-dharma__2638.png,https://fonts.gstatic.com/s/e/noto3demoji/latest/2638/512.png,512,512,185039,395722dbda429809c9ed119f8a1e723243889b90d72d893cc9a67a1c3392fbe0
☯,Yin Yang,Symbols,262f,Symbols/yin-yang__262f.png,https://fonts.gstatic.com/s/e/noto3demoji/latest/262f/512.png,512,512,152577,21c2578cd4522ce00c4ae37c9468b4a5facf1c7dec8c891a152cea64a4086683
✝,Latin Cross,Symbols,271d,Symbols/latin-cross__271d.png,https://fonts.gstatic.com/s/e/noto3demoji/latest/271d/512.png,512,512,144815,0150c73414512cde7554f2883dff4b146929e04d08bb3abef6e43b038e2c8dbd
☦,Orthodox Cross,Symbols,2626,Symbols/orthodox-cross__2626.png,https://fonts.gstatic.com/s/e/noto3demoji/latest/2626/512.png,512,512,150824,272796a0423f4f061f76371a9c990541928767aa740a25603adcf1392228618b
☪,Star And Crescent,Symbols,262a,Symbols/star-and-crescent__262a.png,https://fonts.gstatic.com/s/e/noto3demoji/latest/262a/512.png,512,512,164332,b24ddeb528cc6c15e661c378e474b202132c56b3ee433b9aded2e60d294c2b65
☮,Peace Symbol,Symbols,262e,Symbols/peace-symbol__262e.png,https://fonts.gstatic.com/s/e/noto3demoji/latest/262e/512.png,512,512,166716,8b478bc0ab587505b4ebce5e757f62cf25d0ee80fbf31c82511bd4476c0bf2a8
🕎,Menorah,Symbols,1f54e,Symbols/menorah__1f54e.png,https://fonts.gstatic.com/s/e/noto3demoji/latest/1f54e/512.png,512,512,189782,5e88a8cddd67f8f04543afee6120378a95dba2fe15a4cf526a49d530b2f39be9
🔯,Star Of David With Dot,Symbols,1f52f,Symbols/star-of-david-with-dot__1f52f.png,https://fonts.gstatic.com/s/e/noto3demoji/latest/1f52f/512.png,512,512,168588,90a4d7d4ee7fdfefe5a39821b8286c1089488dd84655d72359896b3ea7150b54
🪯,Khanda,Symbols,1faaf,Symbols/khanda__1faaf.png,https://fonts.gstatic.com/s/e/noto3demoji/latest/1faaf/512.png,512,512,172158,37ba7d05b4c41a14cc67875cb6f4adf90481c0014e9ca6d9a714af66ba3abb25
♈,Aries,Symbols,2648,Symbols/aries__2648.png,https://fonts.gstatic.com/s/e/noto3demoji/latest/2648/512.png,512,512,149141,a10dfa190707bc176dfabb51d0596056f029e91e6b415c482164988fe3961db0
♉,Taurus,Symbols,2649,Symbols/taurus__2649.png,https://fonts.gstatic.com/s/e/noto3demoji/latest/2649/512.png,512,512,134969,ad3baf28080cccda8ced276811160f7bdace68e80190af8a880b2b7a560022bb
♊,Gemini,Symbols,264a,Symbols/gemini__264a.png,https://fonts.gstatic.com/s/e/noto3demoji/latest/264a/512.png,512,512,93138,b4e194301e2d10e7df569146bf4eec9473f54b56d310f7ee6033635e0942cf75
♋,Cancer,Symbols,264b,Symbols/cancer__264b.png,https://fonts.gstatic.com/s/e/noto3demoji/latest/264b/512.png,512,512,103655,232f122f53eaf23752115f94ac4177f0609e180d2ff1e5e48516b8b9ff452eff
♌,Leo,Symbols,264c,Symbols/leo__264c.png,https://fonts.gstatic.com/s/e/noto3demoji/latest/264c/512.png,512,512,104689,81bffb1da23ee149b4176aed6f54b7e9a6bdeb0cabe2a29e6237f7bd13b4996a
♍,Virgo,Symbols,264d,Symbols/virgo__264d.png,https://fonts.gstatic.com/s/e/noto3demoji/latest/264d/512.png,512,512,127947,a26d16d9e5e8149ab59000fdf0b38915d2da621fa3df9474d6f141869a647b71
♎,Libra,Symbols,264e,Symbols/libra__264e.png,https://fonts.gstatic.com/s/e/noto3demoji/latest/264e/512.png,512,512,136107,95b8f04e10b20fd16e5d19a973a5d0b3d24eea72aec3008242873fc9c6f169a4
♏,Scorpio,Symbols,264f,Symbols/scorpio__264f.png,https://fonts.gstatic.com/s/e/noto3demoji/latest/264f/512.png,512,512,134973,bbee86e62185e4023e872220718df23e1d8fe40cb865e896e57f964709f46308
♐,Sagittarius,Symbols,2650,Symbols/sagittarius__2650.png,https://fonts.gstatic.com/s/e/noto3demoji/latest/2650/512.png,512,512,138143,5fb8c4e5a901b7aa9f7c988130ebaa044f05943d117fdf30b505ba92046c8aaf
♑,Capricorn,Symbols,2651,Symbols/capricorn__2651.png,https://fonts.gstatic.com/s/e/noto3demoji/latest/2651/512.png,512,512,142323,84db435c44857d330042be3dd90b89306e805c2f923bd620efc31b730343aaf5
♒,Aquarius,Symbols,2652,Symbols/aquarius__2652.png,https://fonts.gstatic.com/s/e/noto3demoji/latest/2652/512.png,512,512,151121,95f90af1380ba31be61dc0bfa391ff9caee3fe673074b0f7d3105e1a9ceacbe0
♓,Pisces,Symbols,2653,Symbols/pisces__2653.png,https://fonts.gstatic.com/s/e/noto3demoji/latest/2653/512.png,512,512,137303,1b4b65bf2a07c3714ca1bc9722b1d90ce627b9c8eb46325e815b757e3ecd4ad7
⛎,Ophiuchus,Symbols,26ce,Symbols/ophiuchus__26ce.png,https://fonts.gstatic.com/s/e/noto3demoji/latest/26ce/512.png,512,512,136063,44a2c4e5c3c90715f1f66a291a2eb4547334e2e79534cbc701ce188ac8a42ff6
🔀,Shuffle,Symbols,1f500,Symbols/shuffle__1f500.png,https://fonts.gstatic.com/s/e/noto3demoji/latest/1f500/512.png,512,512,147220,c6bdfee18ae56b74a4f01fe8293d9a2187bffc69c0128caeeae0629b88895799
🔁,Repeat,Symbols,1f501,Symbols/repeat__1f501.png,https://fonts.gstatic.com/s/e/noto3demoji/latest/1f501/512.png,512,512,137624,16d95876db992c405b893b2c274fc586473ca4c041860e57ec92b5f6a2393004
🔂,Repeat One,Symbols,1f502,Symbols/repeat-one__1f502.png,https://fonts.gstatic.com/s/e/noto3demoji/latest/1f502/512.png,512,512,141298,20363965be6f13b91d8994fd1c2ec67398444ea75524f961ef7bbf491632ac4f
▶,Arrow Forward,Symbols,25b6,Symbols/arrow-forward__25b6.png,https://fonts.gstatic.com/s/e/noto3demoji/latest/25b6/512.png,512,512,133804,882b0593e1dbb340655bad626e792c3ce0c8216c659df6c5a4cdcf30fea24029
⏩,Fast Forward,Symbols,23e9,Symbols/fast-forward__23e9.png,https://fonts.gstatic.com/s/e/noto3demoji/latest/23e9/512.png,512,512,131180,d908ed76b3ea95ccf6776129d237a872b8ceb5b997e52a4a54b13b38342f2ff7
⏭,Next Track,Symbols,23ed,Symbols/next-track__23ed.png,https://fonts.gstatic.com/s/e/noto3demoji/latest/23ed/512.png,512,512,132587,c49122505581c001c4dd9c481135b1a05ffd4dd6c8c26d3204d40f1f70a6a1af
⏯,Play Or Pause,Symbols,23ef,Symbols/play-or-pause__23ef.png,https://fonts.gstatic.com/s/e/noto3demoji/latest/23ef/512.png,512,512,128241,f9cad1731ae4a578aac87d39e2abb0b668351f182fd24e7a7a3a4608aea256f3
◀,Reverse,Symbols,25c0,Symbols/reverse__25c0.png,https://fonts.gstatic.com/s/e/noto3demoji/latest/25c0/512.png,512,512,131609,86a2db88210c100885e42f3c21e3b3a28c4606439cd57af76248450e66380a5a
⏪,Rewind,Symbols,23ea,Symbols/rewind__23ea.png,https://fonts.gstatic.com/s/e/noto3demoji/latest/23ea/512.png,512,512,129530,04f418bb2843a193aa645660c1d59854858e9360c0c630e54e16f54163cd07b9
⏮,Previous,Symbols,23ee,Symbols/previous__23ee.png,https://fonts.gstatic.com/s/e/noto3demoji/latest/23ee/512.png,512,512,130120,c134c29b6b99e1641f3dd49b807217725580944c76a64296be21fa960e409e54
🔼,Upwards,Symbols,1f53c,Symbols/upwards__1f53c.png,https://fonts.gstatic.com/s/e/noto3demoji/latest/1f53c/512.png,512,512,129767,0070f095a66115300b0ed554f0b60dfacc6be677ba2c9016ed58eba4f6d36676
⏫,Fast Up,Symbols,23eb,Symbols/fast-up__23eb.png,https://fonts.gstatic.com/s/e/noto3demoji/latest/23eb/512.png,512,512,129584,bd88b8e243d183af099aad0ec7f27bba720ad6b33035797dfd567bf474529d9e
🔽,Downwards,Symbols,1f53d,Symbols/downwards__1f53d.png,https://fonts.gstatic.com/s/e/noto3demoji/latest/1f53d/512.png,512,512,128124,3940b7066c1a1bc069166d42fe067b63a559778edcf404fec43db255d438d4da
⏬,Fast Down,Symbols,23ec,Symbols/fast-down__23ec.png,https://fonts.gstatic.com/s/e/noto3demoji/latest/23ec/512.png,512,512,126857,f2c665371856899921524d3f074b98dfe07eae2c1f5e252e1c7e4583b04dca88
⏸,Pause,Symbols,23f8,Symbols/pause__23f8.png,https://fonts.gstatic.com/s/e/noto3demoji/latest/23f8/512.png,512,512,123542,d4c71d1d2811678a4fff2536831504cfa4ded3a2ff70e75cbf313b2d9e3b13b3
⏹,Stop Button,Symbols,23f9,Symbols/stop-button__23f9.png,https://fonts.gstatic.com/s/e/noto3demoji/latest/23f9/512.png,512,512,112110,d954154717b7a067a82e518ad2b834891bbabb4bae822558a49d2e0e3e82b4b9
⏺,Record,Symbols,23fa,Symbols/record__23fa.png,https://fonts.gstatic.com/s/e/noto3demoji/latest/23fa/512.png,512,512,122876,1530835107b0e54393a15dc75679468516a8f45efeca63a6a323bdd1b72be1cc
⏏,Eject,Symbols,23cf,Symbols/eject__23cf.png,https://fonts.gstatic.com/s/e/noto3demoji/latest/23cf/512.png,512,512,130683,723e96b1018995c53187213b6ccb5d337c96316529a1c0d86022cc386e7e3486
🎦,Cinema,Symbols,1f3a6,Symbols/cinema__1f3a6.png,https://fonts.gstatic.com/s/e/noto3demoji/latest/1f3a6/512.png,512,512,120799,96cb7ed5d4d2fa6daac257514e0219e91d2d635cec6cfaa15922c15507176d4b
🔅,Dim,Symbols,1f505,Symbols/dim__1f505.png,https://fonts.gstatic.com/s/e/noto3demoji/latest/1f505/512.png,512,512,84047,4519bb12918c474a5f6fabffc330e19c53c12932b71136b55f9eda617cfb6938
🔆,Bright,Symbols,1f506,Symbols/bright__1f506.png,https://fonts.gstatic.com/s/e/noto3demoji/latest/1f506/512.png,512,512,98609,edbc224239a83c37fffaf60926c84bbfcd17d1b17f242b5372f2d1dd5da5e43d
📶,Signal Strength,Symbols,1f4f6,Symbols/signal-strength__1f4f6.png,https://fonts.gstatic.com/s/e/noto3demoji/latest/1f4f6/512.png,512,512,129625,ab6adcb98d8e688ce96c12098b2517d0277194f28b46134a427b5ae32ebc77e6
🛜,Wireless,Symbols,1f6dc,Symbols/wireless__1f6dc.png,https://fonts.gstatic.com/s/e/noto3demoji/latest/1f6dc/512.png,512,512,106241,7b338d85909e1323d6ff8caefc83e73640b319db5d09bf9e13c71c454a8421bb
📳,Vibration,Symbols,1f4f3,Symbols/vibration__1f4f3.png,https://fonts.gstatic.com/s/e/noto3demoji/latest/1f4f3/512.png,512,512,116900,10410b0613532890b510d37460fa2044968ef3952aa8340cda5db7e2f002d4ad
📴,Phone Off,Symbols,1f4f4,Symbols/phone-off__1f4f4.png,https://fonts.gstatic.com/s/e/noto3demoji/latest/1f4f4/512.png,512,512,115982,3f74e03b15795c6862b6f87802be7c54bb5f61f5215a1a5d375157182cc1467c
♀,Female Sign,Symbols,2640,Symbols/female-sign__2640.png,https://fonts.gstatic.com/s/e/noto3demoji/latest/2640/512.png,512,512,160267,e8fb27b459a9eca83ce90d90db33156d4e22074984da186173c21984f73b62b0
♂,Male Sign,Symbols,2642,Symbols/male-sign__2642.png,https://fonts.gstatic.com/s/e/noto3demoji/latest/2642/512.png,512,512,145595,cac4726155491ca1ad9678d934e49e57cc002728d923d6d496eb96b8ecef8ad4
⚧,Trans Sign,Symbols,26a7,Symbols/trans-sign__26a7.png,https://fonts.gstatic.com/s/e/noto3demoji/latest/26a7/512.png,512,512,112747,dad3633aa6119ed1bfc5655c00a2ac6c21ddb6e8d2f166f0cf015398d218fed9
✖,Multiplication X,Symbols,2716,Symbols/multiplication-x__2716.png,https://fonts.gstatic.com/s/e/noto3demoji/latest/2716/512.png,512,512,123517,4b70f547d39ecd04f77b6cba953b1078c1e011a2cde73ff96fe7571f49757af2
➕,Plus Sign,Symbols,2795,Symbols/plus-sign__2795.png,https://fonts.gstatic.com/s/e/noto3demoji/latest/2795/512.png,512,512,72537,5cb58b1fdce1437b32464a251d3abf98a9ca2b58f11c0cb542e5952ddfc6aced
➖,Minus Sign,Symbols,2796,Symbols/minus-sign__2796.png,https://fonts.gstatic.com/s/e/noto3demoji/latest/2796/512.png,512,512,40173,3446058763acc481d3e0076b7e085c13748c3bce5ec28350da10b6cbc3989aef
➗,Division Sign,Symbols,2797,Symbols/division-sign__2797.png,https://fonts.gstatic.com/s/e/noto3demoji/latest/2797/512.png,512,512,79880,153ec21d93244571355493e2327319cb435ff7db3ea0788d88bfaeb5a8ea3807
🟰,Equals Sign,Symbols,1f7f0,Symbols/equals-sign__1f7f0.png,https://fonts.gstatic.com/s/e/noto3demoji/latest/1f7f0/512.png,512,512,73827,b6057c10e107eadc24d04404b5843b700a92ce2330a31f7c04085c3666895bb1
♾,Infinity,Symbols,267e,Symbols/infinity__267e.png,https://fonts.gstatic.com/s/e/noto3demoji/latest/267e/512.png,512,512,158106,af7e66ce7de73f2742c2666a271ed774d69d3b557ca5f2437c490451849eb9f0
‼,Exclamation Double,Symbols,203c,Symbols/exclamation-double__203c.png,https://fonts.gstatic.com/s/e/noto3demoji/latest/203c/512.png,512,512,115058,b333b23d5e2b27870d4b1f63fdd44a79086f51a3614cedfa4d43ca05c911ec31
⁉,Exclamation Question Mark,Symbols,2049,Symbols/exclamation-question-mark__2049.png,https://fonts.gstatic.com/s/e/noto3demoji/latest/2049/512.png,512,512,109597,126ebfe6240e0213b9321887930e0f3d3c0c4279129daa0742b69c445caf0ac7
❓,Question,Symbols,2753,Symbols/question__2753.png,https://fonts.gstatic.com/s/e/noto3demoji/latest/2753/512.png,512,512,63581,b576354108a48b67d94562771679f47397ecc7af22dcc084e8baed0ae6cfd303
❔,Question Mark White,Symbols,2754,Symbols/question-mark-white__2754.png,https://fonts.gstatic.com/s/e/noto3demoji/latest/2754/512.png,512,512,68217,b9d1bffccd3b95b3bb5459e460167b3cb361e09da64659619824520044413b86
❕,Exclamation Mark White,Symbols,2755,Symbols/exclamation-mark-white__2755.png,https://fonts.gstatic.com/s/e/noto3demoji/latest/2755/512.png,512,512,54281,8f1835b5a0572bc9899ced26054408226018041d7bf8d74e3d0286c60ca7ebd3
❗,Exclamation,Symbols,2757,Symbols/exclamation__2757.png,https://fonts.gstatic.com/s/e/noto3demoji/latest/2757/512.png,512,512,54129,7b9085f5f3d018d13841bcfbaf06f14e3248603606dd00a6596fb614f490fe96
〰,Wavy Dash,Symbols,3030,Symbols/wavy-dash__3030.png,https://fonts.gstatic.com/s/e/noto3demoji/latest/3030/512.png,512,512,45791,8334c6c8ef8d59980eff418068d3ca4b8dd7830e498ad4c97a7a368e1397322c
💱,Currency Exchange,Symbols,1f4b1,Symbols/currency-exchange__1f4b1.png,https://fonts.gstatic.com/s/e/noto3demoji/latest/1f4b1/512.png,512,512,117667,b43cd467e8c99a19bd6e226f6fc20ccd94df1edbcd9d595328144a848a6cfe89
💲,Dollar Sign,Symbols,1f4b2,Symbols/dollar-sign__1f4b2.png,https://fonts.gstatic.com/s/e/noto3demoji/latest/1f4b2/512.png,512,512,87597,1c15cc7f2119bd728058cf0ef6c786839ac5f6e3b996c84062d8c8576fff2f0c
⚕,Medical Symbol,Symbols,2695,Symbols/medical-symbol__2695.png,https://fonts.gstatic.com/s/e/noto3demoji/latest/2695/512.png,512,512,131675,60e18abed8b081b3ce90c695cda5389cea8dffeb13c6751a018feb7cb391553c
♻,Recycling Symbol,Symbols,267b,Symbols/recycling-symbol__267b.png,https://fonts.gstatic.com/s/e/noto3demoji/latest/267b/512.png,512,512,119514,185f8232a80d477eeb73c238fb370e1de984d3a0305d975c6e7c63e32c162eb3
⚜,Fleur De Lis,Symbols,269c,Symbols/fleur-de-lis__269c.png,https://fonts.gstatic.com/s/e/noto3demoji/latest/269c/512.png,512,512,119451,dd588a7352e5e5de19f862d8e7d0dcebac3c03cd8361fb84f05431a04ec89dd5
🔱,Trident Emblem,Symbols,1f531,Symbols/trident-emblem__1f531.png,https://fonts.gstatic.com/s/e/noto3demoji/latest/1f531/512.png,512,512,106159,79058890439e8146941692b71abf0715109984fcd774d6aa69d413c478d32533
📛,Name Badge,Symbols,1f4db,Symbols/name-badge__1f4db.png,https://fonts.gstatic.com/s/e/noto3demoji/latest/1f4db/512.png,512,512,119716,c1d0c40d144b0a8caaab4e5629e4fa71a16062dbad6e62ea429aa334098b1a6f
🔰,Japanese Symbol For Beginner,Symbols,1f530,Symbols/japanese-symbol-for-beginner__1f530.png,https://fonts.gstatic.com/s/e/noto3demoji/latest/1f530/512.png,512,512,110555,2e7a22a6c5e8c5a34bd017165a632fb127adc4e0d3433a841e5b4888fd6e0384
⭕,Large Circle,Symbols,2b55,Symbols/large-circle__2b55.png,https://fonts.gstatic.com/s/e/noto3demoji/latest/2b55/512.png,512,512,136872,200a205363526663c6f43211737b1431c6c878368ee8638971e564122c032ff8
✅,Check Mark,Symbols,2705,Symbols/check-mark__2705.png,https://fonts.gstatic.com/s/e/noto3demoji/latest/2705/512.png,512,512,139899,4fb03dde6a7ce5e81728cacc06b2f8b36beb0f3c0ecb9a8ea14d112089d4ba0d
☑,Check Mark Button,Symbols,2611,Symbols/check-mark-button__2611.png,https://fonts.gstatic.com/s/e/noto3demoji/latest/2611/512.png,512,512,135432,a28d82bf990c87f7748499745ff0e625d616579d005a26876c83173b9601626e
✔,Check Mark Black,Symbols,2714,Symbols/check-mark-black__2714.png,https://fonts.gstatic.com/s/e/noto3demoji/latest/2714/512.png,512,512,92167,10a93d4899e70dcf44d5920313688f703caa5d46b2442378c29b5d6d27a232cd
❌,Cross Mark,Symbols,274c,Symbols/cross-mark__274c.png,https://fonts.gstatic.com/s/e/noto3demoji/latest/274c/512.png,512,512,167213,d90507fd90e67a785b28fc13a6a1a7d41aec9607e7f03b5b3997643e8026ac31
❎,X Mark,Symbols,274e,Symbols/x-mark__274e.png,https://fonts.gstatic.com/s/e/noto3demoji/latest/274e/512.png,512,512,152860,9d43b7159093a2a739a045541f5fd0f7c0493d20ac0a8062a2092e8f7464f380
➰,Curly Loop,Symbols,27b0,Symbols/curly-loop__27b0.png,https://fonts.gstatic.com/s/e/noto3demoji/latest/27b0/512.png,512,512,82911,10668e68a9c3c6cf12d5f2fc3135445204af1f4249555e46c8126c05e8afd493
➿,Curly Loop Double,Symbols,27bf,Symbols/curly-loop-double__27bf.png,https://fonts.gstatic.com/s/e/noto3demoji/latest/27bf/512.png,512,512,92472,2c26d6ee5ac4d2cf723f9829613d99f69d5be965edec3f8a60896a18d409b088
〽,Part Alternation Mark,Symbols,303d,Symbols/part-alternation-mark__303d.png,https://fonts.gstatic.com/s/e/noto3demoji/latest/303d/512.png,512,512,82211,e62a9ed91e6c910c74f76ff49b66c0a23f4c75278229d9f1731609436bc89fd4
✳,Eight Spoked Asterisk,Symbols,2733,Symbols/eight-spoked-asterisk__2733.png,https://fonts.gstatic.com/s/e/noto3demoji/latest/2733/512.png,512,512,159938,c4f0f3244a5836e44d4cf0b0b9ab459db4292037728611ff9d005ac81d2547b3
✴,Eight Pointed Star,Symbols,2734,Symbols/eight-pointed-star__2734.png,https://fonts.gstatic.com/s/e/noto3demoji/latest/2734/512.png,512,512,115558,86f9431e97271baebf7045dbcb6adc76eb4b534f09d491e5659d73ea413337a3
❇,Sparkle,Symbols,2747,Symbols/sparkle__2747.png,https://fonts.gstatic.com/s/e/noto3demoji/latest/2747/512.png,512,512,139175,8d818d225f21083e49186122a42ea1aeaa360e9e130345326c211df9be39b549
©,Copyright,Symbols,00a9,Symbols/copyright__00a9.png,https://fonts.gstatic.com/s/e/noto3demoji/latest/00a9/512.png,512,512,120143,3d082b682fd02510fd94b5c85f077782c19681037f0b2fd0227b5a59ac124ca7
®,Registered,Symbols,00ae,Symbols/registered__00ae.png,https://fonts.gstatic.com/s/e/noto3demoji/latest/00ae/512.png,512,512,121571,462691d937dd9fe26d45cff1b3e99f2fe78adf77a1f99e20f182bef8115f5a7b
™,Trade Mark,Symbols,2122,Symbols/trade-mark__2122.png,https://fonts.gstatic.com/s/e/noto3demoji/latest/2122/512.png,512,512,62197,0cad6d004c0adfcfa8ae9867a37c4dfddf5ec99751e0a1176d2bfbea52e563eb
🫟,Splatter,Symbols,1fadf,Symbols/splatter__1fadf.png,https://fonts.gstatic.com/s/e/noto3demoji/latest/1fadf/512.png,512,512,108344,9b77bb866917b143dbc66e39e7e23f9700d582644000d8509a6a1fc424516d01
#⃣,,Symbols,0023_20e3,Symbols/__0023_20e3.png,https://fonts.gstatic.com/s/e/noto3demoji/latest/0023_20e3/512.png,512,512,136409,ba4a9db178dfa4adf80be05d9e5f663dc0c3f4b7fdd9695f7fcfc18be3492757
*⃣,Keycap,Symbols,002a_20e3,Symbols/keycap__002a_20e3.png,https://fonts.gstatic.com/s/e/noto3demoji/latest/002a_20e3/512.png,512,512,139599,0701858d1ab8441bb4c97563b604aa29d6efeb8d036c4b4ebaf350cc71f9cbbb
0⃣,Keycap,Symbols,0030_20e3,Symbols/keycap__0030_20e3.png,https://fonts.gstatic.com/s/e/noto3demoji/latest/0030_20e3/512.png,512,512,135940,b91fb4f5402deeb7d73443f6b3794649dc3355802474b48b0f27a7845ce154d0
1⃣,Keycap,Symbols,0031_20e3,Symbols/keycap__0031_20e3.png,https://fonts.gstatic.com/s/e/noto3demoji/latest/0031_20e3/512.png,512,512,133094,d786d8e7e1a156dce5933bb19f501b1a10882e4130ce7ec790f4522554dd832f
2⃣,Keycap,Symbols,0032_20e3,Symbols/keycap__0032_20e3.png,https://fonts.gstatic.com/s/e/noto3demoji/latest/0032_20e3/512.png,512,512,138712,965f45a8174442d1040932ce287f2d7593121c55e59fc4aad5271da44f1dd540
3⃣,Keycap,Symbols,0033_20e3,Symbols/keycap__0033_20e3.png,https://fonts.gstatic.com/s/e/noto3demoji/latest/0033_20e3/512.png,512,512,142446,81e2d2159d34e6114897936e7bd349e9b96104934fce44a6c44dd2175185e3bb
4⃣,Keycap,Symbols,0034_20e3,Symbols/keycap__0034_20e3.png,https://fonts.gstatic.com/s/e/noto3demoji/latest/0034_20e3/512.png,512,512,130856,c6216a0f5586ee789131adb60e1b1c7f0a8f8b8cc648465672c6a579c58a0fd1
5⃣,Keycap,Symbols,0035_20e3,Symbols/keycap__0035_20e3.png,https://fonts.gstatic.com/s/e/noto3demoji/latest/0035_20e3/512.png,512,512,138688,59f1299cee2cb18b9a8128ec73a4960cf8ede54fcd4c88765ccf2526db03faa1
6⃣,Keycap,Symbols,0036_20e3,Symbols/keycap__0036_20e3.png,https://fonts.gstatic.com/s/e/noto3demoji/latest/0036_20e3/512.png,512,512,140287,ce8fb549037b7f505bf156152364843a15b1caa61d9e5477e8d0ae1b0fd220ed
7⃣,Keycap,Symbols,0037_20e3,Symbols/keycap__0037_20e3.png,https://fonts.gstatic.com/s/e/noto3demoji/latest/0037_20e3/512.png,512,512,135931,c79a37b94688b99b0c4c362a840a728edc5daba30524da07cb64fb3818dc1267
8⃣,Keycap,Symbols,0038_20e3,Symbols/keycap__0038_20e3.png,https://fonts.gstatic.com/s/e/noto3demoji/latest/0038_20e3/512.png,512,512,139688,18601fdb40cac44d9e170fccb19c27f81b3ab2293ef7cba4e196bfcb167451fe
9⃣,Keycap,Symbols,0039_20e3,Symbols/keycap__0039_20e3.png,https://fonts.gstatic.com/s/e/noto3demoji/latest/0039_20e3/512.png,512,512,139492,abbf2fecc47fa0ee9b44a67cc8c19ba24153bd86729808a217eef25fbcbd8776
🔟,Ten,Symbols,1f51f,Symbols/ten__1f51f.png,https://fonts.gstatic.com/s/e/noto3demoji/latest/1f51f/512.png,512,512,130045,a9ad0b83ad47c4c95295809c28400be2a4cc321bc6d1207efce9c62120c2600f
🔠,Uppercase Letters,Symbols,1f520,Symbols/uppercase-letters__1f520.png,https://fonts.gstatic.com/s/e/noto3demoji/latest/1f520/512.png,512,512,156926,95bb54009f84374ba386a9bd214ec43866702c5779e927feb4dd6591f738f005
🔡,Lowercase Letters,Symbols,1f521,Symbols/lowercase-letters__1f521.png,https://fonts.gstatic.com/s/e/noto3demoji/latest/1f521/512.png,512,512,157988,215a857b9d9136868c17c0f4d60a97672f9d806d2e766017763ef9d0e51e8368
🔢,Numbers,Symbols,1f522,Symbols/numbers__1f522.png,https://fonts.gstatic.com/s/e/noto3demoji/latest/1f522/512.png,512,512,155976,efca0c483e8bf016d6ade264bfa6c9c7a511f7005bf13496f2284b39d1cf37be
🔣,Symbols,Symbols,1f523,Symbols/symbols__1f523.png,https://fonts.gstatic.com/s/e/noto3demoji/latest/1f523/512.png,512,512,165005,5a83dfbbeb3433f72c3b4da654b96556e5d90a587ebc4b4b62f3b27c00f90ed6
🔤,Letters,Symbols,1f524,Symbols/letters__1f524.png,https://fonts.gstatic.com/s/e/noto3demoji/latest/1f524/512.png,512,512,149419,e32991f93bad12b34f27e494b11a3927b801987f6cac648c4f503f2f1a4d1abe
🅰,A Button,Symbols,1f170,Symbols/a-button__1f170.png,https://fonts.gstatic.com/s/e/noto3demoji/latest/1f170/512.png,512,512,177012,ea29c7b027e1b6f914969c590126fafa9e49cf94b243263fef90d511ed80edca
🆎,Ab Button,Symbols,1f18e,Symbols/ab-button__1f18e.png,https://fonts.gstatic.com/s/e/noto3demoji/latest/1f18e/512.png,512,512,178871,80cc97c654fe0a78e56248bf7b3a698ae53cb42a9a373e22b35555cba1f1cb7c
🅱,B Button,Symbols,1f171,Symbols/b-button__1f171.png,https://fonts.gstatic.com/s/e/noto3demoji/latest/1f171/512.png,512,512,176368,721c9402fc8c9a1890f8f062ffb11fd5788363fa3461dfa75ffec8599eb451dc
🆑,Cl Button,Symbols,1f191,Symbols/cl-button__1f191.png,https://fonts.gstatic.com/s/e/noto3demoji/latest/1f191/512.png,512,512,178135,bef68da2444222234f0d51a5cdb2bde2fe63cf1eba7fa108417df376429173c4
🆒,Cool,Symbols,1f192,Symbols/cool__1f192.png,https://fonts.gstatic.com/s/e/noto3demoji/latest/1f192/512.png,512,512,149215,c565e0fa6c173090942d9d840ac0bfc4abbb4eaa3c1d8d82b47bcb11d6df81e7
🆓,Free,Symbols,1f193,Symbols/free__1f193.png,https://fonts.gstatic.com/s/e/noto3demoji/latest/1f193/512.png,512,512,143126,8b49db3bd864098efc4d3d786f865f4d7eccd3f71d34ca2e5dc5178f99eab4b0
ℹ,Information,Symbols,2139,Symbols/information__2139.png,https://fonts.gstatic.com/s/e/noto3demoji/latest/2139/512.png,512,512,138519,c8231b2374387d166bbef37aaf88996b4634e6eab13dc5097814518a397e27cd
🆔,Id Button,Symbols,1f194,Symbols/id-button__1f194.png,https://fonts.gstatic.com/s/e/noto3demoji/latest/1f194/512.png,512,512,147891,d4baf3c177b901847cc811973908ec00e363f48d6203778e0ce72c300917470f
Ⓜ,Metro Sign,Symbols,24c2,Symbols/metro-sign__24c2.png,https://fonts.gstatic.com/s/e/noto3demoji/latest/24c2/512.png,512,512,127449,27b2f73cff580a906278fdae91bcaf561bec786afb8c6e3ac407f19c86533765
🆕,New,Symbols,1f195,Symbols/new__1f195.png,https://fonts.gstatic.com/s/e/noto3demoji/latest/1f195/512.png,512,512,145150,bbebe10c725a7fff3df2bf37263c6d2f24ff24423fd610e6292fd25e76c2713a
🆖,Ng,Symbols,1f196,Symbols/ng__1f196.png,https://fonts.gstatic.com/s/e/noto3demoji/latest/1f196/512.png,512,512,141667,8c4502a50b68b599149915975c6f7b6b2a8d006ac4f7ac944adf695a4fa55e0d
🅾,O Button,Symbols,1f17e,Symbols/o-button__1f17e.png,https://fonts.gstatic.com/s/e/noto3demoji/latest/1f17e/512.png,512,512,180052,4dc6d095dfc2196893928854afbc8091016f5d8de78eb46390b7d5d1e289c701
🆗,Ok Button,Symbols,1f197,Symbols/ok-button__1f197.png,https://fonts.gstatic.com/s/e/noto3demoji/latest/1f197/512.png,512,512,145346,5b82f4df96789bc5bc2cac3ce37ae78a99451f1bc2085d86cf0492fc94763073
🅿,Parking,Symbols,1f17f,Symbols/parking__1f17f.png,https://fonts.gstatic.com/s/e/noto3demoji/latest/1f17f/512.png,512,512,137100,bce11f3fc7e55c4f906bba3303a57a40ecc9b02fb64239a12cecd35cccf4c659
🆘,Sos,Symbols,1f198,Symbols/sos__1f198.png,https://fonts.gstatic.com/s/e/noto3demoji/latest/1f198/512.png,512,512,190941,908aa301a97004db6f796475557cf49e614c942328eb4fb8ba3a3d316bf2ad6e
🆙,Up!,Symbols,1f199,Symbols/up__1f199.png,https://fonts.gstatic.com/s/e/noto3demoji/latest/1f199/512.png,512,512,138188,f2caa2ae2448359d3f8fea6bc729dca72f0fa22798523b0e1ca5945d5f528f11
🆚,Vs,Symbols,1f19a,Symbols/vs__1f19a.png,https://fonts.gstatic.com/s/e/noto3demoji/latest/1f19a/512.png,512,512,109800,3c70acfa1cbf016b5758b8926cd28773ca87f0605ea4f015e6f385647487864e
🈁,Here,Symbols,1f201,Symbols/here__1f201.png,https://fonts.gstatic.com/s/e/noto3demoji/latest/1f201/512.png,512,512,133158,dd8ae1dcb1b36500e090ad63a4e1439ec4f6826c8e8ab4649772987a6cc59042
🈂,Service Charge,Symbols,1f202,Symbols/service-charge__1f202.png,https://fonts.gstatic.com/s/e/noto3demoji/latest/1f202/512.png,512,512,142486,72625c0a02ea620bd4248f3c04d621d6abceeab3a97fc9a8c1c9744973b9f0c4
🈷,Monthly Amount,Symbols,1f237,Symbols/monthly-amount__1f237.png,https://fonts.gstatic.com/s/e/noto3demoji/latest/1f237/512.png,512,512,102144,ee1a14265a02981bd5fd886f142b1c4bd0557a30e1f94fc92b25ee5b0c0692ed
🈶,Not Free Of Charge,Symbols,1f236,Symbols/not-free-of-charge__1f236.png,https://fonts.gstatic.com/s/e/noto3demoji/latest/1f236/512.png,512,512,107938,49c562acd3eb216e8ed4e106359b1169e887e6b8e546d34587346e1f05243377
🈯,Reserved,Symbols,1f22f,Symbols/reserved__1f22f.png,https://fonts.gstatic.com/s/e/noto3demoji/latest/1f22f/512.png,512,512,156056,2528d2341d772fac43bbe2fec05c268081ebe786ff53ed8dbafe55f6b05dcdf0
🉐,Bargain,Symbols,1f250,Symbols/bargain__1f250.png,https://fonts.gstatic.com/s/e/noto3demoji/latest/1f250/512.png,512,512,154045,1a4395baaffcc7c0bd5664f8bb13cbefc19d74c0d21f61fd73569258da6d0c57
🈹,Discount,Symbols,1f239,Symbols/discount__1f239.png,https://fonts.gstatic.com/s/e/noto3demoji/latest/1f239/512.png,512,512,175931,d0a09f9edbdc1748c0d8e7e3aec460d150915b3ad8051e3fd3f02b3d2b624c23
🈚,Free Of Charge,Symbols,1f21a,Symbols/free-of-charge__1f21a.png,https://fonts.gstatic.com/s/e/noto3demoji/latest/1f21a/512.png,512,512,118717,11ed48f8e39b455dab24a7a656aebadffd7924b8e51012044b09ac348f7e61af
🈲,Prohibited Button,Symbols,1f232,Symbols/prohibited-button__1f232.png,https://fonts.gstatic.com/s/e/noto3demoji/latest/1f232/512.png,512,512,188939,cbcf3c1cf870928da771f09023499513f23bbf1cc80627132ec47c11c6a5a34d
🉑,Accept,Symbols,1f251,Symbols/accept__1f251.png,https://fonts.gstatic.com/s/e/noto3demoji/latest/1f251/512.png,512,512,103363,4d8e19c34fbcf6120bc835748b6aebad84ab76afd6e20e97c3fe0d4a8a99dd6b
🈸,Application,Symbols,1f238,Symbols/application__1f238.png,https://fonts.gstatic.com/s/e/noto3demoji/latest/1f238/512.png,512,512,100881,59109c351a1c38a04a6ef2b8b95375c44e3a03151fd97fd5524a31c4a1804adc
🈴,Passing Grade,Symbols,1f234,Symbols/passing-grade__1f234.png,https://fonts.gstatic.com/s/e/noto3demoji/latest/1f234/512.png,512,512,181792,bad013e523760fa184157b10f5489af6ccb57b5a03f75756a879f79c9caf7c25
🈳,Vacancy,Symbols,1f233,Symbols/vacancy__1f233.png,https://fonts.gstatic.com/s/e/noto3demoji/latest/1f233/512.png,512,512,148082,53864a772a334f8804c2f95b9afd94b2c24b7e7dc1d6682233d31468aec3238c
㊗,Congratulations,Symbols,3297,Symbols/congratulations__3297.png,https://fonts.gstatic.com/s/e/noto3demoji/latest/3297/512.png,512,512,149738,293fa2a3da9df213a8965dfb34bf04d72ee205e6e5cb9c35d96be3be9d5a875f
㊙,Secret,Symbols,3299,Symbols/secret__3299.png,https://fonts.gstatic.com/s/e/noto3demoji/latest/3299/512.png,512,512,159988,798082e4a5e24c5030086fade245b4ad3df1f2207f12ab1f7912a855ac97595f
🈺,Open For Business,Symbols,1f23a,Symbols/open-for-business__1f23a.png,https://fonts.gstatic.com/s/e/noto3demoji/latest/1f23a/512.png,512,512,115978,d0361924ce51066c05e20b893c46566dca276725cf22de9e379f966857aed11c
🈵,No Vacancy,Symbols,1f235,Symbols/no-vacancy__1f235.png,https://fonts.gstatic.com/s/e/noto3demoji/latest/1f235/512.png,512,512,187126,8fa8b68b4985b8ef0e56ef28071679244a9bd0976cded13333810e11f6b45515
🔴,Red Circle,Symbols,1f534,Symbols/red-circle__1f534.png,https://fonts.gstatic.com/s/e/noto3demoji/latest/1f534/512.png,512,512,124705,38d0a9719324e12063419e8f8917dc43070370c9f348f236342613d2e1a6ca4f
🟠,Orange Circle,Symbols,1f7e0,Symbols/orange-circle__1f7e0.png,https://fonts.gstatic.com/s/e/noto3demoji/latest/1f7e0/512.png,512,512,80061,db48550f07acb572cedbbe5eef59a61ce843e045308439120cd75534b93ae835
🟡,Yellow Circle,Symbols,1f7e1,Symbols/yellow-circle__1f7e1.png,https://fonts.gstatic.com/s/e/noto3demoji/latest/1f7e1/512.png,512,512,81642,8e556ee18f88ff23f5f17e78a83e90b5186db8bca4e35e6ed20f62c408352ed3
🟢,Green Circle,Symbols,1f7e2,Symbols/green-circle__1f7e2.png,https://fonts.gstatic.com/s/e/noto3demoji/latest/1f7e2/512.png,512,512,110411,3ba22fe11e2583f9526b2b655df3971e637b5af7464db66d80ef0c1d47c0de79
🔵,Blue Circle,Symbols,1f535,Symbols/blue-circle__1f535.png,https://fonts.gstatic.com/s/e/noto3demoji/latest/1f535/512.png,512,512,126257,62a55ee1f007a024cf65922a1b167ccb303389004123f24e9fca22f004e356e2
🟣,Purple Circle,Symbols,1f7e3,Symbols/purple-circle__1f7e3.png,https://fonts.gstatic.com/s/e/noto3demoji/latest/1f7e3/512.png,512,512,133357,b7edc0c27019b411c576bc972b3762324c0dced595d4d20ae4eae545009328b8
🟤,Brown Circle,Symbols,1f7e4,Symbols/brown-circle__1f7e4.png,https://fonts.gstatic.com/s/e/noto3demoji/latest/1f7e4/512.png,512,512,126756,a6f4c09caa1aa52032beed6000395dd985408db72b61eef2dae2f5238853086d
⚫,Black Circle,Symbols,26ab,Symbols/black-circle__26ab.png,https://fonts.gstatic.com/s/e/noto3demoji/latest/26ab/512.png,512,512,120901,cfbf5d674ce62ad28e9ce6424ccd3e14029d49c246d05a89a478aec918c2bae3
⚪,White Circle,Symbols,26aa,Symbols/white-circle__26aa.png,https://fonts.gstatic.com/s/e/noto3demoji/latest/26aa/512.png,512,512,136154,9c2726517f95881a115001e737f24173c23828447b4aa9e1254447cc250260d8
🟥,Red Square,Symbols,1f7e5,Symbols/red-square__1f7e5.png,https://fonts.gstatic.com/s/e/noto3demoji/latest/1f7e5/512.png,512,512,173646,74a634b349c9921b9f3f960e1bd3b98dc7d7399e52c70df4717f3bf4885a3707
🟧,Orange Square,Symbols,1f7e7,Symbols/orange-square__1f7e7.png,https://fonts.gstatic.com/s/e/noto3demoji/latest/1f7e7/512.png,512,512,82229,ff19a57255582ffc08164fb6eb908053df39916d5ded562433514c6095a0c533
🟨,Yellow Square,Symbols,1f7e8,Symbols/yellow-square__1f7e8.png,https://fonts.gstatic.com/s/e/noto3demoji/latest/1f7e8/512.png,512,512,82644,fed3034ee0fc0ed8cf9a40cc12794518885ab60586b3f8085435b93a140a8f7d
🟩,Green Square,Symbols,1f7e9,Symbols/green-square__1f7e9.png,https://fonts.gstatic.com/s/e/noto3demoji/latest/1f7e9/512.png,512,512,118085,178779fa9da8525661a2ed04b058bcdb48abad6f48c340988a05e2c91a4cdf5f
🟦,Blue Square,Symbols,1f7e6,Symbols/blue-square__1f7e6.png,https://fonts.gstatic.com/s/e/noto3demoji/latest/1f7e6/512.png,512,512,143003,d8e9f601c849b37e01826d8ae58086bdf6db0d98b5ff4823a4d0caa251c8ac47
🟪,Purple Square,Symbols,1f7ea,Symbols/purple-square__1f7ea.png,https://fonts.gstatic.com/s/e/noto3demoji/latest/1f7ea/512.png,512,512,146620,8285a3870c1dc88aa21c2577cbdb181563613bd4f7fe06a824872b654a951dbf
🟫,Brown Square,Symbols,1f7eb,Symbols/brown-square__1f7eb.png,https://fonts.gstatic.com/s/e/noto3demoji/latest/1f7eb/512.png,512,512,145799,6934eb1a51b34c3a0faa1a86e17b9b257058de3ca752c7b27799d07a591bf299
⬛,Black Square,Symbols,2b1b,Symbols/black-square__2b1b.png,https://fonts.gstatic.com/s/e/noto3demoji/latest/2b1b/512.png,512,512,129404,fb81c26b4103e3bfe9ccf62ac0c182610258286ca8ff978b76aa4406128e48b5
⬜,White Square,Symbols,2b1c,Symbols/white-square__2b1c.png,https://fonts.gstatic.com/s/e/noto3demoji/latest/2b1c/512.png,512,512,148678,eb8cf226c5dff5455e080ff28ff10d4c1b501148e7056b7a4d2275e6914b334f
◼,Black Square Medium,Symbols,25fc,Symbols/black-square-medium__25fc.png,https://fonts.gstatic.com/s/e/noto3demoji/latest/25fc/512.png,512,512,83961,9af140c3572d5dbeee028b805be55a138dcf8cabe16548251c9f41daf05219f0
◻,White Square Medium,Symbols,25fb,Symbols/white-square-medium__25fb.png,https://fonts.gstatic.com/s/e/noto3demoji/latest/25fb/512.png,512,512,98414,d2ba9acef5c4012ef2baf6c420b07c64084cf7454c988f19f822f20e87581704
◾,Black Square Medium Small,Symbols,25fe,Symbols/black-square-medium-small__25fe.png,https://fonts.gstatic.com/s/e/noto3demoji/latest/25fe/512.png,512,512,35327,5e7855b3bffea0e213461f6dd7bcd7347642b0094ca2a80dbe4d76f3f6669ed0
◽,White Square Medium Small,Symbols,25fd,Symbols/white-square-medium-small__25fd.png,https://fonts.gstatic.com/s/e/noto3demoji/latest/25fd/512.png,512,512,39421,99d162d791d76217fffa01b75ac25bc1c4dac33669debc54d2d7145428688413
▪,Black Square Small,Symbols,25aa,Symbols/black-square-small__25aa.png,https://fonts.gstatic.com/s/e/noto3demoji/latest/25aa/512.png,512,512,13849,a993437423d6433d20ef097cba96e25d03e23435e9ca737b80bef1b86cb364bb
▫,White Square Small,Symbols,25ab,Symbols/white-square-small__25ab.png,https://fonts.gstatic.com/s/e/noto3demoji/latest/25ab/512.png,512,512,14556,45659e825744aef3b2271c37e59f925d6c70c2c00416bc607109086b604ac68f
🔶,Diamond Orange Large,Symbols,1f536,Symbols/diamond-orange-large__1f536.png,https://fonts.gstatic.com/s/e/noto3demoji/latest/1f536/512.png,512,512,64367,2036b696bf80105a611889498ee75693c73ca7c082d91283d24dc8603e9c39ea
🔷,Blue Diamond Large,Symbols,1f537,Symbols/blue-diamond-large__1f537.png,https://fonts.gstatic.com/s/e/noto3demoji/latest/1f537/512.png,512,512,99555,45fb3f73c9363b28de3d49b104fb433904ae9ae3c113a556de242bfe740ebeb8
🔸,Diamond Orange Small,Symbols,1f538,Symbols/diamond-orange-small__1f538.png,https://fonts.gstatic.com/s/e/noto3demoji/latest/1f538/512.png,512,512,14641,c91f1cfe98023ee1b3c60f0510af8626307cb1bd6532d87f8cecbe8d118cad1d
🔹,Blue Diamond Small,Symbols,1f539,Symbols/blue-diamond-small__1f539.png,https://fonts.gstatic.com/s/e/noto3demoji/latest/1f539/512.png,512,512,20298,327dfaf8bc8eef5aa2f76f64d8b0aecff1825fb204a51f510d867a683893680b
🔺,Triangle Pointed Up,Symbols,1f53a,Symbols/triangle-pointed-up__1f53a.png,https://fonts.gstatic.com/s/e/noto3demoji/latest/1f53a/512.png,512,512,41683,09da5ccc21df1a3da3c48d05f4ee766a9e5865b15888d37983bd208bab2b9b7c
🔻,Triangle Pointed Down,Symbols,1f53b,Symbols/triangle-pointed-down__1f53b.png,https://fonts.gstatic.com/s/e/noto3demoji/latest/1f53b/512.png,512,512,39231,1731bbcf60d4256e35b58b8e802fd596891228ce95f728fee8f71ba864b0dad1
💠,Diamond Jewel,Symbols,1f4a0,Symbols/diamond-jewel__1f4a0.png,https://fonts.gstatic.com/s/e/noto3demoji/latest/1f4a0/512.png,512,512,121892,7f6fc2204a2c01d066a38efab47ec34a3a0cfab146cd65a081ae1a51c8081c32
🔘,Radio Button,Symbols,1f518,Symbols/radio-button__1f518.png,https://fonts.gstatic.com/s/e/noto3demoji/latest/1f518/512.png,512,512,149105,31951513f4c094f5285315b82a0ec99b788c2b09e8793b63fb5c67bc08068a93
🔳,White Square Button,Symbols,1f533,Symbols/white-square-button__1f533.png,https://fonts.gstatic.com/s/e/noto3demoji/latest/1f533/512.png,512,512,159631,fd3045f3969c751de92e9231915d6ef172bcad34673d877fe65f392c0eb06010
🔲,Button Black Square,Symbols,1f532,Symbols/button-black-square__1f532.png,https://fonts.gstatic.com/s/e/noto3demoji/latest/1f532/512.png,512,512,155144,d5665812495fdb0efd7ec83a11699ac33218fd0dddeaaa5176a570f45410084b
#,Number Sign,Symbols,0023,Symbols/number-sign__0023.png,https://fonts.gstatic.com/s/e/noto3demoji/latest/0023/512.png,512,512,86988,0058f07b945815f6b63161132665690da98c98dac3741177233c299c16da3a83
*,Asterisk,Symbols,002a,Symbols/asterisk__002a.png,https://fonts.gstatic.com/s/e/noto3demoji/latest/002a/512.png,512,512,101199,9d73b9543fb401e80df874249c5bd7e667653244d22d20cd0463c9c1b0cf6782
🇰,Regional Indicator Symbol Letter K,Symbols,1f1f0,Symbols/regional-indicator-symbol-letter-k__1f1f0.png,https://fonts.gstatic.com/s/e/noto3demoji/latest/1f1f0/512.png,512,512,72610,84236dbc8c5c9caf694337aef280a99618de3ebe7b93f677748677c8649c3161
🇱,Regional Indicator Symbol Letter L,Symbols,1f1f1,Symbols/regional-indicator-symbol-letter-l__1f1f1.png,https://fonts.gstatic.com/s/e/noto3demoji/latest/1f1f1/512.png,512,512,39865,74bfb858b7de2588d8a5e8d75e05037ea921793ec5869a12c1f08d3514a25547
🇲,Regional Indicator Symbol Letter M,Symbols,1f1f2,Symbols/regional-indicator-symbol-letter-m__1f1f2.png,https://fonts.gstatic.com/s/e/noto3demoji/latest/1f1f2/512.png,512,512,112039,7054c713dd842f6149286b2467eb1c369e2bfe98926ac1983649915c030ca12d
🇳,Regional Indicator Symbol Letter N,Symbols,1f1f3,Symbols/regional-indicator-symbol-letter-n__1f1f3.png,https://fonts.gstatic.com/s/e/noto3demoji/latest/1f1f3/512.png,512,512,76125,e395609015917b38fea23c39a1751d207207b334c56ee4525049886005b624e5
🇴,Regional Indicator Symbol Letter O,Symbols,1f1f4,Symbols/regional-indicator-symbol-letter-o__1f1f4.png,https://fonts.gstatic.com/s/e/noto3demoji/latest/1f1f4/512.png,512,512,92245,9e456b3c7d82facb45c56d98550b8977901e95ba6cac7eb45c0db37b3301fc0e
🇵,Regional Indicator Symbol Letter P,Symbols,1f1f5,Symbols/regional-indicator-symbol-letter-p__1f1f5.png,https://fonts.gstatic.com/s/e/noto3demoji/latest/1f1f5/512.png,512,512,77041,1fbaadfccfde7edf43f446de7662622a486e67d0cbd1ac0c6f124406f5c303e1
🇶,Regional Indicator Symbol Letter Q,Symbols,1f1f6,Symbols/regional-indicator-symbol-letter-q__1f1f6.png,https://fonts.gstatic.com/s/e/noto3demoji/latest/1f1f6/512.png,512,512,84224,d1da1e57e709f5377042db1cd3a95f23beaadd9714eedc04230234310dc5582d
🇷,Regional Indicator Symbol Letter R,Symbols,1f1f7,Symbols/regional-indicator-symbol-letter-r__1f1f7.png,https://fonts.gstatic.com/s/e/noto3demoji/latest/1f1f7/512.png,512,512,77187,566b6a2fcb3363bdf5e3c41cbca2705271aee08a4aa634a053d256b1de732318
🇸,Regional Indicator Symbol Letter S,Symbols,1f1f8,Symbols/regional-indicator-symbol-letter-s__1f1f8.png,https://fonts.gstatic.com/s/e/noto3demoji/latest/1f1f8/512.png,512,512,89041,a23708f144792e1bad03bc0376022bb64e822014bb9ddd01276d38434bd1c01f
🇹,Regional Indicator Symbol Letter T,Symbols,1f1f9,Symbols/regional-indicator-symbol-letter-t__1f1f9.png,https://fonts.gstatic.com/s/e/noto3demoji/latest/1f1f9/512.png,512,512,43073,3b86f9256d8871aeda2ae7fdea4beb98d459cafb2164d3786046b99f6aba2555
🇺,Regional Indicator Symbol Letter U,Symbols,1f1fa,Symbols/regional-indicator-symbol-letter-u__1f1fa.png,https://fonts.gstatic.com/s/e/noto3demoji/latest/1f1fa/512.png,512,512,79142,ff65be5bfe98512bdf8c602a1ee2967623cdbf5abeea8e301c9a46cd1e8a73d1
🇻,Regional Indicator Symbol Letter V,Symbols,1f1fb,Symbols/regional-indicator-symbol-letter-v__1f1fb.png,https://fonts.gstatic.com/s/e/noto3demoji/latest/1f1fb/512.png,512,512,80883,5f0049e4cd43b9a4d710c974c9654dd9ef5ca500ec0ee3afb48574d5104b1e8a
🇼,Regional Indicator Symbol Letter W,Symbols,1f1fc,Symbols/regional-indicator-symbol-letter-w__1f1fc.png,https://fonts.gstatic.com/s/e/noto3demoji/latest/1f1fc/512.png,512,512,121540,e4139668faea733930bd2d7513a2418ef2d9cb1caf2c4565075ca8bc6a5c2a92
🇽,Regional Indicator Symbol Letter X,Symbols,1f1fd,Symbols/regional-indicator-symbol-letter-x__1f1fd.png,https://fonts.gstatic.com/s/e/noto3demoji/latest/1f1fd/512.png,512,512,77945,18842e960b18b09113d4809fe79e47f6693bdde1fa767205a3683cdd1d7a5297
🇾,Regional Indicator Symbol Letter Y,Symbols,1f1fe,Symbols/regional-indicator-symbol-letter-y__1f1fe.png,https://fonts.gstatic.com/s/e/noto3demoji/latest/1f1fe/512.png,512,512,68524,631b87873639054abe080aadabdad95a36a12660a3a7cf5bf1e736ec9b335c1c
🇿,Regional Indicator Symbol Letter Z,Symbols,1f1ff,Symbols/regional-indicator-symbol-letter-z__1f1ff.png,https://fonts.gstatic.com/s/e/noto3demoji/latest/1f1ff/512.png,512,512,66549,24a2ca4894fd5b09633845a3251ebe3e7757657aa5ee98fe241be33d2dc44f0c
👱‍♀🏻,Blond Hair,Symbols,1f471_200d_2640_1f3fb,Symbols/blond-hair__1f471_200d_2640_1f3fb.png,https://fonts.gstatic.com/s/e/noto3demoji/latest/1f471_200d_2640_1f3fb/512.png,512,512,176716,2f9884123a48003fd32723e7551c6557c3843662ee25f71060b7a1fc14617870
👱‍♀🏼,Blond Hair,Symbols,1f471_200d_2640_1f3fc,Symbols/blond-hair__1f471_200d_2640_1f3fc.png,https://fonts.gstatic.com/s/e/noto3demoji/latest/1f471_200d_2640_1f3fc/512.png,512,512,173697,731c5c11754e6a677deb7c61195e3289b47f920fed5b323d0afd2c6d3af5ce1a
👱‍♀🏽,Blond Hair,Symbols,1f471_200d_2640_1f3fd,Symbols/blond-hair__1f471_200d_2640_1f3fd.png,https://fonts.gstatic.com/s/e/noto3demoji/latest/1f471_200d_2640_1f3fd/512.png,512,512,171268,ff29b6503c7759ffbc8cb584ca688f387f1c05c03c8269fe5ef1c9260523f5c8
👱‍♀🏾,Blond Hair,Symbols,1f471_200d_2640_1f3fe,Symbols/blond-hair__1f471_200d_2640_1f3fe.png,https://fonts.gstatic.com/s/e/noto3demoji/latest/1f471_200d_2640_1f3fe/512.png,512,512,168321,f0aadbcc986e870eecb336bae0f73adb79e4f9bf490ffba6b507722079be77c8
👱‍♀🏿,Blond Hair,Symbols,1f471_200d_2640_1f3ff,Symbols/blond-hair__1f471_200d_2640_1f3ff.png,https://fonts.gstatic.com/s/e/noto3demoji/latest/1f471_200d_2640_1f3ff/512.png,512,512,171731,a2a3819ab8ba5729a2d1d30f20619c1a267f07b9669b6ab88f6c144001dcaa5a
⃣,Combining Enclosing Keycap,Symbols,20e3,Symbols/combining-enclosing-keycap__20e3.png,https://fonts.gstatic.com/s/e/noto3demoji/latest/20e3/512.png,512,512,2205,19dc082fdd78a2877b055bd150df25395dd0b986a9976f97f1a6bf1a4b9a5a4b
🏁,Chequered Flag,Flags,1f3c1,Flags/chequered-flag__1f3c1.png,https://fonts.gstatic.com/s/e/noto3demoji/latest/1f3c1/512.png,512,512,131363,62af6d29ac1aefc8ca5fce8124fcf64f10a7a8bdb5f639b6adb8ba0f34a7cf56
🚩,Triangular Flag,Flags,1f6a9,Flags/triangular-flag__1f6a9.png,https://fonts.gstatic.com/s/e/noto3demoji/latest/1f6a9/512.png,512,512,70029,7e200f8fdeaf8ff9f2e085e14de65c22122f4d0af4b9e75325d94d286e64419e
🎌,Crossed Flags,Flags,1f38c,Flags/crossed-flags__1f38c.png,https://fonts.gstatic.com/s/e/noto3demoji/latest/1f38c/512.png,512,512,109977,54bc66be3e12489a66342c0f15e692b62e84e3ebc0308fc47d0e35592e0d4576
🏴,Black Flag,Flags,1f3f4,Flags/black-flag__1f3f4.png,https://fonts.gstatic.com/s/e/noto3demoji/latest/1f3f4/512.png,512,512,98699,79a6c6fef88e577d812c2fc4a7cee96601f83ba563bc50d97487dbe902174300
🏳,White Flag,Flags,1f3f3,Flags/white-flag__1f3f3.png,https://fonts.gstatic.com/s/e/noto3demoji/latest/1f3f3/512.png,512,512,107565,b70adf30eab754897114e89af47e00f2535765e175b092ba30fcd6dd2aa40e33
🏳‍🌈,Rainbow Flag,Flags,1f3f3_200d_1f308,Flags/rainbow-flag__1f3f3_200d_1f308.png,https://fonts.gstatic.com/s/e/noto3demoji/latest/1f3f3_200d_1f308/512.png,512,512,94074,b778dc2d6a0f974c3a0a1322716fd5c4dac3ed1ec1d6321dfb420cf2130edcd7
🏳‍⚧,Trans Flag,Flags,1f3f3_200d_26a7,Flags/trans-flag__1f3f3_200d_26a7.png,https://fonts.gstatic.com/s/e/noto3demoji/latest/1f3f3_200d_26a7/512.png,512,512,101518,38e995a2308ef8ccc784f06c9297fef0935dd06fdaf300813a36474c48f28d45
🏴‍☠,Pirate Flag,Flags,1f3f4_200d_2620,Flags/pirate-flag__1f3f4_200d_2620.png,https://fonts.gstatic.com/s/e/noto3demoji/latest/1f3f4_200d_2620/512.png,512,512,98784,2d839eb0c0cd8b6923a4a28e39c1b273720a8160b3ead58e0842b25601ae7aa4
🇦🇨,Ascension Island Flag,Flags,1f1e6_1f1e8,Flags/ascension-island-flag__1f1e6_1f1e8.png,https://fonts.gstatic.com/s/e/noto3demoji/latest/1f1e6_1f1e8/512.png,512,512,154392,57c8718f2c68b8452b20f0dbf1cba1121e34cbca5dc2b023ba9261120462f0f9
🇦🇩,Andorra Flag,Flags,1f1e6_1f1e9,Flags/andorra-flag__1f1e6_1f1e9.png,https://fonts.gstatic.com/s/e/noto3demoji/latest/1f1e6_1f1e9/512.png,512,512,112353,d5f87a883c784a922e16ce37f300d96c86e1501586542930ec0de391024cd331
🇦🇪,United Arab Emirates Flag,Flags,1f1e6_1f1ea,Flags/united-arab-emirates-flag__1f1e6_1f1ea.png,https://fonts.gstatic.com/s/e/noto3demoji/latest/1f1e6_1f1ea/512.png,512,512,83821,0184d2d239214ba663986cfc8a23a7930b6d2b7b866871278cbf5fe7a40f50e5
🇦🇫,Afghanistan Flag,Flags,1f1e6_1f1eb,Flags/afghanistan-flag__1f1e6_1f1eb.png,https://fonts.gstatic.com/s/e/noto3demoji/latest/1f1e6_1f1eb/512.png,512,512,168246,20096cc7aaeeb1460b88a389d537bbb7bd55ebd30c3683686cdab5f316979249
🇦🇬,Antigua Barbuda Flag,Flags,1f1e6_1f1ec,Flags/antigua-barbuda-flag__1f1e6_1f1ec.png,https://fonts.gstatic.com/s/e/noto3demoji/latest/1f1e6_1f1ec/512.png,512,512,107816,5cc79937b158424e3aa62240ed744d5ba69f01fa15b58380e4d0ade6411d517e
🇦🇮,Anguilla Flag,Flags,1f1e6_1f1ee,Flags/anguilla-flag__1f1e6_1f1ee.png,https://fonts.gstatic.com/s/e/noto3demoji/latest/1f1e6_1f1ee/512.png,512,512,124979,cf6cfc366c9923983c4176f506835d8821bfd1fbe991fa8a03bbafc2b6197c2d
🇦🇱,Albania Flag,Flags,1f1e6_1f1f1,Flags/albania-flag__1f1e6_1f1f1.png,https://fonts.gstatic.com/s/e/noto3demoji/latest/1f1e6_1f1f1/512.png,512,512,97245,82f3ce2ecf54937739dcfb49bcaa919b3aad8ca27d51945d3460275de700ce41
🇦🇲,Armenia Flag,Flags,1f1e6_1f1f2,Flags/armenia-flag__1f1e6_1f1f2.png,https://fonts.gstatic.com/s/e/noto3demoji/latest/1f1e6_1f1f2/512.png,512,512,85475,466b070bd99323f540c7793566983be9c64858db208ad83fd1737640a184ea3f
🇦🇴,Angola Flag,Flags,1f1e6_1f1f4,Flags/angola-flag__1f1e6_1f1f4.png,https://fonts.gstatic.com/s/e/noto3demoji/latest/1f1e6_1f1f4/512.png,512,512,103318,eeb3f2fdca512192624e61689621ad34ac38825a47d951fec27e6b9b48d434f9
🇦🇶,Antarctica Flag,Flags,1f1e6_1f1f6,Flags/antarctica-flag__1f1e6_1f1f6.png,https://fonts.gstatic.com/s/e/noto3demoji/latest/1f1e6_1f1f6/512.png,512,512,100687,4b4814a8f7e8a2476589afdd6e872919c4339f56648606345427f53b123fda81
🇦🇷,Argentina Flag,Flags,1f1e6_1f1f7,Flags/argentina-flag__1f1e6_1f1f7.png,https://fonts.gstatic.com/s/e/noto3demoji/latest/1f1e6_1f1f7/512.png,512,512,109936,746bf62c849082f1d0b02ad45909b632198629e1909d22473f9ac1f4ae5570e5
🇦🇸,American Samoa Flag,Flags,1f1e6_1f1f8,Flags/american-samoa-flag__1f1e6_1f1f8.png,https://fonts.gstatic.com/s/e/noto3demoji/latest/1f1e6_1f1f8/512.png,512,512,139032,e98857ccf8f806d280fad117a7e23ce765930f623e233aa22043d787fdbc6407
🇦🇹,Austria Flag,Flags,1f1e6_1f1f9,Flags/austria-flag__1f1e6_1f1f9.png,https://fonts.gstatic.com/s/e/noto3demoji/latest/1f1e6_1f1f9/512.png,512,512,91686,a38ca3fa3d769b2e1943ab934156466b37010eea077cd780591b945cc46e40e5
🇦🇺,Australia Flag,Flags,1f1e6_1f1fa,Flags/australia-flag__1f1e6_1f1fa.png,https://fonts.gstatic.com/s/e/noto3demoji/latest/1f1e6_1f1fa/512.png,512,512,120859,41a9f17c476739094d71c3f6e2ffb3e6a5055c87a9386c85dbbb5d0f22542aa3
🇦🇼,Aruba Flag,Flags,1f1e6_1f1fc,Flags/aruba-flag__1f1e6_1f1fc.png,https://fonts.gstatic.com/s/e/noto3demoji/latest/1f1e6_1f1fc/512.png,512,512,112505,a900c591351baed663612f4606579b9f13568f4c454b1cc96f30fe8946b63600
🇦🇽,Åland Islands Flag,Flags,1f1e6_1f1fd,Flags/land-islands-flag__1f1e6_1f1fd.png,https://fonts.gstatic.com/s/e/noto3demoji/latest/1f1e6_1f1fd/512.png,512,512,98633,3208fa9a292da779a33c25095ace85640c9753ca7d10b5bce1fc0ed1d4049235
🇦🇿,Azerbaijan Flag,Flags,1f1e6_1f1ff,Flags/azerbaijan-flag__1f1e6_1f1ff.png,https://fonts.gstatic.com/s/e/noto3demoji/latest/1f1e6_1f1ff/512.png,512,512,98490,a536d4d7e2d2186ee81b0bfbb11709fe0781b6d47f26349d72f2324d7d35505f
🇧🇦,Bosnia Herzegovina Flag,Flags,1f1e7_1f1e6,Flags/bosnia-herzegovina-flag__1f1e7_1f1e6.png,https://fonts.gstatic.com/s/e/noto3demoji/latest/1f1e7_1f1e6/512.png,512,512,108381,16c3b30c65cc8836dfd0c37c48fdc37f59fac9310aa487ad5f2cf744ab35d467
🇧🇧,Barbados Flag,Flags,1f1e7_1f1e7,Flags/barbados-flag__1f1e7_1f1e7.png,https://fonts.gstatic.com/s/e/noto3demoji/latest/1f1e7_1f1e7/512.png,512,512,94519,64a3f648ca8558ccc8e8e212f5bd485bbfd942b24e75b56021f9a57d37d8e830
🇧🇩,Bangladesh Flag,Flags,1f1e7_1f1e9,Flags/bangladesh-flag__1f1e7_1f1e9.png,https://fonts.gstatic.com/s/e/noto3demoji/latest/1f1e7_1f1e9/512.png,512,512,96453,a1841c4bdcbe23276563797de6bcfacb97dbeb291457bcb0b92c82c85b44f0bc
🇧🇪,Belgium Flag,Flags,1f1e7_1f1ea,Flags/belgium-flag__1f1e7_1f1ea.png,https://fonts.gstatic.com/s/e/noto3demoji/latest/1f1e7_1f1ea/512.png,512,512,117697,19d0b0ea00e37ddfcabd56ae3c0a4caad89cec8a32034c0938f70a8389d2b897
🇧🇫,Burkina Faso Flag,Flags,1f1e7_1f1eb,Flags/burkina-faso-flag__1f1e7_1f1eb.png,https://fonts.gstatic.com/s/e/noto3demoji/latest/1f1e7_1f1eb/512.png,512,512,92574,8fc05180460a4a9f5a485cab7f522e2cf8c05266fb87c16a9b70ea789ee550db
🇧🇬,Bulgaria Flag,Flags,1f1e7_1f1ec,Flags/bulgaria-flag__1f1e7_1f1ec.png,https://fonts.gstatic.com/s/e/noto3demoji/latest/1f1e7_1f1ec/512.png,512,512,93850,0c93e760570948f5dfc63bad8c7ab7f4d3d0df4876e2d8c0a17201bb4e2065b0
🇧🇭,Bahrain Flag,Flags,1f1e7_1f1ed,Flags/bahrain-flag__1f1e7_1f1ed.png,https://fonts.gstatic.com/s/e/noto3demoji/latest/1f1e7_1f1ed/512.png,512,512,87687,593b30c416e018f23effca0d2d2508f863e26c05d7149962f3124456d5248c53
🇧🇮,Burundi Flag,Flags,1f1e7_1f1ee,Flags/burundi-flag__1f1e7_1f1ee.png,https://fonts.gstatic.com/s/e/noto3demoji/latest/1f1e7_1f1ee/512.png,512,512,114805,2d613296e2888f438416ac63c11a903e5fa82353c2d1e2de69466d4e057c55f3
🇧🇯,Benin Flag,Flags,1f1e7_1f1ef,Flags/benin-flag__1f1e7_1f1ef.png,https://fonts.gstatic.com/s/e/noto3demoji/latest/1f1e7_1f1ef/512.png,512,512,83795,628c7a945171f2ee8c5c7d5b5b3a399628d2a04e365f4acfb85d9fb70add7278
🇧🇱,St Barthélemy Flag,Flags,1f1e7_1f1f1,Flags/st-barth-lemy-flag__1f1e7_1f1f1.png,https://fonts.gstatic.com/s/e/noto3demoji/latest/1f1e7_1f1f1/512.png,512,512,164470,f9ada3c50cf547a54af1c0bd75a616bcf25e4c1f98fb203f33cfee679dba4d4f
🇧🇲,Bermuda Flag,Flags,1f1e7_1f1f2,Flags/bermuda-flag__1f1e7_1f1f2.png,https://fonts.gstatic.com/s/e/noto3demoji/latest/1f1e7_1f1f2/512.png,512,512,132447,a4244fa19c85e8567c36616c43d0dbf87f162048634c22f9f19cd186d7b3782b
🇧🇳,Brunei Flag,Flags,1f1e7_1f1f3,Flags/brunei-flag__1f1e7_1f1f3.png,https://fonts.gstatic.com/s/e/noto3demoji/latest/1f1e7_1f1f3/512.png,512,512,110743,00af1681e23dd4f3e092cf8a5beedbde94380ab48b0197cfc8b93b6f51946fcf
🇧🇴,Bolivia Flag,Flags,1f1e7_1f1f4,Flags/bolivia-flag__1f1e7_1f1f4.png,https://fonts.gstatic.com/s/e/noto3demoji/latest/1f1e7_1f1f4/512.png,512,512,90731,c999bddd2f14bd8f340e932f79dddcf0b2638857b68f785e4a694c1c3550dfb6
🇧🇶,Caribbean Netherlands Flag,Flags,1f1e7_1f1f6,Flags/caribbean-netherlands-flag__1f1e7_1f1f6.png,https://fonts.gstatic.com/s/e/noto3demoji/latest/1f1e7_1f1f6/512.png,512,512,107907,f17a76606b414e7171bbda8eb18f0b8eea6e22060894d89825f68aab8e5e89f2
🇧🇷,Brazil Flag,Flags,1f1e7_1f1f7,Flags/brazil-flag__1f1e7_1f1f7.png,https://fonts.gstatic.com/s/e/noto3demoji/latest/1f1e7_1f1f7/512.png,512,512,115211,a154c9a8b322937743be9bb1c082584c17c9c979678fb2ecc975b5de18ba82ae
🇧🇸,Bahamas Flag,Flags,1f1e7_1f1f8,Flags/bahamas-flag__1f1e7_1f1f8.png,https://fonts.gstatic.com/s/e/noto3demoji/latest/1f1e7_1f1f8/512.png,512,512,100254,343ad610290b05fc02c4dd5255de799b2548993f19c63eb0a24cea0463b666bd
🇧🇹,Bhutan Flag,Flags,1f1e7_1f1f9,Flags/bhutan-flag__1f1e7_1f1f9.png,https://fonts.gstatic.com/s/e/noto3demoji/latest/1f1e7_1f1f9/512.png,512,512,125323,98d4e5bb512e0ed38fccc710543c3c33b13e2e6dc37722de5b9ed1981c2d1949
🇧🇻,Bouvet Island Flag,Flags,1f1e7_1f1fb,Flags/bouvet-island-flag__1f1e7_1f1fb.png,https://fonts.gstatic.com/s/e/noto3demoji/latest/1f1e7_1f1fb/512.png,512,512,96442,4aefcf5cdee7ec5f59426b910a155c50d5ce85e1ccbd0f682031043d30f60555
🇧🇼,Botswana Flag,Flags,1f1e7_1f1fc,Flags/botswana-flag__1f1e7_1f1fc.png,https://fonts.gstatic.com/s/e/noto3demoji/latest/1f1e7_1f1fc/512.png,512,512,105296,4860791df0470523ca7f6844a63e8fde87bf52574198835390a8bb2692c9b90c
🇧🇾,Belarus Flag,Flags,1f1e7_1f1fe,Flags/belarus-flag__1f1e7_1f1fe.png,https://fonts.gstatic.com/s/e/noto3demoji/latest/1f1e7_1f1fe/512.png,512,512,117592,1fe3c46073296320efd705c63be94c0a66a7462cea19ef423de0e36bba4b5da8
🇧🇿,Belize Flag,Flags,1f1e7_1f1ff,Flags/belize-flag__1f1e7_1f1ff.png,https://fonts.gstatic.com/s/e/noto3demoji/latest/1f1e7_1f1ff/512.png,512,512,170244,c8909c178857927175d3c12b0fc775dcd4333f8c27c4e1fa6725e471d78549f7
🇨🇦,Canada Flag,Flags,1f1e8_1f1e6,Flags/canada-flag__1f1e8_1f1e6.png,https://fonts.gstatic.com/s/e/noto3demoji/latest/1f1e8_1f1e6/512.png,512,512,59006,800e974095fab83232a4ca5c65d172ff70b7f4fc7d774693c3479a0ce8459817
🇨🇨,Cocos Islands Flag,Flags,1f1e8_1f1e8,Flags/cocos-islands-flag__1f1e8_1f1e8.png,https://fonts.gstatic.com/s/e/noto3demoji/latest/1f1e8_1f1e8/512.png,512,512,110397,c81eaba2796e460fb51b59b69e515459f92f73345843c60db3e2593917e1ce15
🇨🇩,Congo Kinshasa Flag,Flags,1f1e8_1f1e9,Flags/congo-kinshasa-flag__1f1e8_1f1e9.png,https://fonts.gstatic.com/s/e/noto3demoji/latest/1f1e8_1f1e9/512.png,512,512,116394,15d070c1210a0a7d445062acc5268e08d4dcca0ba7bd01733bd7656e7826f047
🇨🇫,Central African Republic Flag,Flags,1f1e8_1f1eb,Flags/central-african-republic-flag__1f1e8_1f1eb.png,https://fonts.gstatic.com/s/e/noto3demoji/latest/1f1e8_1f1eb/512.png,512,512,95398,ae8b884143a7bb1fc9951e2a9b6913b4040088e8d4df143ccdfee160eae7d78d
🇨🇬,Congo Brazzaville Flag,Flags,1f1e8_1f1ec,Flags/congo-brazzaville-flag__1f1e8_1f1ec.png,https://fonts.gstatic.com/s/e/noto3demoji/latest/1f1e8_1f1ec/512.png,512,512,96132,00f622345ec38f0c1d0168176d73ba9f7c20a9084de21c987870884d14ff9af4
🇨🇭,Switzerland Flag,Flags,1f1e8_1f1ed,Flags/switzerland-flag__1f1e8_1f1ed.png,https://fonts.gstatic.com/s/e/noto3demoji/latest/1f1e8_1f1ed/512.png,512,512,84406,758ae4454c4a1d25b1c61a28a11bb54aa04ecf351354daf489484e437f3ca4fc
🇨🇮,Côte D’ivoire Flag,Flags,1f1e8_1f1ee,Flags/c-te-d-ivoire-flag__1f1e8_1f1ee.png,https://fonts.gstatic.com/s/e/noto3demoji/latest/1f1e8_1f1ee/512.png,512,512,84966,15575452047822e9db7415bcbfc8b1fe939f95dab13541f3344879cb74378976
🇨🇰,Cook Islands Flag,Flags,1f1e8_1f1f0,Flags/cook-islands-flag__1f1e8_1f1f0.png,https://fonts.gstatic.com/s/e/noto3demoji/latest/1f1e8_1f1f0/512.png,512,512,134595,b6b11d82fcc6d8ea7c7aa591f00d24c8e489711945f73835b34b022b1808cb17
🇨🇱,Chile Flag,Flags,1f1e8_1f1f1,Flags/chile-flag__1f1e8_1f1f1.png,https://fonts.gstatic.com/s/e/noto3demoji/latest/1f1e8_1f1f1/512.png,512,512,96507,5e78a81377f1e2810e8ba7b13156dfc6eba559c36739b7d4cf1676e9d796d435
🇨🇲,Cameroon Flag,Flags,1f1e8_1f1f2,Flags/cameroon-flag__1f1e8_1f1f2.png,https://fonts.gstatic.com/s/e/noto3demoji/latest/1f1e8_1f1f2/512.png,512,512,84352,0d0c68c275c8c0427fda4199c176b832131a3078d1e0f78a579966fe2410977c
🇨🇳,China Flag,Flags,1f1e8_1f1f3,Flags/china-flag__1f1e8_1f1f3.png,https://fonts.gstatic.com/s/e/noto3demoji/latest/1f1e8_1f1f3/512.png,512,512,81250,4484265a942ea17f4b8465be8e7f02cd0c3eb6d2e7f29a40ea28625779ba9185
🇨🇴,Colombia Flag,Flags,1f1e8_1f1f4,Flags/colombia-flag__1f1e8_1f1f4.png,https://fonts.gstatic.com/s/e/noto3demoji/latest/1f1e8_1f1f4/512.png,512,512,86380,835ac0b95ed8c9a6c9c728e8404bade1b341acb85a25f9b8da54a34fc367ebd1
🇨🇵,Clipperton Island Flag,Flags,1f1e8_1f1f5,Flags/clipperton-island-flag__1f1e8_1f1f5.png,https://fonts.gstatic.com/s/e/noto3demoji/latest/1f1e8_1f1f5/512.png,512,512,91597,fea00cd048f02d798347e057020a168ec925aab2dae8721d506879eb49e105c4
🇨🇶,Sark Flag,Flags,1f1e8_1f1f6,Flags/sark-flag__1f1e8_1f1f6.png,https://fonts.gstatic.com/s/e/noto3demoji/latest/1f1e8_1f1f6/512.png,512,512,102331,561c732d82d6c5ada625fa5961b32d163d12f7840b11ea7f17d0285406b95642
🇨🇷,Costa Rica Flag,Flags,1f1e8_1f1f7,Flags/costa-rica-flag__1f1e8_1f1f7.png,https://fonts.gstatic.com/s/e/noto3demoji/latest/1f1e8_1f1f7/512.png,512,512,100842,2953369311a8a150ab36afb8a637fd488134ec6fa1e3f7053e57fd8511074335
🇨🇺,Cuba Flag,Flags,1f1e8_1f1fa,Flags/cuba-flag__1f1e8_1f1fa.png,https://fonts.gstatic.com/s/e/noto3demoji/latest/1f1e8_1f1fa/512.png,512,512,111500,3ba70061141241c83132c0f5daff130f478bc9b32647d0d69dc369a531fe893c
🇨🇻,Cape Verde Flag,Flags,1f1e8_1f1fb,Flags/cape-verde-flag__1f1e8_1f1fb.png,https://fonts.gstatic.com/s/e/noto3demoji/latest/1f1e8_1f1fb/512.png,512,512,116545,2dba3089db1e79719327334ea4f2d941b654151d9ef6197c7a307d747f451595
🇨🇼,Curaçao Flag,Flags,1f1e8_1f1fc,Flags/cura-ao-flag__1f1e8_1f1fc.png,https://fonts.gstatic.com/s/e/noto3demoji/latest/1f1e8_1f1fc/512.png,512,512,104368,6004ca0569b0e2b2c10f0373889f935693102056a996845ec385bf0cd4d034f1
🇨🇽,Christmas Island Flag,Flags,1f1e8_1f1fd,Flags/christmas-island-flag__1f1e8_1f1fd.png,https://fonts.gstatic.com/s/e/noto3demoji/latest/1f1e8_1f1fd/512.png,512,512,117309,b143f0f9a3c6d58d518ce6f71c72c7460ca4c043142070497f6c556a3c2af60e
🇨🇾,Cyprus Flag,Flags,1f1e8_1f1fe,Flags/cyprus-flag__1f1e8_1f1fe.png,https://fonts.gstatic.com/s/e/noto3demoji/latest/1f1e8_1f1fe/512.png,512,512,98018,74e7a59212699c4a545ee7fc3a32d99aee5db71c47069a7b2ebbc1c6c2e31d8e
🇨🇿,Czechia Flag,Flags,1f1e8_1f1ff,Flags/czechia-flag__1f1e8_1f1ff.png,https://fonts.gstatic.com/s/e/noto3demoji/latest/1f1e8_1f1ff/512.png,512,512,88108,96683cd30be1b325324590bbbf73e0d5666cd6498dff72c0301c106ecc159abb
🇩🇪,Germany Flag,Flags,1f1e9_1f1ea,Flags/germany-flag__1f1e9_1f1ea.png,https://fonts.gstatic.com/s/e/noto3demoji/latest/1f1e9_1f1ea/512.png,512,512,74944,53db82a078daf8d8dd88b5466f6577c6edd9538ada4578b9f2c66926cd54a63c
🇩🇬,Diego Garcia Flag,Flags,1f1e9_1f1ec,Flags/diego-garcia-flag__1f1e9_1f1ec.png,https://fonts.gstatic.com/s/e/noto3demoji/latest/1f1e9_1f1ec/512.png,512,512,179594,430615f94c061f8c390a0eeb8670238ea941fcc87ee44b9d7a89c7bb51024e43
🇩🇯,Djibouti Flag,Flags,1f1e9_1f1ef,Flags/djibouti-flag__1f1e9_1f1ef.png,https://fonts.gstatic.com/s/e/noto3demoji/latest/1f1e9_1f1ef/512.png,512,512,100417,5fd6144551f924c7de0561a5525bc6c5ef79d2a1047888ad850beccb61553a90
🇩🇰,Denmark Flag,Flags,1f1e9_1f1f0,Flags/denmark-flag__1f1e9_1f1f0.png,https://fonts.gstatic.com/s/e/noto3demoji/latest/1f1e9_1f1f0/512.png,512,512,113460,485a510d20c08830ea8cf0258b1a45ea2c866942611c165e29d501208b71ac7b
🇩🇲,Dominica Flag,Flags,1f1e9_1f1f2,Flags/dominica-flag__1f1e9_1f1f2.png,https://fonts.gstatic.com/s/e/noto3demoji/latest/1f1e9_1f1f2/512.png,512,512,116014,02a29f3e954882b9c740e52b820b7664fc8537039acd96d6aa4afdadc96df9ab
🇩🇴,Dominican Republic Flag,Flags,1f1e9_1f1f4,Flags/dominican-republic-flag__1f1e9_1f1f4.png,https://fonts.gstatic.com/s/e/noto3demoji/latest/1f1e9_1f1f4/512.png,512,512,105887,c3ffcac16c986fe6f0197d2a136ba80623d5fe2aa82ce175b7f77a630a97dfb8
🇩🇿,Algeria Flag,Flags,1f1e9_1f1ff,Flags/algeria-flag__1f1e9_1f1ff.png,https://fonts.gstatic.com/s/e/noto3demoji/latest/1f1e9_1f1ff/512.png,512,512,100203,636e9c73cb8c3dc8f00aafce232ab44234954b6f307a22dbc7a82395ca51afe7
🇪🇦,Ceuta Melilla Flag,Flags,1f1ea_1f1e6,Flags/ceuta-melilla-flag__1f1ea_1f1e6.png,https://fonts.gstatic.com/s/e/noto3demoji/latest/1f1ea_1f1e6/512.png,512,512,103331,2766d2ceb2f6b0667304b6c5918aae1adf7d71e4c555b7e4595eb83152ac5b27
🇪🇨,Ecuador Flag,Flags,1f1ea_1f1e8,Flags/ecuador-flag__1f1ea_1f1e8.png,https://fonts.gstatic.com/s/e/noto3demoji/latest/1f1ea_1f1e8/512.png,512,512,105304,9ae145458d707ef1bf93489803554290735665ba2df8bd6b3779bfec5843ddbf
🇪🇪,Estonia Flag,Flags,1f1ea_1f1ea,Flags/estonia-flag__1f1ea_1f1ea.png,https://fonts.gstatic.com/s/e/noto3demoji/latest/1f1ea_1f1ea/512.png,512,512,91949,309fc5f88f13c71f4c7f8eb9fbd8a0cd28a10b74e44fe5a763d2d2fd870d36df
🇪🇬,Egypt Flag,Flags,1f1ea_1f1ec,Flags/egypt-flag__1f1ea_1f1ec.png,https://fonts.gstatic.com/s/e/noto3demoji/latest/1f1ea_1f1ec/512.png,512,512,103896,379bd6513165061ae6c3315aea0b8c2e09b3abf8745b90ebacc2997573e51c16
🇪🇭,Western Sahara Flag,Flags,1f1ea_1f1ed,Flags/western-sahara-flag__1f1ea_1f1ed.png,https://fonts.gstatic.com/s/e/noto3demoji/latest/1f1ea_1f1ed/512.png,512,512,105027,be78659dc6d683e76b00b32b25398f5f91738cc6e5403506d848e2b808b806f0
🇪🇷,Eritrea Flag,Flags,1f1ea_1f1f7,Flags/eritrea-flag__1f1ea_1f1f7.png,https://fonts.gstatic.com/s/e/noto3demoji/latest/1f1ea_1f1f7/512.png,512,512,110630,bb1a9dd363b77175ff118137147563016867edc60a2e91489e9d3b1ef19f2c8a
🇪🇸,Spain Flag,Flags,1f1ea_1f1f8,Flags/spain-flag__1f1ea_1f1f8.png,https://fonts.gstatic.com/s/e/noto3demoji/latest/1f1ea_1f1f8/512.png,512,512,103399,d740cae38b4a30588dbd098afa7e48b2a8787ef71cff695b8d31fa26d121829c
🇪🇹,Ethiopia Flag,Flags,1f1ea_1f1f9,Flags/ethiopia-flag__1f1ea_1f1f9.png,https://fonts.gstatic.com/s/e/noto3demoji/latest/1f1ea_1f1f9/512.png,512,512,105509,31c03a455fdd2d167af4b8abc84aa4ff4a7eaec96404ebee5a9209d6b651ab83
🇪🇺,European Union Flag,Flags,1f1ea_1f1fa,Flags/european-union-flag__1f1ea_1f1fa.png,https://fonts.gstatic.com/s/e/noto3demoji/latest/1f1ea_1f1fa/512.png,512,512,110022,3709a55eaae75a9643c713b0958a6e57ef7bf7bf4455f77eed0ab28f95f9ce2d
🇫🇮,Finland Flag,Flags,1f1eb_1f1ee,Flags/finland-flag__1f1eb_1f1ee.png,https://fonts.gstatic.com/s/e/noto3demoji/latest/1f1eb_1f1ee/512.png,512,512,97031,39f7610e02073b4d2045e01931e98fe674cda60d9dea663311cdf0c40951315a
🇫🇯,Fiji Flag,Flags,1f1eb_1f1ef,Flags/fiji-flag__1f1eb_1f1ef.png,https://fonts.gstatic.com/s/e/noto3demoji/latest/1f1eb_1f1ef/512.png,512,512,136575,849dc91d2ca3467e5f9d126d342e49fbc11d781f400d7d4c61782dd629f6b800
🇫🇰,Falkland Islands Flag,Flags,1f1eb_1f1f0,Flags/falkland-islands-flag__1f1eb_1f1f0.png,https://fonts.gstatic.com/s/e/noto3demoji/latest/1f1eb_1f1f0/512.png,512,512,145145,83fa031c8be8b34ec6648c073a8f3518b321265b57652d56f06f14842b2f515a
🇫🇲,Micronesia Flag,Flags,1f1eb_1f1f2,Flags/micronesia-flag__1f1eb_1f1f2.png,https://fonts.gstatic.com/s/e/noto3demoji/latest/1f1eb_1f1f2/512.png,512,512,100620,60154a2a29f654812c9e0d86244767c9d1379de476e643356290f305fca82bb4
🇫🇴,Faroe Islands Flag,Flags,1f1eb_1f1f4,Flags/faroe-islands-flag__1f1eb_1f1f4.png,https://fonts.gstatic.com/s/e/noto3demoji/latest/1f1eb_1f1f4/512.png,512,512,101927,2b71263ac7f8066c1e5e41ac695b6b00d745b7f6c5d1b28c21c6607370085e9b
🇫🇷,France Flag,Flags,1f1eb_1f1f7,Flags/france-flag__1f1eb_1f1f7.png,https://fonts.gstatic.com/s/e/noto3demoji/latest/1f1eb_1f1f7/512.png,512,512,91616,c2f22dc339f6f5ee8722e53017109ade2eba193dafdcdf8134f0db1f8500139e
🇬🇦,Gabon Flag,Flags,1f1ec_1f1e6,Flags/gabon-flag__1f1ec_1f1e6.png,https://fonts.gstatic.com/s/e/noto3demoji/latest/1f1ec_1f1e6/512.png,512,512,114497,76964c536955babff5147609401b9d853b209b73c497b3d4b8e5b9a15b54dd8b
🇬🇧,United Kingdom Flag,Flags,1f1ec_1f1e7,Flags/united-kingdom-flag__1f1ec_1f1e7.png,https://fonts.gstatic.com/s/e/noto3demoji/latest/1f1ec_1f1e7/512.png,512,512,127752,69d420339764f0be4636a1bd76ac5cd66b40ce5cecbe3be6feef0334192b0913
🇬🇩,Grenada Flag,Flags,1f1ec_1f1e9,Flags/grenada-flag__1f1ec_1f1e9.png,https://fonts.gstatic.com/s/e/noto3demoji/latest/1f1ec_1f1e9/512.png,512,512,109310,a74d17bbbd47144db56ecc6a6db33eadfd07dfe61d26ef799f071c62157ab849
🇬🇪,Georgia Flag,Flags,1f1ec_1f1ea,Flags/georgia-flag__1f1ec_1f1ea.png,https://fonts.gstatic.com/s/e/noto3demoji/latest/1f1ec_1f1ea/512.png,512,512,78363,e9986d10ad5860682e95832223dc9f23c57d54d2755309f1ed326fc0e98aa59f
🇬🇫,French Guiana Flag,Flags,1f1ec_1f1eb,Flags/french-guiana-flag__1f1ec_1f1eb.png,https://fonts.gstatic.com/s/e/noto3demoji/latest/1f1ec_1f1eb/512.png,512,512,90157,53514dfd0736657441d81e93403ecf4bd1d4837456397b45e528058e48fdbfb4
🇬🇬,Guernsey Flag,Flags,1f1ec_1f1ec,Flags/guernsey-flag__1f1ec_1f1ec.png,https://fonts.gstatic.com/s/e/noto3demoji/latest/1f1ec_1f1ec/512.png,512,512,89335,8424a2663fa3a6d5f97f6c4e517cdaeb12b24d23473cc7aae56cff780d7a5794
🇬🇭,Ghana Flag,Flags,1f1ec_1f1ed,Flags/ghana-flag__1f1ec_1f1ed.png,https://fonts.gstatic.com/s/e/noto3demoji/latest/1f1ec_1f1ed/512.png,512,512,93249,f23a413ae53dd6e95dea9e74b061e7d42a76b4243c2195a4974d218fe538dbb4
🇬🇮,Gibraltar Flag,Flags,1f1ec_1f1ee,Flags/gibraltar-flag__1f1ec_1f1ee.png,https://fonts.gstatic.com/s/e/noto3demoji/latest/1f1ec_1f1ee/512.png,512,512,95316,0e7fe7c51afd6a0b25b10932ddbea1139482e6a3919dbb549e7ccfd56f178c28
🇬🇱,Greenland Flag,Flags,1f1ec_1f1f1,Flags/greenland-flag__1f1ec_1f1f1.png,https://fonts.gstatic.com/s/e/noto3demoji/latest/1f1ec_1f1f1/512.png,512,512,91263,52c10de7f4965f70f46a5f0881d7c66310c3b44d3158f962ccb81e21de2249a9
🇬🇲,Gambia Flag,Flags,1f1ec_1f1f2,Flags/gambia-flag__1f1ec_1f1f2.png,https://fonts.gstatic.com/s/e/noto3demoji/latest/1f1ec_1f1f2/512.png,512,512,103721,5e49155801a3d912dcdacdaa7044d6701ca57961f6bacd8f5951b0429f056157
🇬🇳,Guinea Flag,Flags,1f1ec_1f1f3,Flags/guinea-flag__1f1ec_1f1f3.png,https://fonts.gstatic.com/s/e/noto3demoji/latest/1f1ec_1f1f3/512.png,512,512,87078,47a8ccc38ef98cbb185fd1571587f53b64368f8e191ae047af3890102f41c9b4
🇬🇵,Guadeloupe Flag,Flags,1f1ec_1f1f5,Flags/guadeloupe-flag__1f1ec_1f1f5.png,https://fonts.gstatic.com/s/e/noto3demoji/latest/1f1ec_1f1f5/512.png,512,512,135423,39416e78624f621e6b5c5e66431cc76a0ad165f3be7888e3c065ae5c4f7f6efc
🇬🇶,Equatorial Guinea Flag,Flags,1f1ec_1f1f6,Flags/equatorial-guinea-flag__1f1ec_1f1f6.png,https://fonts.gstatic.com/s/e/noto3demoji/latest/1f1ec_1f1f6/512.png,512,512,100339,2c06f0a077a1bb69bb8a94925f229c63fb699725aa03dce0fc74d27e37d0c444
🇬🇷,Greece Flag,Flags,1f1ec_1f1f7,Flags/greece-flag__1f1ec_1f1f7.png,https://fonts.gstatic.com/s/e/noto3demoji/latest/1f1ec_1f1f7/512.png,512,512,115221,a926848926aaaa74d3c5d7189214ef63d1636f854db02ffa1225ce3b63d1c1c1
🇬🇸,South Georgia South Flag,Flags,1f1ec_1f1f8,Flags/south-georgia-south-flag__1f1ec_1f1f8.png,https://fonts.gstatic.com/s/e/noto3demoji/latest/1f1ec_1f1f8/512.png,512,512,152254,49341f614db5a39ee22479c9ffb3012f8067684fc1ed5b3e93d04f5fa75949e5
🇬🇹,Guatemala Flag,Flags,1f1ec_1f1f9,Flags/guatemala-flag__1f1ec_1f1f9.png,https://fonts.gstatic.com/s/e/noto3demoji/latest/1f1ec_1f1f9/512.png,512,512,111308,988104e112529faf2840e8d561fb4466a37eb3b3b33590668de63e09bf69439e
🇬🇺,Guam Flag,Flags,1f1ec_1f1fa,Flags/guam-flag__1f1ec_1f1fa.png,https://fonts.gstatic.com/s/e/noto3demoji/latest/1f1ec_1f1fa/512.png,512,512,116259,2a687b14db2c9fd95d89cbc39bcc1cbb8cc961b71c5332814e7698e1c4e3667c
🇬🇼,Guinea Bissau Flag,Flags,1f1ec_1f1fc,Flags/guinea-bissau-flag__1f1ec_1f1fc.png,https://fonts.gstatic.com/s/e/noto3demoji/latest/1f1ec_1f1fc/512.png,512,512,90059,2e7d329d95d970db183068208b9466cbc6f680a81f10ac779986802c29549e87
🇬🇾,Guyana Flag,Flags,1f1ec_1f1fe,Flags/guyana-flag__1f1ec_1f1fe.png,https://fonts.gstatic.com/s/e/noto3demoji/latest/1f1ec_1f1fe/512.png,512,512,113131,8cb7e6ab521fce2d6266f6931b8be07af0bf5c592a86f8593a819a6ae1e338e6
🇭🇰,Hong Kong Sar China Flag,Flags,1f1ed_1f1f0,Flags/hong-kong-sar-china-flag__1f1ed_1f1f0.png,https://fonts.gstatic.com/s/e/noto3demoji/latest/1f1ed_1f1f0/512.png,512,512,95993,a44ed6f8694b0983e1db60128f42e07bb7d45b9ddde08d09df4548ff153f7313
🇭🇲,Heard Mcdonald Islands Flag,Flags,1f1ed_1f1f2,Flags/heard-mcdonald-islands-flag__1f1ed_1f1f2.png,https://fonts.gstatic.com/s/e/noto3demoji/latest/1f1ed_1f1f2/512.png,512,512,120429,7316fc0bb456b74314c017520df8ee974091eb3d82ca63460d83eeb7b7ceeda2
🇭🇳,Honduras Flag,Flags,1f1ed_1f1f3,Flags/honduras-flag__1f1ed_1f1f3.png,https://fonts.gstatic.com/s/e/noto3demoji/latest/1f1ed_1f1f3/512.png,512,512,102948,1347d0357aeab27c086f973b3881414178bfbacd28914aafdf3ff9d4883a9804
🇭🇷,Croatia Flag,Flags,1f1ed_1f1f7,Flags/croatia-flag__1f1ed_1f1f7.png,https://fonts.gstatic.com/s/e/noto3demoji/latest/1f1ed_1f1f7/512.png,512,512,92941,144404119e4418e3f1a5631caf4acb7dcb07a7251c08c1d0df4f2c64fc7d57de
🇭🇹,Haiti Flag,Flags,1f1ed_1f1f9,Flags/haiti-flag__1f1ed_1f1f9.png,https://fonts.gstatic.com/s/e/noto3demoji/latest/1f1ed_1f1f9/512.png,512,512,105981,40b5bae3b1bc2615914bec3405caa87d1a9f38fdb31a644671afa2fd2608b4f5
🇭🇺,Hungary Flag,Flags,1f1ed_1f1fa,Flags/hungary-flag__1f1ed_1f1fa.png,https://fonts.gstatic.com/s/e/noto3demoji/latest/1f1ed_1f1fa/512.png,512,512,95812,26041e74f371639d5cbe4b5cd3743a5aac377bf5552c1f0bcfce0e39e56d2da2
🇮🇨,Canary Islands Flag,Flags,1f1ee_1f1e8,Flags/canary-islands-flag__1f1ee_1f1e8.png,https://fonts.gstatic.com/s/e/noto3demoji/latest/1f1ee_1f1e8/512.png,512,512,79194,395e8d17f4cbf405a17b830fbf3a070256cb4b476ab366fa26a9d013ac931322
🇮🇩,Indonesia Flag,Flags,1f1ee_1f1e9,Flags/indonesia-flag__1f1ee_1f1e9.png,https://fonts.gstatic.com/s/e/noto3demoji/latest/1f1ee_1f1e9/512.png,512,512,60119,eee371299399888d895f8d82d97efb3f84132abde26c348e67ab827cf5009332
🇮🇪,Ireland Flag,Flags,1f1ee_1f1ea,Flags/ireland-flag__1f1ee_1f1ea.png,https://fonts.gstatic.com/s/e/noto3demoji/latest/1f1ee_1f1ea/512.png,512,512,91206,ac4acd4af243168c6a1369389017baa1b4188cc1c6e430098b22703e9451a328
🇮🇱,Israel Flag,Flags,1f1ee_1f1f1,Flags/israel-flag__1f1ee_1f1f1.png,https://fonts.gstatic.com/s/e/noto3demoji/latest/1f1ee_1f1f1/512.png,512,512,107494,1231f72be41f4f8ec8adc5b337ffb69327a7f4d3842928fdcb21830bbb014f3f
🇮🇲,Isle Of Man Flag,Flags,1f1ee_1f1f2,Flags/isle-of-man-flag__1f1ee_1f1f2.png,https://fonts.gstatic.com/s/e/noto3demoji/latest/1f1ee_1f1f2/512.png,512,512,105706,6f2203ed46284e9ccab41c3a08816a4f1f1b5822c6220b502d6cd079259caff8
🇮🇳,India Flag,Flags,1f1ee_1f1f3,Flags/india-flag__1f1ee_1f1f3.png,https://fonts.gstatic.com/s/e/noto3demoji/latest/1f1ee_1f1f3/512.png,512,512,102226,59456545d038a0fbce5224174ed2c2c7596bf5affa7313c18370c292db2531c0
🇮🇴,British Indian Ocean Territory Flag,Flags,1f1ee_1f1f4,Flags/british-indian-ocean-territory-flag__1f1ee_1f1f4.png,https://fonts.gstatic.com/s/e/noto3demoji/latest/1f1ee_1f1f4/512.png,512,512,178944,688a4047234d68e96414e9c4265877621918256f0ea19079d95861243409e7c9
🇮🇶,Iraq Flag,Flags,1f1ee_1f1f6,Flags/iraq-flag__1f1ee_1f1f6.png,https://fonts.gstatic.com/s/e/noto3demoji/latest/1f1ee_1f1f6/512.png,512,512,99598,aac2d362d828b0e7ba19592770862f4e621877c9aed04a0a81263f6dfb37e4a1
🇮🇷,Iran Flag,Flags,1f1ee_1f1f7,Flags/iran-flag__1f1ee_1f1f7.png,https://fonts.gstatic.com/s/e/noto3demoji/latest/1f1ee_1f1f7/512.png,512,512,113360,a8624c5d1bf4eecbcb70adce8ff56f6a4e8a087831733036238e763befe2dadc
🇮🇸,Iceland Flag,Flags,1f1ee_1f1f8,Flags/iceland-flag__1f1ee_1f1f8.png,https://fonts.gstatic.com/s/e/noto3demoji/latest/1f1ee_1f1f8/512.png,512,512,105922,54410afaf15719f47e79b92b3bd523f2a6c7007b1f06515ed82eec4a68194c0d
🇮🇹,Italy Flag,Flags,1f1ee_1f1f9,Flags/italy-flag__1f1ee_1f1f9.png,https://fonts.gstatic.com/s/e/noto3demoji/latest/1f1ee_1f1f9/512.png,512,512,94168,22b547830f4d3726eb612a27c6b3dc1f2112296789a939d4e420938cdb2dc293
🇯🇪,Jersey Flag,Flags,1f1ef_1f1ea,Flags/jersey-flag__1f1ef_1f1ea.png,https://fonts.gstatic.com/s/e/noto3demoji/latest/1f1ef_1f1ea/512.png,512,512,113299,f6867f3b7232a38b2b2f40e8ddeb01043566621b5dba41c9ebc712fcb3455921
🇯🇲,Jamaica Flag,Flags,1f1ef_1f1f2,Flags/jamaica-flag__1f1ef_1f1f2.png,https://fonts.gstatic.com/s/e/noto3demoji/latest/1f1ef_1f1f2/512.png,512,512,105403,6910deb28b44319824e9b8fc996fa376eb61db79cdf0efbb8dc46f6848ad8e97
🇯🇴,Jordan Flag,Flags,1f1ef_1f1f4,Flags/jordan-flag__1f1ef_1f1f4.png,https://fonts.gstatic.com/s/e/noto3demoji/latest/1f1ef_1f1f4/512.png,512,512,104988,0fd40b3ec55711618dbbbbd246baf585f986318ce093add41cd1e2b1e1d9b329
🇯🇵,Japan Flag,Flags,1f1ef_1f1f5,Flags/japan-flag__1f1ef_1f1f5.png,https://fonts.gstatic.com/s/e/noto3demoji/latest/1f1ef_1f1f5/512.png,512,512,83491,dbe4121cad63b6f10d2904bcbc598e4279b4445f1de45b2e3911f478d7d07286
🇰🇪,Kenya Flag,Flags,1f1f0_1f1ea,Flags/kenya-flag__1f1f0_1f1ea.png,https://fonts.gstatic.com/s/e/noto3demoji/latest/1f1f0_1f1ea/512.png,512,512,111137,fd6a5e0dfec34730f1eea76a83bf8b31aef40d932ba233eea9e272f5b5e96eff
🇰🇬,Kyrgyzstan Flag,Flags,1f1f0_1f1ec,Flags/kyrgyzstan-flag__1f1f0_1f1ec.png,https://fonts.gstatic.com/s/e/noto3demoji/latest/1f1f0_1f1ec/512.png,512,512,100871,0aa84e0770a8e561f6da592a304e4c617be9e9509824e8401f55fece6171165f
🇰🇭,Cambodia Flag,Flags,1f1f0_1f1ed,Flags/cambodia-flag__1f1f0_1f1ed.png,https://fonts.gstatic.com/s/e/noto3demoji/latest/1f1f0_1f1ed/512.png,512,512,123017,224c10dcfd852a86c7709f571ed6c86cbeb2414f61a14516c261352fcba467ff
🇰🇮,Kiribati Flag,Flags,1f1f0_1f1ee,Flags/kiribati-flag__1f1f0_1f1ee.png,https://fonts.gstatic.com/s/e/noto3demoji/latest/1f1f0_1f1ee/512.png,512,512,124172,7498949128ace2a016d8d477a335df6e63dfa3cce3179e31419b43b43bf566ac
🇰🇲,Comoros Flag,Flags,1f1f0_1f1f2,Flags/comoros-flag__1f1f0_1f1f2.png,https://fonts.gstatic.com/s/e/noto3demoji/latest/1f1f0_1f1f2/512.png,512,512,105154,173bfbc5048b10c115e675ee6c8cd8e813ee6ffd4be4dbfee3c35e93188c3230
🇰🇳,St. Kitts & Nevis Flag,Flags,1f1f0_1f1f3,Flags/st-kitts-nevis-flag__1f1f0_1f1f3.png,https://fonts.gstatic.com/s/e/noto3demoji/latest/1f1f0_1f1f3/512.png,512,512,110551,6f43325034e7644e1a90484df1716bfcd99281427abb1424a4c53ecedde47c13
🇰🇵,North Korea Flag,Flags,1f1f0_1f1f5,Flags/north-korea-flag__1f1f0_1f1f5.png,https://fonts.gstatic.com/s/e/noto3demoji/latest/1f1f0_1f1f5/512.png,512,512,93101,e134753cc5dc027bb9fc27e47a2f3ae090175bc4847c8a67f9f267c2bbe8084d
🇰🇷,South Korea Flag,Flags,1f1f0_1f1f7,Flags/south-korea-flag__1f1f0_1f1f7.png,https://fonts.gstatic.com/s/e/noto3demoji/latest/1f1f0_1f1f7/512.png,512,512,113031,75e0d9ecb125039002cc2ae5a9be48a62ecfa78a6c21968c408a9389f2c30864
🇰🇼,Kuwait Flag,Flags,1f1f0_1f1fc,Flags/kuwait-flag__1f1f0_1f1fc.png,https://fonts.gstatic.com/s/e/noto3demoji/latest/1f1f0_1f1fc/512.png,512,512,96225,7e0cd62a4f96515effc60eb4cc0736952dab25c8a9afaca3e0855894c0f4622e
🇰🇾,Cayman Islands Flag,Flags,1f1f0_1f1fe,Flags/cayman-islands-flag__1f1f0_1f1fe.png,https://fonts.gstatic.com/s/e/noto3demoji/latest/1f1f0_1f1fe/512.png,512,512,147960,ed4efe6d40a91f3842681be486692c0d93f292d6815a52134f85a55102fb678a
🇰🇿,Kazakhstan Flag,Flags,1f1f0_1f1ff,Flags/kazakhstan-flag__1f1f0_1f1ff.png,https://fonts.gstatic.com/s/e/noto3demoji/latest/1f1f0_1f1ff/512.png,512,512,121834,af74b6c33711db14eca5725ed8dba20b541fbccebda465046e1eceae94b764ef
🇱🇦,Laos Flag,Flags,1f1f1_1f1e6,Flags/laos-flag__1f1f1_1f1e6.png,https://fonts.gstatic.com/s/e/noto3demoji/latest/1f1f1_1f1e6/512.png,512,512,102351,efe211daa4f87563e24915177e2bed6a8d3ffd7ef3db59563058b70bb1c23338
🇱🇧,Lebanon Flag,Flags,1f1f1_1f1e7,Flags/lebanon-flag__1f1f1_1f1e7.png,https://fonts.gstatic.com/s/e/noto3demoji/latest/1f1f1_1f1e7/512.png,512,512,92745,7e5bcd8a5020d420da38b7acf3b06a5296fe933a280d267e11aa8dbce96dd6b3
🇱🇨,St. Lucia Flag,Flags,1f1f1_1f1e8,Flags/st-lucia-flag__1f1f1_1f1e8.png,https://fonts.gstatic.com/s/e/noto3demoji/latest/1f1f1_1f1e8/512.png,512,512,96488,37346bbc7f39a295e29cda1d3675ebdda61a0c59a93ca9dc80e9b3c848b672c9
🇱🇮,Liechtenstein Flag,Flags,1f1f1_1f1ee,Flags/liechtenstein-flag__1f1f1_1f1ee.png,https://fonts.gstatic.com/s/e/noto3demoji/latest/1f1f1_1f1ee/512.png,512,512,105152,bbf5e7e618c91a8a4b8fec4c2c6c0c82aeac0740f15fe41eb1dcd289c8a7c2e5
🇱🇰,Sri Lanka Flag,Flags,1f1f1_1f1f0,Flags/sri-lanka-flag__1f1f1_1f1f0.png,https://fonts.gstatic.com/s/e/noto3demoji/latest/1f1f1_1f1f0/512.png,512,512,123188,dd6001c11ffd10c69b5aeb8128284703f2bfa266f432c211fe2959bb0ef3f7aa
🇱🇷,Liberia Flag,Flags,1f1f1_1f1f7,Flags/liberia-flag__1f1f1_1f1f7.png,https://fonts.gstatic.com/s/e/noto3demoji/latest/1f1f1_1f1f7/512.png,512,512,120499,2f9c0a8cd6b49f1f5f8f0b8848575473a3aa77157792570c80d035b930d4cad4
🇱🇸,Lesotho Flag,Flags,1f1f1_1f1f8,Flags/lesotho-flag__1f1f1_1f1f8.png,https://fonts.gstatic.com/s/e/noto3demoji/latest/1f1f1_1f1f8/512.png,512,512,103740,1eb5955f56b9356e1a2590f7924cab124124033b1298913424b92bdb72ae06b8
🇱🇹,Lithuania Flag,Flags,1f1f1_1f1f9,Flags/lithuania-flag__1f1f1_1f1f9.png,https://fonts.gstatic.com/s/e/noto3demoji/latest/1f1f1_1f1f9/512.png,512,512,92053,f99f5009ed3f8f41f30ebdbc22181f1bb45f5998e96f9819a48a058ba884b4cf
🇱🇺,Luxembourg Flag,Flags,1f1f1_1f1fa,Flags/luxembourg-flag__1f1f1_1f1fa.png,https://fonts.gstatic.com/s/e/noto3demoji/latest/1f1f1_1f1fa/512.png,512,512,87816,081356bb5b744a892e0b53260f82bbacc26ab8ecda2b4e38dc4c622185b51893
🇱🇻,Latvia Flag,Flags,1f1f1_1f1fb,Flags/latvia-flag__1f1f1_1f1fb.png,https://fonts.gstatic.com/s/e/noto3demoji/latest/1f1f1_1f1fb/512.png,512,512,98537,381f2302dd2c58985dfebfb3056668287c3a828ba20d82d133474ffcc5e20110
🇱🇾,Libya Flag,Flags,1f1f1_1f1fe,Flags/libya-flag__1f1f1_1f1fe.png,https://fonts.gstatic.com/s/e/noto3demoji/latest/1f1f1_1f1fe/512.png,512,512,94852,dbe74363027ecbe1f849af218c24fe1efd46a94707b5177388e2fb83b4567907
🇲🇦,Morocco Flag,Flags,1f1f2_1f1e6,Flags/morocco-flag__1f1f2_1f1e6.png,https://fonts.gstatic.com/s/e/noto3demoji/latest/1f1f2_1f1e6/512.png,512,512,101060,da74eade0f696960a60700661aa2875968f88de8b4b01460025cee983c580b91
🇲🇨,Monaco Flag,Flags,1f1f2_1f1e8,Flags/monaco-flag__1f1f2_1f1e8.png,https://fonts.gstatic.com/s/e/noto3demoji/latest/1f1f2_1f1e8/512.png,512,512,110321,f1395cc1c614113d431bfbc68dbbacaef9e9dafef04758fc4d04151b67033361
🇲🇩,Moldova Flag,Flags,1f1f2_1f1e9,Flags/moldova-flag__1f1f2_1f1e9.png,https://fonts.gstatic.com/s/e/noto3demoji/latest/1f1f2_1f1e9/512.png,512,512,108568,1dd5295701099dee048db8fc778900139525c8172a4442ddfffa64acf689ce33
🇲🇪,Montenegro Flag,Flags,1f1f2_1f1ea,Flags/montenegro-flag__1f1f2_1f1ea.png,https://fonts.gstatic.com/s/e/noto3demoji/latest/1f1f2_1f1ea/512.png,512,512,111264,1d5aacf6dd8843343fb656680a3a4c8023869300a1af2231fe8c9015be891ced
🇲🇫,St Martin Flag,Flags,1f1f2_1f1eb,Flags/st-martin-flag__1f1f2_1f1eb.png,https://fonts.gstatic.com/s/e/noto3demoji/latest/1f1f2_1f1eb/512.png,512,512,91608,9a2d70156eeebdc7dcea4e648debd252866aa32d67ae7f515357b01f2ec82ebc
🇲🇬,Madagascar Flag,Flags,1f1f2_1f1ec,Flags/madagascar-flag__1f1f2_1f1ec.png,https://fonts.gstatic.com/s/e/noto3demoji/latest/1f1f2_1f1ec/512.png,512,512,84743,8efb7d0580f7da28594766828763683590a9ba6c94300e96bd73cae899c22b4d
🇲🇭,Marshall Islands Flag,Flags,1f1f2_1f1ed,Flags/marshall-islands-flag__1f1f2_1f1ed.png,https://fonts.gstatic.com/s/e/noto3demoji/latest/1f1f2_1f1ed/512.png,512,512,122942,3b74556f575ca59c2c4186e0e9855ebbc30432e38595574b3d2bc8abc121eedf
🇲🇰,Macedonia Flag,Flags,1f1f2_1f1f0,Flags/macedonia-flag__1f1f2_1f1f0.png,https://fonts.gstatic.com/s/e/noto3demoji/latest/1f1f2_1f1f0/512.png,512,512,84958,3a4778571abb47d4c822abaf9d8b333249638f3666e4b9a5b9d77e2f88e923fa
🇲🇱,Mali Flag,Flags,1f1f2_1f1f1,Flags/mali-flag__1f1f2_1f1f1.png,https://fonts.gstatic.com/s/e/noto3demoji/latest/1f1f2_1f1f1/512.png,512,512,84839,be82cab5a9ff12d08e3056eaacc31ef4e10d08ab3f8c760b06b8684461acfa19
🇲🇲,Myanmar Flag,Flags,1f1f2_1f1f2,Flags/myanmar-flag__1f1f2_1f1f2.png,https://fonts.gstatic.com/s/e/noto3demoji/latest/1f1f2_1f1f2/512.png,512,512,97084,7d873dd09042eacd9d5ff32d43f63a7a7046731fa51d8c638e8e1c30ac9b47ea
🇲🇳,Mongolia Flag,Flags,1f1f2_1f1f3,Flags/mongolia-flag__1f1f2_1f1f3.png,https://fonts.gstatic.com/s/e/noto3demoji/latest/1f1f2_1f1f3/512.png,512,512,106542,4e48ca0b1be12ccd6c2aa3ad9014ef81657f17698835630d59d4884f0c97bab4
🇲🇴,Macau Sar China Flag,Flags,1f1f2_1f1f4,Flags/macau-sar-china-flag__1f1f2_1f1f4.png,https://fonts.gstatic.com/s/e/noto3demoji/latest/1f1f2_1f1f4/512.png,512,512,117836,3058a1ccdfbf6f72d812d29f7f6c8dc616a8f10bfcf06b955bb0148d5485e035
🇲🇵,Northern Mariana Islands Flag,Flags,1f1f2_1f1f5,Flags/northern-mariana-islands-flag__1f1f2_1f1f5.png,https://fonts.gstatic.com/s/e/noto3demoji/latest/1f1f2_1f1f5/512.png,512,512,146381,d376e6da576f7b05034c3512266eb2633cdea3d9a9c5c4a905ddaf29d5726fc1
🇲🇶,Martinique Flag,Flags,1f1f2_1f1f6,Flags/martinique-flag__1f1f2_1f1f6.png,https://fonts.gstatic.com/s/e/noto3demoji/latest/1f1f2_1f1f6/512.png,512,512,95625,ef612a1b6565819a52891a6feb9152e5a682bc0eaf64e7ff87693a295e567bb0
🇲🇷,Mauritania Flag,Flags,1f1f2_1f1f7,Flags/mauritania-flag__1f1f2_1f1f7.png,https://fonts.gstatic.com/s/e/noto3demoji/latest/1f1f2_1f1f7/512.png,512,512,110588,6fe56c8132bd87217c5a926a8dcff78d4b3fd8a35539448bf759ed1f8227dd0c
🇲🇸,Montserrat Flag,Flags,1f1f2_1f1f8,Flags/montserrat-flag__1f1f2_1f1f8.png,https://fonts.gstatic.com/s/e/noto3demoji/latest/1f1f2_1f1f8/512.png,512,512,128471,584eae6e127907cde569acd0e2beac2d1851420b0177ec3e712082e7d5e3dd06
🇲🇹,Malta Flag,Flags,1f1f2_1f1f9,Flags/malta-flag__1f1f2_1f1f9.png,https://fonts.gstatic.com/s/e/noto3demoji/latest/1f1f2_1f1f9/512.png,512,512,83695,9a3224397dbbe72ff99779be978f4a85f4530f49223134a268db0ce7fdb33536
🇲🇺,Mauritius Flag,Flags,1f1f2_1f1fa,Flags/mauritius-flag__1f1f2_1f1fa.png,https://fonts.gstatic.com/s/e/noto3demoji/latest/1f1f2_1f1fa/512.png,512,512,96551,95488c5771b7343686847720f5c615e76df9a41bd60b9872bbe0829fca3e684c
🇲🇻,Maldives Flag,Flags,1f1f2_1f1fb,Flags/maldives-flag__1f1f2_1f1fb.png,https://fonts.gstatic.com/s/e/noto3demoji/latest/1f1f2_1f1fb/512.png,512,512,97192,a7764858aeee2cf7fd8e1ee961b269b2789a996f5cb11795158ef6c2bae96b34
🇲🇼,Malawi Flag,Flags,1f1f2_1f1fc,Flags/malawi-flag__1f1f2_1f1fc.png,https://fonts.gstatic.com/s/e/noto3demoji/latest/1f1f2_1f1fc/512.png,512,512,111424,3d424137012c23401d0b43a563dd110854fbca757fd937c5ecd5eb31bd5d325d
🇲🇽,Mexico Flag,Flags,1f1f2_1f1fd,Flags/mexico-flag__1f1f2_1f1fd.png,https://fonts.gstatic.com/s/e/noto3demoji/latest/1f1f2_1f1fd/512.png,512,512,115043,703201de557bce1a1c2a6930a2657ac8a0d6656ae09045c747b8a4114922d1ee
🇲🇾,Malaysia Flag,Flags,1f1f2_1f1fe,Flags/malaysia-flag__1f1f2_1f1fe.png,https://fonts.gstatic.com/s/e/noto3demoji/latest/1f1f2_1f1fe/512.png,512,512,123318,137217b5f54afcd82c36eec0f19807c5e428e1273eebf347f448d9b461f058b8
🇲🇿,Mozambique Flag,Flags,1f1f2_1f1ff,Flags/mozambique-flag__1f1f2_1f1ff.png,https://fonts.gstatic.com/s/e/noto3demoji/latest/1f1f2_1f1ff/512.png,512,512,112583,489212d35341cf98256d52d47a1c84d546f0f5aabc7a876fa5e8878e192354c8
🇳🇦,Namibia Flag,Flags,1f1f3_1f1e6,Flags/namibia-flag__1f1f3_1f1e6.png,https://fonts.gstatic.com/s/e/noto3demoji/latest/1f1f3_1f1e6/512.png,512,512,118315,447301f766d287350a5a4d78333309c1b2a57eedac72f7109a7c7893f150d36f
🇳🇨,New Caledonia Flag,Flags,1f1f3_1f1e8,Flags/new-caledonia-flag__1f1f3_1f1e8.png,https://fonts.gstatic.com/s/e/noto3demoji/latest/1f1f3_1f1e8/512.png,512,512,111929,2bff0822af22fc3f4adb4cc9867a176ce8dbaad257aa8b2928e3ae02b480982c
🇳🇪,Niger Flag,Flags,1f1f3_1f1ea,Flags/niger-flag__1f1f3_1f1ea.png,https://fonts.gstatic.com/s/e/noto3demoji/latest/1f1f3_1f1ea/512.png,512,512,119399,209559f0c1742c2d7f6fca2bbe900ecf4743b1d4d39dda47ddb911ef6d740dad
🇳🇫,Norfolk Island Flag,Flags,1f1f3_1f1eb,Flags/norfolk-island-flag__1f1f3_1f1eb.png,https://fonts.gstatic.com/s/e/noto3demoji/latest/1f1f3_1f1eb/512.png,512,512,122637,9776c6eb4572ce3d9048d84b991aa354b472c39cfe86c8f9cc21f4c11d942e05
🇳🇬,Nigeria Flag,Flags,1f1f3_1f1ec,Flags/nigeria-flag__1f1f3_1f1ec.png,https://fonts.gstatic.com/s/e/noto3demoji/latest/1f1f3_1f1ec/512.png,512,512,92987,2f9dc69989056634acd398ff964a42dfddd225aa4b8b1cc78432f277a40993ae
🇳🇮,Nicaragua Flag,Flags,1f1f3_1f1ee,Flags/nicaragua-flag__1f1f3_1f1ee.png,https://fonts.gstatic.com/s/e/noto3demoji/latest/1f1f3_1f1ee/512.png,512,512,99737,1e6edb40c3e3320367fbed070db232ac81b900dce3bf861f09a6194f22f64f25
🇳🇱,Netherlands Flag,Flags,1f1f3_1f1f1,Flags/netherlands-flag__1f1f3_1f1f1.png,https://fonts.gstatic.com/s/e/noto3demoji/latest/1f1f3_1f1f1/512.png,512,512,97146,bdc2f60fd6adb574b934307972a7a317ec6b919864bb23898fc20ac391a9e6bb
🇳🇴,Norway Flag,Flags,1f1f3_1f1f4,Flags/norway-flag__1f1f3_1f1f4.png,https://fonts.gstatic.com/s/e/noto3demoji/latest/1f1f3_1f1f4/512.png,512,512,95966,930ffc11a5198d16446945a2aec8a6d86ea06fe7f2e1a8f245c3f9f6ac36f544
🇳🇵,Nepal Flag,Flags,1f1f3_1f1f5,Flags/nepal-flag__1f1f3_1f1f5.png,https://fonts.gstatic.com/s/e/noto3demoji/latest/1f1f3_1f1f5/512.png,512,512,98389,f70d910ae8bcd4b71ee5515864053f08cf02a0d55ed672a8de3c48f17824f6b5
🇳🇷,Nauru Flag,Flags,1f1f3_1f1f7,Flags/nauru-flag__1f1f3_1f1f7.png,https://fonts.gstatic.com/s/e/noto3demoji/latest/1f1f3_1f1f7/512.png,512,512,104181,2926d40c1895eb4ced04663b5c579c2a042f4f28e9d55bf12d312ebb6440e1a0
🇳🇺,Niue Flag,Flags,1f1f3_1f1fa,Flags/niue-flag__1f1f3_1f1fa.png,https://fonts.gstatic.com/s/e/noto3demoji/latest/1f1f3_1f1fa/512.png,512,512,98901,08906f152718e1e7c6666fbe641285b32da11be92cda8730d531ff4b1559eb5c
🇳🇿,New Zealand Flag,Flags,1f1f3_1f1ff,Flags/new-zealand-flag__1f1f3_1f1ff.png,https://fonts.gstatic.com/s/e/noto3demoji/latest/1f1f3_1f1ff/512.png,512,512,123522,2b9ad8d791ee9961af4176bbae09efc7326257c22598ca4483d1eab069f38187
🇴🇲,Oman Flag,Flags,1f1f4_1f1f2,Flags/oman-flag__1f1f4_1f1f2.png,https://fonts.gstatic.com/s/e/noto3demoji/latest/1f1f4_1f1f2/512.png,512,512,93018,a79e3cd10101984c1e746033f1a70f873206d5f6ec46074861b859ed167995fb
🇵🇦,Panama Flag,Flags,1f1f5_1f1e6,Flags/panama-flag__1f1f5_1f1e6.png,https://fonts.gstatic.com/s/e/noto3demoji/latest/1f1f5_1f1e6/512.png,512,512,96912,8be9164fd0cfb62a0277a43204ade37b7305654c14b4e9333a1b98801e5aab44
🇵🇪,Peru Flag,Flags,1f1f5_1f1ea,Flags/peru-flag__1f1f5_1f1ea.png,https://fonts.gstatic.com/s/e/noto3demoji/latest/1f1f5_1f1ea/512.png,512,512,83214,18782b5638c929ab5cb29b1d3402afd56e9ed73202b908ab2fbebe4034df1b24
🇵🇫,French Polynesia Flag,Flags,1f1f5_1f1eb,Flags/french-polynesia-flag__1f1f5_1f1eb.png,https://fonts.gstatic.com/s/e/noto3demoji/latest/1f1f5_1f1eb/512.png,512,512,111269,90148aebc3682563a119ceddf5bb089ed6b121954c18236e71aa1ddb468204cc
🇵🇬,Papua New Guinea Flag,Flags,1f1f5_1f1ec,Flags/papua-new-guinea-flag__1f1f5_1f1ec.png,https://fonts.gstatic.com/s/e/noto3demoji/latest/1f1f5_1f1ec/512.png,512,512,131002,2bbefb190734d3ce7011f3635d756cc21058afdbcdba41ca2710b85911a69b2d
🇵🇭,Philippines Flag,Flags,1f1f5_1f1ed,Flags/philippines-flag__1f1f5_1f1ed.png,https://fonts.gstatic.com/s/e/noto3demoji/latest/1f1f5_1f1ed/512.png,512,512,106906,4de74c0737d5b3e90caedec5dea70ee76c30da4fe8b201adadd39ac457de5fc3
🇵🇰,Pakistan Flag,Flags,1f1f5_1f1f0,Flags/pakistan-flag__1f1f5_1f1f0.png,https://fonts.gstatic.com/s/e/noto3demoji/latest/1f1f5_1f1f0/512.png,512,512,101714,dba252c13e88182b20a96fce1e619d896534a77d3787e78caab4e42457d0262e
🇵🇱,Poland Flag,Flags,1f1f5_1f1f1,Flags/poland-flag__1f1f5_1f1f1.png,https://fonts.gstatic.com/s/e/noto3demoji/latest/1f1f5_1f1f1/512.png,512,512,83272,af3aedb4953ae8bfd60afa4f39d0a62c7e255d6709ad0c4abaa910f50a9737f0
🇵🇲,St Pierre Miquelon Flag,Flags,1f1f5_1f1f2,Flags/st-pierre-miquelon-flag__1f1f5_1f1f2.png,https://fonts.gstatic.com/s/e/noto3demoji/latest/1f1f5_1f1f2/512.png,512,512,187874,5958b5adbaf81477eb2e0b622b6683dc109a1496f4cc9d81bbefa65a4008d978
🇵🇳,Pitcairn Islands Flag,Flags,1f1f5_1f1f3,Flags/pitcairn-islands-flag__1f1f5_1f1f3.png,https://fonts.gstatic.com/s/e/noto3demoji/latest/1f1f5_1f1f3/512.png,512,512,144499,9d9878a008414afbaa4c8c5987f9f44bc0564a22aa3bcb213ffa487f0fcefe2f
🇵🇷,Puerto Rico Flag,Flags,1f1f5_1f1f7,Flags/puerto-rico-flag__1f1f5_1f1f7.png,https://fonts.gstatic.com/s/e/noto3demoji/latest/1f1f5_1f1f7/512.png,512,512,89172,69a568389e3ce9d2132b503126bd46cea611ed629c8d3eaf667c83833b1ade10
🇵🇸,Palestinian Territories Flag,Flags,1f1f5_1f1f8,Flags/palestinian-territories-flag__1f1f5_1f1f8.png,https://fonts.gstatic.com/s/e/noto3demoji/latest/1f1f5_1f1f8/512.png,512,512,100639,6e9342b48ff8659611710adaa22e7beb1e2a88e71c670bb2962eb2741fd32373
🇵🇹,Portugal Flag,Flags,1f1f5_1f1f9,Flags/portugal-flag__1f1f5_1f1f9.png,https://fonts.gstatic.com/s/e/noto3demoji/latest/1f1f5_1f1f9/512.png,512,512,95973,14c9f4aa2420ac413f02223e7eb4cfe6912a505c1d7d22b3190d82f234a9e74e
🇵🇼,Palau Flag,Flags,1f1f5_1f1fc,Flags/palau-flag__1f1f5_1f1fc.png,https://fonts.gstatic.com/s/e/noto3demoji/latest/1f1f5_1f1fc/512.png,512,512,96938,f1faf9a75b45f34c41b18ab06b52fcf6491fae8324b081c236cda6e90c5f17a1
🇵🇾,Paraguay Flag,Flags,1f1f5_1f1fe,Flags/paraguay-flag__1f1f5_1f1fe.png,https://fonts.gstatic.com/s/e/noto3demoji/latest/1f1f5_1f1fe/512.png,512,512,107779,281faaed5c3df3321fa9b85207a38b00b05aa19ed13a2eab50b43ce02c2f112b
🇶🇦,Qatar Flag,Flags,1f1f6_1f1e6,Flags/qatar-flag__1f1f6_1f1e6.png,https://fonts.gstatic.com/s/e/noto3demoji/latest/1f1f6_1f1e6/512.png,512,512,91381,1780185e56163d7a62d1e2c77bac6588d0c9896b7c952f6a2df71d5c47bec504
🇷🇪,Réunion Flag,Flags,1f1f7_1f1ea,Flags/r-union-flag__1f1f7_1f1ea.png,https://fonts.gstatic.com/s/e/noto3demoji/latest/1f1f7_1f1ea/512.png,512,512,93378,e3e8e1c2a10b59c4f1517b7c19af8c47b29f5120556c2f907c39a716f7c2bce3
🇷🇴,Romania Flag,Flags,1f1f7_1f1f4,Flags/romania-flag__1f1f7_1f1f4.png,https://fonts.gstatic.com/s/e/noto3demoji/latest/1f1f7_1f1f4/512.png,512,512,84041,6eb1f8a895feeb09ecc2244b447976774658415a5f31c48e1a8fe283b4334366
🇷🇸,Serbia Flag,Flags,1f1f7_1f1f8,Flags/serbia-flag__1f1f7_1f1f8.png,https://fonts.gstatic.com/s/e/noto3demoji/latest/1f1f7_1f1f8/512.png,512,512,137582,ac0939e6050cae25ed557dcbb0fb89c9e24045db03021836549fcb03ded0195e
🇷🇺,Russia Flag,Flags,1f1f7_1f1fa,Flags/russia-flag__1f1f7_1f1fa.png,https://fonts.gstatic.com/s/e/noto3demoji/latest/1f1f7_1f1fa/512.png,512,512,96529,d6fb5264760f5310611ac5977150b4da7cb92f4df35321c8ae24941bb3e4f3f9
🇷🇼,Rwanda Flag,Flags,1f1f7_1f1fc,Flags/rwanda-flag__1f1f7_1f1fc.png,https://fonts.gstatic.com/s/e/noto3demoji/latest/1f1f7_1f1fc/512.png,512,512,97689,b3f03d845484659961baf105b334b6cf771d3b5864c0bdbf2f8819c4d50a85c4
🇸🇦,Saudi Arabia Flag,Flags,1f1f8_1f1e6,Flags/saudi-arabia-flag__1f1f8_1f1e6.png,https://fonts.gstatic.com/s/e/noto3demoji/latest/1f1f8_1f1e6/512.png,512,512,123631,82a91025f42ccf4d4b0664555e47f0b02113dc6504544000d5977a3fc7c86d22
🇸🇧,Solomon Islands Flag,Flags,1f1f8_1f1e7,Flags/solomon-islands-flag__1f1f8_1f1e7.png,https://fonts.gstatic.com/s/e/noto3demoji/latest/1f1f8_1f1e7/512.png,512,512,110859,f15bfc446d26a88675faa788e80648f78203a748f47a6659fb44c57dc18ca67d
🇸🇨,Seychelles Flag,Flags,1f1f8_1f1e8,Flags/seychelles-flag__1f1f8_1f1e8.png,https://fonts.gstatic.com/s/e/noto3demoji/latest/1f1f8_1f1e8/512.png,512,512,107538,cbad241f6e0baa21581caa03d8f3121085fee9b4241e54fe718ef264574dc6ca
🇸🇩,Sudan Flag,Flags,1f1f8_1f1e9,Flags/sudan-flag__1f1f8_1f1e9.png,https://fonts.gstatic.com/s/e/noto3demoji/latest/1f1f8_1f1e9/512.png,512,512,98784,e66d0fc67542ceb2d64ea004f91fb716fb1453d1fc5fc39aa77b618fb8e3ac27
🇸🇪,Sweden Flag,Flags,1f1f8_1f1ea,Flags/sweden-flag__1f1f8_1f1ea.png,https://fonts.gstatic.com/s/e/noto3demoji/latest/1f1f8_1f1ea/512.png,512,512,93925,757c34fd8e12725c8c8b3f7d3d2d4be8d9d2a0458c2ce0585d363eef2ba333da
🇸🇬,Singapore Flag,Flags,1f1f8_1f1ec,Flags/singapore-flag__1f1f8_1f1ec.png,https://fonts.gstatic.com/s/e/noto3demoji/latest/1f1f8_1f1ec/512.png,512,512,94672,0b4bac83aaf2e743b53021a6a487aeb1656a641931f00abb8406efbb09bb8a85
🇸🇭,St Helena Flag,Flags,1f1f8_1f1ed,Flags/st-helena-flag__1f1f8_1f1ed.png,https://fonts.gstatic.com/s/e/noto3demoji/latest/1f1f8_1f1ed/512.png,512,512,132238,d71431adf0ef7ac758a25aab8418116db3c0f542b999db7b63cf60e27620da4f
🇸🇮,Slovenia Flag,Flags,1f1f8_1f1ee,Flags/slovenia-flag__1f1f8_1f1ee.png,https://fonts.gstatic.com/s/e/noto3demoji/latest/1f1f8_1f1ee/512.png,512,512,93785,f07918f4f3600383f7c1bc97012ad82f1f79a9117dc5fe81ad0500fdc1f3edb1
🇸🇯,Svalbard Jan Mayen Flag,Flags,1f1f8_1f1ef,Flags/svalbard-jan-mayen-flag__1f1f8_1f1ef.png,https://fonts.gstatic.com/s/e/noto3demoji/latest/1f1f8_1f1ef/512.png,512,512,96261,083aae87c160637cca48fe8fbf71a4eab2d47e889932e9ba4ceae9bbdf25a401
🇸🇰,Slovakia Flag,Flags,1f1f8_1f1f0,Flags/slovakia-flag__1f1f8_1f1f0.png,https://fonts.gstatic.com/s/e/noto3demoji/latest/1f1f8_1f1f0/512.png,512,512,95116,d9c827612498ff6ef9b2f8f0735b503a0088714ac6a78e554be89c29fc0b5240
🇸🇱,Sierra Leone Flag,Flags,1f1f8_1f1f1,Flags/sierra-leone-flag__1f1f8_1f1f1.png,https://fonts.gstatic.com/s/e/noto3demoji/latest/1f1f8_1f1f1/512.png,512,512,93452,a1212a14b452ca6a827d7be439090c555d1b86a7aece2c1f7c0264ea30007a6c
🇸🇲,San Marino Flag,Flags,1f1f8_1f1f2,Flags/san-marino-flag__1f1f8_1f1f2.png,https://fonts.gstatic.com/s/e/noto3demoji/latest/1f1f8_1f1f2/512.png,512,512,174622,474090f5044ecb75f6de5bb85576a426a602d3cfa87154a2443e1d68afd0c6f1
🇸🇳,Senegal Flag,Flags,1f1f8_1f1f3,Flags/senegal-flag__1f1f8_1f1f3.png,https://fonts.gstatic.com/s/e/noto3demoji/latest/1f1f8_1f1f3/512.png,512,512,91819,9c33126b2b9634da577c2efb128c05a264312f658c673e60541abae88a666f58
🇸🇴,Somalia Flag,Flags,1f1f8_1f1f4,Flags/somalia-flag__1f1f8_1f1f4.png,https://fonts.gstatic.com/s/e/noto3demoji/latest/1f1f8_1f1f4/512.png,512,512,101226,3079089523ac75d40d4d1a05e46b7569ba728472341a2d67ab1f681f30e86f7c
🇸🇷,Suriname Flag,Flags,1f1f8_1f1f7,Flags/suriname-flag__1f1f8_1f1f7.png,https://fonts.gstatic.com/s/e/noto3demoji/latest/1f1f8_1f1f7/512.png,512,512,109067,322d781ec3b49b868aab3f15f661b9e8a4d6e5ded7e053a1e4e0c4a1315453b9
🇸🇸,South Sudan Flag,Flags,1f1f8_1f1f8,Flags/south-sudan-flag__1f1f8_1f1f8.png,https://fonts.gstatic.com/s/e/noto3demoji/latest/1f1f8_1f1f8/512.png,512,512,107359,f104419594111c6efff4b95381ebbaf45515686c1559dd432d9bdeb323663509
🇸🇹,São Tomé Príncipe Flag,Flags,1f1f8_1f1f9,Flags/s-o-tom-pr-ncipe-flag__1f1f8_1f1f9.png,https://fonts.gstatic.com/s/e/noto3demoji/latest/1f1f8_1f1f9/512.png,512,512,98893,f562f35282fc986f35ba000ab224f1ab64a129b3127de12ffd993cfe075c4e83
🇸🇻,El Salvador Flag,Flags,1f1f8_1f1fb,Flags/el-salvador-flag__1f1f8_1f1fb.png,https://fonts.gstatic.com/s/e/noto3demoji/latest/1f1f8_1f1fb/512.png,512,512,111764,412da0f855573de51321cdd0a2df7a947cb33c75ec188eef71b491553a32344d
🇸🇽,Sint Maarten Flag,Flags,1f1f8_1f1fd,Flags/sint-maarten-flag__1f1f8_1f1fd.png,https://fonts.gstatic.com/s/e/noto3demoji/latest/1f1f8_1f1fd/512.png,512,512,108973,0ce5cc006772ecef2500d323edb4cb35adcd89260b993ad9dded624ad9adaeed
🇸🇾,Syria Flag,Flags,1f1f8_1f1fe,Flags/syria-flag__1f1f8_1f1fe.png,https://fonts.gstatic.com/s/e/noto3demoji/latest/1f1f8_1f1fe/512.png,512,512,106394,fae4e1dd57f9582ac6cb29fbc70047f7baf92d08f01fce238ae3b616402fb53f
🇸🇿,Swaziland Flag,Flags,1f1f8_1f1ff,Flags/swaziland-flag__1f1f8_1f1ff.png,https://fonts.gstatic.com/s/e/noto3demoji/latest/1f1f8_1f1ff/512.png,512,512,127563,85bb7daf103ce0248ebc15c5924792493b57122654f620c2f1dee854baa759b8
🇹🇦,Tristan Da Cunha Flag,Flags,1f1f9_1f1e6,Flags/tristan-da-cunha-flag__1f1f9_1f1e6.png,https://fonts.gstatic.com/s/e/noto3demoji/latest/1f1f9_1f1e6/512.png,512,512,162566,386eac0e45682620f30fee97a73fababbcadc4e65bda648426980550ed325548
🇹🇨,Turks Caicos Islands Flag,Flags,1f1f9_1f1e8,Flags/turks-caicos-islands-flag__1f1f9_1f1e8.png,https://fonts.gstatic.com/s/e/noto3demoji/latest/1f1f9_1f1e8/512.png,512,512,126331,937e03481a0c3ac9370187bfd7ee4eb04cab1584fe4175243b637137a5bd61cd
🇹🇩,Chad Flag,Flags,1f1f9_1f1e9,Flags/chad-flag__1f1f9_1f1e9.png,https://fonts.gstatic.com/s/e/noto3demoji/latest/1f1f9_1f1e9/512.png,512,512,83327,ccfdf2ef66920b97e9ab7aee57cb9f72416fb05cd5a9197dca0396ed59234b08
🇹🇫,French Southern Territories Flag,Flags,1f1f9_1f1eb,Flags/french-southern-territories-flag__1f1f9_1f1eb.png,https://fonts.gstatic.com/s/e/noto3demoji/latest/1f1f9_1f1eb/512.png,512,512,111212,36e0a98c25da33f44a936672f20761ce7034d54aec0f9e5f1689e69a8fdaad36
🇹🇬,Togo Flag,Flags,1f1f9_1f1ec,Flags/togo-flag__1f1f9_1f1ec.png,https://fonts.gstatic.com/s/e/noto3demoji/latest/1f1f9_1f1ec/512.png,512,512,100968,e125d7b072bdaed69fd9ba337a674872b28b2103acdbdfce37fbb75c1adb7740
🇹🇭,Thailand Flag,Flags,1f1f9_1f1ed,Flags/thailand-flag__1f1f9_1f1ed.png,https://fonts.gstatic.com/s/e/noto3demoji/latest/1f1f9_1f1ed/512.png,512,512,94845,773d8b5424fe37721bb1d1a1b49eac4b5527dd6bc5864f4e4c7e5eea3ad7ff6c
🇹🇯,Tajikistan Flag,Flags,1f1f9_1f1ef,Flags/tajikistan-flag__1f1f9_1f1ef.png,https://fonts.gstatic.com/s/e/noto3demoji/latest/1f1f9_1f1ef/512.png,512,512,97560,a01962954e533b381264fc5e287cb2e641be8d026f0cadfa3b0e10f835d7e62b
🇹🇰,Tokelau Flag,Flags,1f1f9_1f1f0,Flags/tokelau-flag__1f1f9_1f1f0.png,https://fonts.gstatic.com/s/e/noto3demoji/latest/1f1f9_1f1f0/512.png,512,512,107009,a502fd5fd08c8798b0c3d3d7bfebc1f8d6861e0c043a6281150eea7bcb358747
🇹🇱,Timor Leste Flag,Flags,1f1f9_1f1f1,Flags/timor-leste-flag__1f1f9_1f1f1.png,https://fonts.gstatic.com/s/e/noto3demoji/latest/1f1f9_1f1f1/512.png,512,512,94965,0f108616057aa5b9186ff9671e97942d004652071aed89752d755cfea39a3c1b
🇹🇲,Turkmenistan Flag,Flags,1f1f9_1f1f2,Flags/turkmenistan-flag__1f1f9_1f1f2.png,https://fonts.gstatic.com/s/e/noto3demoji/latest/1f1f9_1f1f2/512.png,512,512,147370,c768f1a637cf3a8089f4ee36ae077456021805ffae888af30f0d78e6e8c8ca9b
🇹🇳,Tunisia Flag,Flags,1f1f9_1f1f3,Flags/tunisia-flag__1f1f9_1f1f3.png,https://fonts.gstatic.com/s/e/noto3demoji/latest/1f1f9_1f1f3/512.png,512,512,67668,5ab611035103651db75f984bc27b31c82d2a303f986b1713e7e8bbea20ad266e
🇹🇴,Tonga Flag,Flags,1f1f9_1f1f4,Flags/tonga-flag__1f1f9_1f1f4.png,https://fonts.gstatic.com/s/e/noto3demoji/latest/1f1f9_1f1f4/512.png,512,512,71733,1999fb868ef324a6661d72fec2a65bd8104196c8d97fa5bf44d9a28f89e11afd
🇹🇷,Turkey Flag,Flags,1f1f9_1f1f7,Flags/turkey-flag__1f1f9_1f1f7.png,https://fonts.gstatic.com/s/e/noto3demoji/latest/1f1f9_1f1f7/512.png,512,512,64770,34d08c2ebb6a3ca8eed7c366e86895837e46ac7bb827403da4ed30b8f55ff756
🇹🇹,Trinidad Tobago Flag,Flags,1f1f9_1f1f9,Flags/trinidad-tobago-flag__1f1f9_1f1f9.png,https://fonts.gstatic.com/s/e/noto3demoji/latest/1f1f9_1f1f9/512.png,512,512,111205,e7de195bf665f6bb187a8bbacf9478f3474bcecfe10fded0f62ae51a0922f636
🇹🇻,Tuvalu Flag,Flags,1f1f9_1f1fb,Flags/tuvalu-flag__1f1f9_1f1fb.png,https://fonts.gstatic.com/s/e/noto3demoji/latest/1f1f9_1f1fb/512.png,512,512,128453,40afbb3785af438b87ac33b12170f2fd36ac518928397173473d803908f360e7
🇹🇼,Taiwan Flag,Flags,1f1f9_1f1fc,Flags/taiwan-flag__1f1f9_1f1fc.png,https://fonts.gstatic.com/s/e/noto3demoji/latest/1f1f9_1f1fc/512.png,512,512,62954,273bf792196981371598c49d8aa1e315f9a1602a7e14b4c5cbb264b4635253d2
🇹🇿,Tanzania Flag,Flags,1f1f9_1f1ff,Flags/tanzania-flag__1f1f9_1f1ff.png,https://fonts.gstatic.com/s/e/noto3demoji/latest/1f1f9_1f1ff/512.png,512,512,105890,b88fcebed3a856a8e0d3d2cd8edb702349ea3dc7b36394f33adf9c121a1526ee
🇺🇦,Ukraine Flag,Flags,1f1fa_1f1e6,Flags/ukraine-flag__1f1fa_1f1e6.png,https://fonts.gstatic.com/s/e/noto3demoji/latest/1f1fa_1f1e6/512.png,512,512,78849,a7b35e11289eaaa918b95e17c7458cf88ae4ffd53210bf20f3ff2d6105d6634e
🇺🇬,Uganda Flag,Flags,1f1fa_1f1ec,Flags/uganda-flag__1f1fa_1f1ec.png,https://fonts.gstatic.com/s/e/noto3demoji/latest/1f1fa_1f1ec/512.png,512,512,96197,3d5cde2b37749bbec278f2ba7ae17f58d21d46a9a69b86b9ab71973689a85a38
🇺🇲,Us Outlying Islands Flag,Flags,1f1fa_1f1f2,Flags/us-outlying-islands-flag__1f1fa_1f1f2.png,https://fonts.gstatic.com/s/e/noto3demoji/latest/1f1fa_1f1f2/512.png,512,512,142940,91f685e60a05c253c9bb0fd57fd718a6ecd70daae384a1a5e3616d5e4c77a5cd
🇺🇳,United Nations Flag,Flags,1f1fa_1f1f3,Flags/united-nations-flag__1f1fa_1f1f3.png,https://fonts.gstatic.com/s/e/noto3demoji/latest/1f1fa_1f1f3/512.png,512,512,121083,cea51aef00a6937e70fd8b064fa83badf2c4ce294c43a55ee21345887ed8f0b4
🇺🇸,United States Flag,Flags,1f1fa_1f1f8,Flags/united-states-flag__1f1fa_1f1f8.png,https://fonts.gstatic.com/s/e/noto3demoji/latest/1f1fa_1f1f8/512.png,512,512,142768,5e0940dcf18e5b4625d5ba0f3b0f00415e3106f9fac6165937e6cd6bf86a212f
🇺🇾,Uruguay Flag,Flags,1f1fa_1f1fe,Flags/uruguay-flag__1f1fa_1f1fe.png,https://fonts.gstatic.com/s/e/noto3demoji/latest/1f1fa_1f1fe/512.png,512,512,126053,ec65f8278f5f2982d5a17249c6e76a9ae350602bb880349fbdab924d00adddf8
🇺🇿,Uzbekistan Flag,Flags,1f1fa_1f1ff,Flags/uzbekistan-flag__1f1fa_1f1ff.png,https://fonts.gstatic.com/s/e/noto3demoji/latest/1f1fa_1f1ff/512.png,512,512,107384,ff0768b125ea6327f7f060a58957d63305c8c4b63487650316487a15677edbb8
🇻🇦,Vatican City Flag,Flags,1f1fb_1f1e6,Flags/vatican-city-flag__1f1fb_1f1e6.png,https://fonts.gstatic.com/s/e/noto3demoji/latest/1f1fb_1f1e6/512.png,512,512,151932,9fd2d28b2823009a994accae67e91f16707ee5854fa07637ff0038e7c64bfe95
🇻🇨,St Vincent Grenadines Flag,Flags,1f1fb_1f1e8,Flags/st-vincent-grenadines-flag__1f1fb_1f1e8.png,https://fonts.gstatic.com/s/e/noto3demoji/latest/1f1fb_1f1e8/512.png,512,512,86981,e4d5870f7bdfdd242357c1c31db189128eead0b992657fa2f4fadc163b726a9e
🇻🇪,Venezuela Flag,Flags,1f1fb_1f1ea,Flags/venezuela-flag__1f1fb_1f1ea.png,https://fonts.gstatic.com/s/e/noto3demoji/latest/1f1fb_1f1ea/512.png,512,512,96336,6d29bfedae8ba830e590c53be87f3b3eb539f7919d2329f2d14536a924698e77
🇻🇬,British Virgin Islands Flag,Flags,1f1fb_1f1ec,Flags/british-virgin-islands-flag__1f1fb_1f1ec.png,https://fonts.gstatic.com/s/e/noto3demoji/latest/1f1fb_1f1ec/512.png,512,512,145087,767089481af2244a32102db20e5ed1244057d829bc6f674a9da2f78432b40f9c
🇻🇮,Us Virgin Islands Flag,Flags,1f1fb_1f1ee,Flags/us-virgin-islands-flag__1f1fb_1f1ee.png,https://fonts.gstatic.com/s/e/noto3demoji/latest/1f1fb_1f1ee/512.png,512,512,158150,5f19b6c3494e4be6d97edbcd956bb9bacefbec4bb53cc3949dea969043987a6c
🇻🇳,Vietnam Flag,Flags,1f1fb_1f1f3,Flags/vietnam-flag__1f1fb_1f1f3.png,https://fonts.gstatic.com/s/e/noto3demoji/latest/1f1fb_1f1f3/512.png,512,512,87903,6780ceba7ca04af7e3515e459184f4f9f07e0c09941acc2766a76f6ea6ff12c5
🇻🇺,Vanuatu Flag,Flags,1f1fb_1f1fa,Flags/vanuatu-flag__1f1fb_1f1fa.png,https://fonts.gstatic.com/s/e/noto3demoji/latest/1f1fb_1f1fa/512.png,512,512,114920,9ad1fb36d5cede913d2377217919518159e26ce2c68ed7b47f341c51ec6cea2f
🇼🇫,Wallis Futuna Flag,Flags,1f1fc_1f1eb,Flags/wallis-futuna-flag__1f1fc_1f1eb.png,https://fonts.gstatic.com/s/e/noto3demoji/latest/1f1fc_1f1eb/512.png,512,512,93919,297fb05b67bbd8116a91e2689505e0d7c205c1609a4cae535f3888baf1e22574
🇼🇸,Samoa Flag,Flags,1f1fc_1f1f8,Flags/samoa-flag__1f1fc_1f1f8.png,https://fonts.gstatic.com/s/e/noto3demoji/latest/1f1fc_1f1f8/512.png,512,512,92901,e89dc58c75990b1a337543c311cc75317077cb677b159e54a7aff34a7ee4802a
🇽🇰,Kosovo Flag,Flags,1f1fd_1f1f0,Flags/kosovo-flag__1f1fd_1f1f0.png,https://fonts.gstatic.com/s/e/noto3demoji/latest/1f1fd_1f1f0/512.png,512,512,111045,d98d68459a0309593b5c374b7ea4dcaf011b9a58a48fce92de2f9afb0aed1904
🇾🇪,Yemen Flag,Flags,1f1fe_1f1ea,Flags/yemen-flag__1f1fe_1f1ea.png,https://fonts.gstatic.com/s/e/noto3demoji/latest/1f1fe_1f1ea/512.png,512,512,92101,cb0fc1a181ff3b771f90acce1b6056bf54e55d10f21858bcf21bde00ce9f708e
🇾🇹,Mayotte Flag,Flags,1f1fe_1f1f9,Flags/mayotte-flag__1f1fe_1f1f9.png,https://fonts.gstatic.com/s/e/noto3demoji/latest/1f1fe_1f1f9/512.png,512,512,147192,a28b73197bd01b650c6300d202ede49daa7bda89ca947de5819813867632285b
🇿🇦,South Africa Flag,Flags,1f1ff_1f1e6,Flags/south-africa-flag__1f1ff_1f1e6.png,https://fonts.gstatic.com/s/e/noto3demoji/latest/1f1ff_1f1e6/512.png,512,512,117796,f4b2cea97db8672e01b14144431a1bfcf2ff975c2b5ad47b67a4e1bddf12adfa
🇿🇲,Zambia Flag,Flags,1f1ff_1f1f2,Flags/zambia-flag__1f1ff_1f1f2.png,https://fonts.gstatic.com/s/e/noto3demoji/latest/1f1ff_1f1f2/512.png,512,512,104442,3b6c6e48a38b1dc401390bcf55d39810e4656830d5c6476fb092c59dc65f6935
🇿🇼,Zimbabwe Flag,Flags,1f1ff_1f1fc,Flags/zimbabwe-flag__1f1ff_1f1fc.png,https://fonts.gstatic.com/s/e/noto3demoji/latest/1f1ff_1f1fc/512.png,512,512,108057,d8b30d0eaffdcc01d79a8565fddb9b37e96a57e10383263afdbfe1794c82b3be
🏴󠁧󠁢󠁥󠁮󠁧󠁿,England Flag,Flags,1f3f4_e0067_e0062_e0065_e006e_e0067_e007f,Flags/england-flag__1f3f4_e0067_e0062_e0065_e006e_e0067_e007f.png,https://fonts.gstatic.com/s/e/noto3demoji/latest/1f3f4_e0067_e0062_e0065_e006e_e0067_e007f/512.png,512,512,103590,d80a88869fcebe8fcfa9d66546f586d1223573614696393a8765c5c835688ff8
🏴󠁧󠁢󠁳󠁣󠁴󠁿,Scotland Flag,Flags,1f3f4_e0067_e0062_e0073_e0063_e0074_e007f,Flags/scotland-flag__1f3f4_e0067_e0062_e0073_e0063_e0074_e007f.png,https://fonts.gstatic.com/s/e/noto3demoji/latest/1f3f4_e0067_e0062_e0073_e0063_e0074_e007f/512.png,512,512,116158,2e3871db872de9fd6a26ecbd5af8d90de3b7632d5f4a1da85f2d8220cc8bf9aa
🏴󠁧󠁢󠁷󠁬󠁳󠁿,Wales Flag,Flags,1f3f4_e0067_e0062_e0077_e006c_e0073_e007f,Flags/wales-flag__1f3f4_e0067_e0062_e0077_e006c_e0073_e007f.png,https://fonts.gstatic.com/s/e/noto3demoji/latest/1f3f4_e0067_e0062_e0077_e006c_e0073_e007f/512.png,512,512,155698,3342ff0e8bd7ea28747bc0afc80df23a02c9434bf8cc3663600eac45a9f50f8d
🇦,Regional Indicator Symbol Letter A,Flags,1f1e6,Flags/regional-indicator-symbol-letter-a__1f1e6.png,https://fonts.gstatic.com/s/e/noto3demoji/latest/1f1e6/512.png,512,512,73219,3976a08863d3ae52a9d07b94331b58ff17ea6d9a02829c66f97dd80551c121db
🇧,Regional Indicator Symbol Letter B,Flags,1f1e7,Flags/regional-indicator-symbol-letter-b__1f1e7.png,https://fonts.gstatic.com/s/e/noto3demoji/latest/1f1e7/512.png,512,512,97921,acb8e3ce369f1eb824d84830af4abafc020c4789f90d4e89465f547969b86fb5
🇨,Regional Indicator Symbol Letter C,Flags,1f1e8,Flags/regional-indicator-symbol-letter-c__1f1e8.png,https://fonts.gstatic.com/s/e/noto3demoji/latest/1f1e8/512.png,512,512,74168,ac2a6980df1ab5c557646399e3ee0247dd0ee4956dd18150052aceda94a95d4d
🇩,Regional Indicator Symbol Letter D,Flags,1f1e9,Flags/regional-indicator-symbol-letter-d__1f1e9.png,https://fonts.gstatic.com/s/e/noto3demoji/latest/1f1e9/512.png,512,512,73497,2b66f2840729a934ef8c5127edfbd019d776efc0866b4f2fe2d63843bdbaa991
🇪,Regional Indicator Symbol Letter E,Flags,1f1ea,Flags/regional-indicator-symbol-letter-e__1f1ea.png,https://fonts.gstatic.com/s/e/noto3demoji/latest/1f1ea/512.png,512,512,59371,acd9a5112c4e748e12c857165b32680de0bd78f7e62a5e0cda1020bacf575659
🇫,Regional Indicator Symbol Letter F,Flags,1f1eb,Flags/regional-indicator-symbol-letter-f__1f1eb.png,https://fonts.gstatic.com/s/e/noto3demoji/latest/1f1eb/512.png,512,512,48518,ab19a4eedb4f90c583ee7119782e4874b5ec5e9fdef1414ed472cd83d2339ae2
🇬,Regional Indicator Symbol Letter G,Flags,1f1ec,Flags/regional-indicator-symbol-letter-g__1f1ec.png,https://fonts.gstatic.com/s/e/noto3demoji/latest/1f1ec/512.png,512,512,92674,2c71a9cce6a96ff04e5669f612b3079171d4b00467065237a2db9c960d87d6e8
🇭,Regional Indicator Symbol Letter H,Flags,1f1ed,Flags/regional-indicator-symbol-letter-h__1f1ed.png,https://fonts.gstatic.com/s/e/noto3demoji/latest/1f1ed/512.png,512,512,57571,78ab1e2c5d0b75248dc17421ad6ab9efeca2497d4eabb03a842ad426be245486
🇮,Regional Indicator Symbol Letter I,Flags,1f1ee,Flags/regional-indicator-symbol-letter-i__1f1ee.png,https://fonts.gstatic.com/s/e/noto3demoji/latest/1f1ee/512.png,512,512,29789,b17377d91e474d7211344de43b60dd488a8dc9e9be6209373f832cd3fbfa815d
🇯,Regional Indicator Symbol Letter J,Flags,1f1ef,Flags/regional-indicator-symbol-letter-j__1f1ef.png,https://fonts.gstatic.com/s/e/noto3demoji/latest/1f1ef/512.png,512,512,56529,46b0f81c195d00c0c0695dab34dc95660b432df4b5494ad294d12a0c524f8ea7
󾠫,Special Emoji (U+FE82B),Flags,fe82b,Flags/special-emoji-u-fe82b__fe82b.png,https://fonts.gstatic.com/s/e/noto3demoji/latest/fe82b/512.png,512,512,105924,e43d85f792a5adabbb65dbc2ea3b3f712f09c41ed2c95ba10b97342ddde3988c
